{"1070": 0.0010605430868044627, "banzhang": 0.0015090314568461506}