{"workers": {"1070": 0.000231750082401302, "banzhang": 0.0, "syl": 0.0}, "sum": 0.000231750082401302}