{"1070": 0.0009997879337189596, "syl": 0.0007809502314886294}