{"workers": {"1070": 0.0006855686013838266, "syl": 0.0006944146478532954}, "sum": 0.001379983249237122}