{"1070": 0.0009711129380887177, "banzhang": 0.0014038915300630375}