{"1070": 0.0003078489822506829, "banzhang": 0.001334012256419626}