{"workers": {"1070": 0.0011956363550230888, "banzhang": 0.003675066584333642, "pan": 0.00010468705412644558, "syl": 0.0006446518596207437}, "sum": 0.00562004185310392}