{"workers": {"1070": 0.0006230999187703939, "syl": 0.000689860624352936}, "sum": 0.00131296054312333}