{"1070": 0.0010478212514249657, "banzhang": 0.0015059139593343726}