{"1070": 0.0006074037162585176, "syl": 0.0003313111179591914}