{"1070": 0.001047764817618918, "banzhang": 0.0015058328534623643}