{"workers": {"1070": 0.001074292390295075, "banzhang": 0.0035415667794895054, "putien": 0.002230827260229964, "syl": 0.000776163401600748}, "sum": 0.007622849831615292}