{"workers": {"1070": 0.0010355725478836146, "banzhang": 0.0015863088574399004, "syl": 0.0004989576821621052}, "sum": 0.0031208390874856197}