{"workers": {"1070": 0.0007336996378146704, "syl": 0.00045539977519531267}, "sum": 0.001189099413009983}