{"1070": 0.0010620924931782657, "banzhang": 0.0014319754510015421}