{"1070": 0.0010489655367898682, "banzhang": 0.0015151724420298096}