{"workers": {"1070": 0.0009745581857367657, "banzhang": 0.0029544500788651422, "syl": 0.0007899050558076942}, "sum": 0.0047189133204096016}