{"1070": 0.0006781683369022145, "syl": 0.0006530509910910214}