{"1070": 0.0002969467943016379, "banzhang": 0.0013428301937003272}