{"1070": 0.0005662310017846021, "banzhang": 0.0027376994066867165}