{"workers": {"1070": 0.0007078509277713765, "syl": 0.0006990027911742344}, "sum": 0.001406853718945611}