{"1070": 0.017497346615590218, "banzhang": 0.03402423329205334, "putien": 0.0025688795844457752, "syl": 0.008856397908707313, "prot": 6.577812968500706e-05, "pan": 0.00010468705412644558}