{"1070": 0.020117532484225403, "banzhang": 0.034410248543026, "putien": 0.009118421477958842, "syl": 0.011373048538604469, "prot": 6.577812968500706e-05, "pan": 0.00010468705412644558, "niu": 2.5387679619233306e-05}