{"1070": 0.015371850422596665, "banzhang": 0.02775046279629906, "syl": 0.007473592665020658, "prot": 6.577812968500706e-05, "pan": 0.00010468705412644558}