{"1070": 0.018733903944977186, "banzhang": 0.034410248543026, "putien": 0.005735513168696004, "syl": 0.009602257885162946, "prot": 6.577812968500706e-05, "pan": 0.00010468705412644558}