{"1070": 0.013116404990866363, "banzhang": 0.02165450197063027, "syl": 0.005539254852291043, "prot": 6.577812968500706e-05, "pan": 0.00010468705412644558}