{"1070": 0.016423054225295147, "banzhang": 0.030482666512563834, "syl": 0.008080234507106565, "putien": 0.0003380523242158108, "prot": 6.577812968500706e-05, "pan": 0.00010468705412644558}