{"1070": 0.013053936308252929, "banzhang": 0.02165450197063027, "syl": 0.005534700828790684, "prot": 6.577812968500706e-05, "pan": 0.00010468705412644558}