{"1070": 0.013479017744166419, "banzhang": 0.022637471377466117, "syl": 0.006119207185132987, "prot": 6.577812968500706e-05, "pan": 0.00010468705412644558}