{
    "Total": 0.007345130730381909,
    "workers": {
        "lee": {
            "valid": 378,
            "stale": 6,
            "reject": 0,
            "portion": 0.08961593172119488,
            "outcome": 0.0006582407340171554,
            "stale_rate": 0.015873015873015872,
            "reject_rate": 0.0
        },
        "lsy_2": {
            "valid": 562,
            "stale": 12,
            "reject": 0,
            "portion": 0.13323850165955428,
            "outcome": 0.0009786542130096332,
            "stale_rate": 0.021352313167259787,
            "reject_rate": 0.0
        },
        "lsy_3": {
            "valid": 543,
            "stale": 17,
            "reject": 0,
            "portion": 0.1287339971550498,
            "outcome": 0.0009455680385484534,
            "stale_rate": 0.03130755064456722,
            "reject_rate": 0.0
        },
        "master": {
            "valid": 539,
            "stale": 12,
            "reject": 0,
            "portion": 0.12778568041725935,
            "outcome": 0.0009386025281355733,
            "stale_rate": 0.022263450834879406,
            "reject_rate": 0.0
        },
        "prol": {
            "valid": 403,
            "stale": 6,
            "reject": 0,
            "portion": 0.09554291133238502,
            "outcome": 0.0007017751740976551,
            "stale_rate": 0.01488833746898263,
            "reject_rate": 0.0
        },
        "prol2": {
            "valid": 394,
            "stale": 7,
            "reject": 0,
            "portion": 0.09340919867235657,
            "outcome": 0.0006861027756686752,
            "stale_rate": 0.017766497461928935,
            "reject_rate": 0.0
        },
        "putien": {
            "valid": 457,
            "stale": 13,
            "reject": 0,
            "portion": 0.10834518729255571,
            "outcome": 0.0007958095646715344,
            "stale_rate": 0.028446389496717725,
            "reject_rate": 0.0
        },
        "yyl": {
            "valid": 377,
            "stale": 6,
            "reject": 0,
            "portion": 0.08937885253674728,
            "outcome": 0.0006564993564139354,
            "stale_rate": 0.015915119363395226,
            "reject_rate": 0.0
        },
        "zaiton": {
            "valid": 565,
            "stale": 4,
            "reject": 0,
            "portion": 0.1339497392128971,
            "outcome": 0.000983878345819293,
            "stale_rate": 0.007079646017699115,
            "reject_rate": 0.0
        }
    }
}