{
    "Total": 0.004758027284057262,
    "workers": {
        "lsy": {
            "valid": 270,
            "stale": 6,
            "reject": 0,
            "portion": 0.07407407407407407,
            "outcome": 0.00035244646548572307,
            "stale_rate": 0.022222222222222223,
            "reject_rate": 0.0
        },
        "lsy_2": {
            "valid": 509,
            "stale": 8,
            "reject": 0,
            "portion": 0.13964334705075446,
            "outcome": 0.0006644268553045668,
            "stale_rate": 0.015717092337917484,
            "reject_rate": 0.0
        },
        "lsy_3": {
            "valid": 559,
            "stale": 5,
            "reject": 0,
            "portion": 0.153360768175583,
            "outcome": 0.0007296947192834046,
            "stale_rate": 0.008944543828264758,
            "reject_rate": 0.0
        },
        "master": {
            "valid": 400,
            "stale": 44,
            "reject": 0,
            "portion": 0.10973936899862825,
            "outcome": 0.0005221429118307009,
            "stale_rate": 0.11,
            "reject_rate": 0.0
        },
        "niu": {
            "valid": 433,
            "stale": 41,
            "reject": 0,
            "portion": 0.11879286694101508,
            "outcome": 0.0005652197020567337,
            "stale_rate": 0.09468822170900693,
            "reject_rate": 0.0
        },
        "prol": {
            "valid": 500,
            "stale": 11,
            "reject": 0,
            "portion": 0.13717421124828533,
            "outcome": 0.0006526786397883761,
            "stale_rate": 0.022,
            "reject_rate": 0.0
        },
        "putien": {
            "valid": 434,
            "stale": 15,
            "reject": 0,
            "portion": 0.11906721536351166,
            "outcome": 0.0005665250593363104,
            "stale_rate": 0.03456221198156682,
            "reject_rate": 0.0
        },
        "zaiton": {
            "valid": 540,
            "stale": 8,
            "reject": 0,
            "portion": 0.14814814814814814,
            "outcome": 0.0007048929309714461,
            "stale_rate": 0.014814814814814815,
            "reject_rate": 0.0
        }
    }
}