{
    "Total": 0.000638178348307265,
    "workers": {
        "putien": {
            "valid": 475,
            "stale": 11,
            "reject": 0,
            "portion": 0.5129589632829373,
            "outcome": 0.00032735930393731194,
            "stale_rate": 0.023157894736842106,
            "reject_rate": 0.0
        },
        "zaiton": {
            "valid": 451,
            "stale": 13,
            "reject": 0,
            "portion": 0.4870410367170626,
            "outcome": 0.000310819044369953,
            "stale_rate": 0.028824833702882482,
            "reject_rate": 0.0
        }
    }
}