{
    "Total": 0.0027459509435955928,
    "workers": {
        "1070": {
            "valid": 239,
            "stale": 2,
            "reject": 0,
            "portion": 0.0660768592756428,
            "outcome": 0.00018144381407778456,
            "stale_rate": 0.008368200836820083,
            "reject_rate": 0.0
        },
        "lsy_2": {
            "valid": 538,
            "stale": 9,
            "reject": 0,
            "portion": 0.1487420514238319,
            "outcome": 0.0004084383764596154,
            "stale_rate": 0.016728624535315983,
            "reject_rate": 0.0
        },
        "lsy_3": {
            "valid": 497,
            "stale": 9,
            "reject": 0,
            "portion": 0.13740669062759192,
            "outcome": 0.00037731203178518373,
            "stale_rate": 0.018108651911468814,
            "reject_rate": 0.0
        },
        "master": {
            "valid": 433,
            "stale": 13,
            "reject": 0,
            "portion": 0.11971246889687587,
            "outcome": 0.00032872456692753434,
            "stale_rate": 0.03002309468822171,
            "reject_rate": 0.0
        },
        "prol": {
            "valid": 511,
            "stale": 4,
            "reject": 0,
            "portion": 0.14127730163118607,
            "outcome": 0.0003879405397227946,
            "stale_rate": 0.007827788649706457,
            "reject_rate": 0.0
        },
        "prol2": {
            "valid": 513,
            "stale": 7,
            "reject": 0,
            "portion": 0.14183024606027095,
            "outcome": 0.0003894588979995961,
            "stale_rate": 0.01364522417153996,
            "reject_rate": 0.0
        },
        "putien": {
            "valid": 441,
            "stale": 5,
            "reject": 0,
            "portion": 0.12192424661321537,
            "outcome": 0.00033479800003474047,
            "stale_rate": 0.011337868480725623,
            "reject_rate": 0.0
        },
        "zaiton": {
            "valid": 445,
            "stale": 11,
            "reject": 0,
            "portion": 0.12303013547138512,
            "outcome": 0.0003378347165883436,
            "stale_rate": 0.024719101123595506,
            "reject_rate": 0.0
        }
    }
}