{
    "Total": 0.0011294523644810996,
    "workers": {
        "1070": {
            "valid": 246,
            "stale": 0,
            "reject": 0,
            "portion": 0.1672331747110809,
            "outcome": 0.00018888190459711115,
            "stale_rate": 0.0,
            "reject_rate": 0.0
        },
        "lsy_2": {
            "valid": 482,
            "stale": 9,
            "reject": 0,
            "portion": 0.32766825288919105,
            "outcome": 0.0003700856829910877,
            "stale_rate": 0.01867219917012448,
            "reject_rate": 0.0
        },
        "lsy_3": {
            "valid": 137,
            "stale": 0,
            "reject": 0,
            "portion": 0.09313392250169952,
            "outcome": 0.00010519032898294401,
            "stale_rate": 0.0,
            "reject_rate": 0.0
        },
        "putien": {
            "valid": 154,
            "stale": 2,
            "reject": 0,
            "portion": 0.10469068660774983,
            "outcome": 0.00011824314352827283,
            "stale_rate": 0.012987012987012988,
            "reject_rate": 0.0
        },
        "zaiton": {
            "valid": 452,
            "stale": 6,
            "reject": 0,
            "portion": 0.30727396329027873,
            "outcome": 0.0003470513043816839,
            "stale_rate": 0.01327433628318584,
            "reject_rate": 0.0
        }
    }
}