{
    "Total": 0.011882033858370035,
    "workers": {
        "banzhang": {
            "valid": 573,
            "stale": 6,
            "reject": 0,
            "portion": 0.09518272425249169,
            "outcome": 0.0011309643523000049,
            "stale_rate": 0.010471204188481676,
            "reject_rate": 0.0
        },
        "lsy": {
            "valid": 317,
            "stale": 2,
            "reject": 0,
            "portion": 0.0526578073089701,
            "outcome": 0.0006256818493527079,
            "stale_rate": 0.006309148264984227,
            "reject_rate": 0.0
        },
        "lsy_2": {
            "valid": 546,
            "stale": 6,
            "reject": 0,
            "portion": 0.09069767441860466,
            "outcome": 0.0010776728383172824,
            "stale_rate": 0.01098901098901099,
            "reject_rate": 0.0
        },
        "lsy_3": {
            "valid": 535,
            "stale": 13,
            "reject": 0,
            "portion": 0.0888704318936877,
            "outcome": 0.0010559614807687655,
            "stale_rate": 0.024299065420560748,
            "reject_rate": 0.0
        },
        "master": {
            "valid": 472,
            "stale": 17,
            "reject": 0,
            "portion": 0.07840531561461794,
            "outcome": 0.0009316146148090792,
            "stale_rate": 0.036016949152542374,
            "reject_rate": 0.0
        },
        "niu": {
            "valid": 527,
            "stale": 8,
            "reject": 0,
            "portion": 0.08754152823920265,
            "outcome": 0.0010401714025516625,
            "stale_rate": 0.015180265654648957,
            "reject_rate": 0.0
        },
        "prol": {
            "valid": 527,
            "stale": 9,
            "reject": 0,
            "portion": 0.08754152823920265,
            "outcome": 0.0010401714025516625,
            "stale_rate": 0.017077798861480076,
            "reject_rate": 0.0
        },
        "prol2": {
            "valid": 523,
            "stale": 7,
            "reject": 0,
            "portion": 0.08687707641196013,
            "outcome": 0.001032276363443111,
            "stale_rate": 0.01338432122370937,
            "reject_rate": 0.0
        },
        "prot": {
            "valid": 783,
            "stale": 11,
            "reject": 0,
            "portion": 0.13006644518272426,
            "outcome": 0.0015454539054989597,
            "stale_rate": 0.0140485312899106,
            "reject_rate": 0.0
        },
        "putien": {
            "valid": 444,
            "stale": 3,
            "reject": 0,
            "portion": 0.07375415282392027,
            "outcome": 0.0008763493410492186,
            "stale_rate": 0.006756756756756757,
            "reject_rate": 0.0
        },
        "yyl": {
            "valid": 232,
            "stale": 5,
            "reject": 0,
            "portion": 0.038538205980066444,
            "outcome": 0.00045791226829598806,
            "stale_rate": 0.021551724137931036,
            "reject_rate": 0.0
        },
        "zaiton": {
            "valid": 541,
            "stale": 5,
            "reject": 0,
            "portion": 0.0898671096345515,
            "outcome": 0.0010678040394315929,
            "stale_rate": 0.009242144177449169,
            "reject_rate": 0.0
        }
    }
}