{
    "Total": 0.0029584575785948425,
    "workers": {
        "lsy": {
            "valid": 303,
            "stale": 1,
            "reject": 0,
            "portion": 0.09834469328140215,
            "outcome": 0.0002909486031529495,
            "stale_rate": 0.0033003300330033004,
            "reject_rate": 0.0
        },
        "lsy_3": {
            "valid": 538,
            "stale": 7,
            "reject": 0,
            "portion": 0.17461863031483285,
            "outcome": 0.0005166018102187684,
            "stale_rate": 0.013011152416356878,
            "reject_rate": 0.0
        },
        "niu": {
            "valid": 427,
            "stale": 19,
            "reject": 0,
            "portion": 0.1385913664394677,
            "outcome": 0.0004100166783706581,
            "stale_rate": 0.04449648711943794,
            "reject_rate": 0.0
        },
        "prol": {
            "valid": 412,
            "stale": 17,
            "reject": 0,
            "portion": 0.13372281726712107,
            "outcome": 0.0003956132821749676,
            "stale_rate": 0.0412621359223301,
            "reject_rate": 0.0
        },
        "prol2": {
            "valid": 479,
            "stale": 45,
            "reject": 0,
            "portion": 0.15546900357026938,
            "outcome": 0.00045994845184905205,
            "stale_rate": 0.09394572025052192,
            "reject_rate": 0.0
        },
        "putien": {
            "valid": 448,
            "stale": 3,
            "reject": 0,
            "portion": 0.145407335280753,
            "outcome": 0.0004301814330446249,
            "stale_rate": 0.006696428571428571,
            "reject_rate": 0.0
        },
        "zaiton": {
            "valid": 474,
            "stale": 7,
            "reject": 0,
            "portion": 0.15384615384615385,
            "outcome": 0.00045514731978382197,
            "stale_rate": 0.014767932489451477,
            "reject_rate": 0.0
        }
    }
}