{
    "Total": 0.0009634399018103248,
    "workers": {
        "lsy_2": {
            "valid": 462,
            "stale": 9,
            "reject": 0,
            "portion": 0.32535211267605635,
            "outcome": 0.0003134572074904015,
            "stale_rate": 0.01948051948051948,
            "reject_rate": 0.0
        },
        "putien": {
            "valid": 489,
            "stale": 3,
            "reject": 0,
            "portion": 0.3443661971830986,
            "outcome": 0.00033177613520087945,
            "stale_rate": 0.006134969325153374,
            "reject_rate": 0.0
        },
        "zaiton": {
            "valid": 469,
            "stale": 12,
            "reject": 0,
            "portion": 0.3302816901408451,
            "outcome": 0.0003182065591190439,
            "stale_rate": 0.0255863539445629,
            "reject_rate": 0.0
        }
    }
}