{
    "Total": 0.004396494490700372,
    "workers": {
        "lee": {
            "valid": 484,
            "stale": 9,
            "reject": 0,
            "portion": 0.10498915401301519,
            "outcome": 0.0004615842372015141,
            "stale_rate": 0.01859504132231405,
            "reject_rate": 0.0
        },
        "lsy": {
            "valid": 302,
            "stale": 8,
            "reject": 0,
            "portion": 0.06550976138828633,
            "outcome": 0.0002880133050306968,
            "stale_rate": 0.026490066225165563,
            "reject_rate": 0.0
        },
        "lsy_2": {
            "valid": 468,
            "stale": 11,
            "reject": 0,
            "portion": 0.10151843817787419,
            "outcome": 0.00044632525415353016,
            "stale_rate": 0.023504273504273504,
            "reject_rate": 0.0
        },
        "lsy_3": {
            "valid": 543,
            "stale": 9,
            "reject": 0,
            "portion": 0.11778741865509762,
            "outcome": 0.0005178517371909549,
            "stale_rate": 0.016574585635359115,
            "reject_rate": 0.0
        },
        "niu": {
            "valid": 420,
            "stale": 54,
            "reject": 0,
            "portion": 0.0911062906724512,
            "outcome": 0.0004005483050095784,
            "stale_rate": 0.12857142857142856,
            "reject_rate": 0.0
        },
        "prol": {
            "valid": 526,
            "stale": 6,
            "reject": 0,
            "portion": 0.11409978308026031,
            "outcome": 0.0005016390677024719,
            "stale_rate": 0.011406844106463879,
            "reject_rate": 0.0
        },
        "prol2": {
            "valid": 542,
            "stale": 12,
            "reject": 0,
            "portion": 0.1175704989154013,
            "outcome": 0.0005168980507504558,
            "stale_rate": 0.02214022140221402,
            "reject_rate": 0.0
        },
        "putien": {
            "valid": 432,
            "stale": 13,
            "reject": 0,
            "portion": 0.09370932754880694,
            "outcome": 0.0004119925422955663,
            "stale_rate": 0.03009259259259259,
            "reject_rate": 0.0
        },
        "yyl": {
            "valid": 436,
            "stale": 4,
            "reject": 0,
            "portion": 0.0945770065075922,
            "outcome": 0.0004158072880575623,
            "stale_rate": 0.009174311926605505,
            "reject_rate": 0.0
        },
        "zaiton": {
            "valid": 457,
            "stale": 13,
            "reject": 0,
            "portion": 0.09913232104121475,
            "outcome": 0.00043583470330804116,
            "stale_rate": 0.028446389496717725,
            "reject_rate": 0.0
        }
    }
}