{
    "Total": 0.004799514550314838,
    "workers": {
        "lee": {
            "valid": 520,
            "stale": 10,
            "reject": 0,
            "portion": 0.1102863202545069,
            "outcome": 0.0005293207987621879,
            "stale_rate": 0.019230769230769232,
            "reject_rate": 0.0
        },
        "lsy": {
            "valid": 310,
            "stale": 3,
            "reject": 0,
            "portion": 0.06574761399787911,
            "outcome": 0.00031555663003130435,
            "stale_rate": 0.00967741935483871,
            "reject_rate": 0.0
        },
        "lsy_2": {
            "valid": 491,
            "stale": 8,
            "reject": 0,
            "portion": 0.10413573700954401,
            "outcome": 0.0004998009849850658,
            "stale_rate": 0.016293279022403257,
            "reject_rate": 0.0
        },
        "lsy_3": {
            "valid": 538,
            "stale": 14,
            "reject": 0,
            "portion": 0.11410392364793213,
            "outcome": 0.0005476434417962636,
            "stale_rate": 0.026022304832713755,
            "reject_rate": 0.0
        },
        "niu": {
            "valid": 407,
            "stale": 93,
            "reject": 0,
            "portion": 0.0863202545068929,
            "outcome": 0.0004142953174927125,
            "stale_rate": 0.2285012285012285,
            "reject_rate": 0.0
        },
        "prol": {
            "valid": 554,
            "stale": 10,
            "reject": 0,
            "portion": 0.11749734888653235,
            "outcome": 0.000563930235604331,
            "stale_rate": 0.018050541516245487,
            "reject_rate": 0.0
        },
        "prol2": {
            "valid": 494,
            "stale": 14,
            "reject": 0,
            "portion": 0.10477200424178156,
            "outcome": 0.0005028547588240785,
            "stale_rate": 0.02834008097165992,
            "reject_rate": 0.0
        },
        "putien": {
            "valid": 484,
            "stale": 17,
            "reject": 0,
            "portion": 0.10265111346765642,
            "outcome": 0.0004926755126940365,
            "stale_rate": 0.03512396694214876,
            "reject_rate": 0.0
        },
        "yyl": {
            "valid": 442,
            "stale": 7,
            "reject": 0,
            "portion": 0.09374337221633086,
            "outcome": 0.00044992267894785975,
            "stale_rate": 0.01583710407239819,
            "reject_rate": 0.0
        },
        "zaiton": {
            "valid": 475,
            "stale": 9,
            "reject": 0,
            "portion": 0.1007423117709438,
            "outcome": 0.00048351419117699854,
            "stale_rate": 0.018947368421052633,
            "reject_rate": 0.0
        }
    }
}