{
    "Total": 0.006715422367071854,
    "workers": {
        "1070": {
            "valid": 259,
            "stale": 2,
            "reject": 0,
            "portion": 0.05311730926989335,
            "outcome": 0.00035670516674971497,
            "stale_rate": 0.007722007722007722,
            "reject_rate": 0.0
        },
        "lee": {
            "valid": 485,
            "stale": 4,
            "reject": 0,
            "portion": 0.0994667760459393,
            "outcome": 0.0006679614126394277,
            "stale_rate": 0.008247422680412371,
            "reject_rate": 0.0
        },
        "lsy": {
            "valid": 176,
            "stale": 6,
            "reject": 0,
            "portion": 0.03609515996718622,
            "outcome": 0.00024239424458667892,
            "stale_rate": 0.03409090909090909,
            "reject_rate": 0.0
        },
        "lsy_2": {
            "valid": 529,
            "stale": 7,
            "reject": 0,
            "portion": 0.10849056603773585,
            "outcome": 0.0007285599737860974,
            "stale_rate": 0.013232514177693762,
            "reject_rate": 0.0
        },
        "lsy_3": {
            "valid": 546,
            "stale": 12,
            "reject": 0,
            "portion": 0.11197703035274816,
            "outcome": 0.0007519730542291289,
            "stale_rate": 0.02197802197802198,
            "reject_rate": 0.0
        },
        "master": {
            "valid": 570,
            "stale": 14,
            "reject": 0,
            "portion": 0.11689909762100081,
            "outcome": 0.000785026814854585,
            "stale_rate": 0.02456140350877193,
            "reject_rate": 0.0
        },
        "prol": {
            "valid": 503,
            "stale": 2,
            "reject": 0,
            "portion": 0.10315832649712879,
            "outcome": 0.0006927517331085198,
            "stale_rate": 0.003976143141153081,
            "reject_rate": 0.0
        },
        "prol2": {
            "valid": 531,
            "stale": 7,
            "reject": 0,
            "portion": 0.10890073831009024,
            "outcome": 0.0007313144538382188,
            "stale_rate": 0.013182674199623353,
            "reject_rate": 0.0
        },
        "putien": {
            "valid": 315,
            "stale": 3,
            "reject": 0,
            "portion": 0.06460213289581625,
            "outcome": 0.00043383060820911286,
            "stale_rate": 0.009523809523809525,
            "reject_rate": 0.0
        },
        "yyl": {
            "valid": 467,
            "stale": 11,
            "reject": 0,
            "portion": 0.0957752255947498,
            "outcome": 0.0006431710921703355,
            "stale_rate": 0.023554603854389723,
            "reject_rate": 0.0
        },
        "zaiton": {
            "valid": 495,
            "stale": 6,
            "reject": 0,
            "portion": 0.10151763740771123,
            "outcome": 0.0006817338129000344,
            "stale_rate": 0.012121212121212121,
            "reject_rate": 0.0
        }
    }
}