{
    "Total": 0.006469058832473796,
    "workers": {
        "1070": {
            "valid": 261,
            "stale": 4,
            "reject": 0,
            "portion": 0.06019372693726937,
            "outcome": 0.0003893967609030583,
            "stale_rate": 0.01532567049808429,
            "reject_rate": 0.0
        },
        "banzhang": {
            "valid": 507,
            "stale": 6,
            "reject": 0,
            "portion": 0.1169280442804428,
            "outcome": 0.0007564143976162857,
            "stale_rate": 0.011834319526627219,
            "reject_rate": 0.0
        },
        "lsy": {
            "valid": 293,
            "stale": 4,
            "reject": 0,
            "portion": 0.06757380073800738,
            "outcome": 0.00043713889250803097,
            "stale_rate": 0.013651877133105802,
            "reject_rate": 0.0
        },
        "lsy_2": {
            "valid": 517,
            "stale": 10,
            "reject": 0,
            "portion": 0.11923431734317343,
            "outcome": 0.0007713338137428396,
            "stale_rate": 0.019342359767891684,
            "reject_rate": 0.0
        },
        "lsy_3": {
            "valid": 614,
            "stale": 12,
            "reject": 0,
            "portion": 0.1416051660516605,
            "outcome": 0.000916052150170413,
            "stale_rate": 0.019543973941368076,
            "reject_rate": 0.0
        },
        "niu": {
            "valid": 527,
            "stale": 7,
            "reject": 0,
            "portion": 0.12154059040590406,
            "outcome": 0.0007862532298693936,
            "stale_rate": 0.013282732447817837,
            "reject_rate": 0.0
        },
        "prol": {
            "valid": 553,
            "stale": 8,
            "reject": 0,
            "portion": 0.1275369003690037,
            "outcome": 0.0008250437117984339,
            "stale_rate": 0.014466546112115732,
            "reject_rate": 0.0
        },
        "prol2": {
            "valid": 549,
            "stale": 10,
            "reject": 0,
            "portion": 0.12661439114391143,
            "outcome": 0.0008190759453478122,
            "stale_rate": 0.018214936247723135,
            "reject_rate": 0.0
        },
        "zaiton": {
            "valid": 515,
            "stale": 1,
            "reject": 0,
            "portion": 0.11877306273062731,
            "outcome": 0.0007683499305175289,
            "stale_rate": 0.001941747572815534,
            "reject_rate": 0.0
        }
    }
}