{
    "Total": 0.0006979899958110259,
    "workers": {
        "putien": {
            "valid": 520,
            "stale": 8,
            "reject": 0,
            "portion": 0.5098039215686274,
            "outcome": 0.0003558380370801308,
            "stale_rate": 0.015384615384615385,
            "reject_rate": 0.0
        },
        "zaiton": {
            "valid": 500,
            "stale": 11,
            "reject": 0,
            "portion": 0.49019607843137253,
            "outcome": 0.00034215195873089503,
            "stale_rate": 0.022,
            "reject_rate": 0.0
        }
    }
}