{
    "Total": 0.0024632686553132145,
    "workers": {
        "1070": {
            "valid": 230,
            "stale": 3,
            "reject": 0,
            "portion": 0.08033531260915124,
            "outcome": 0.00019788745746491068,
            "stale_rate": 0.013043478260869565,
            "reject_rate": 0.0
        },
        "lee": {
            "valid": 514,
            "stale": 8,
            "reject": 0,
            "portion": 0.17953195948305972,
            "outcome": 0.00044223544842158304,
            "stale_rate": 0.01556420233463035,
            "reject_rate": 0.0
        },
        "lsy_2": {
            "valid": 506,
            "stale": 6,
            "reject": 0,
            "portion": 0.17673768774013274,
            "outcome": 0.0004353524064228036,
            "stale_rate": 0.011857707509881422,
            "reject_rate": 0.0
        },
        "lsy_3": {
            "valid": 526,
            "stale": 11,
            "reject": 0,
            "portion": 0.18372336709745024,
            "outcome": 0.0004525600114197523,
            "stale_rate": 0.02091254752851711,
            "reject_rate": 0.0
        },
        "master": {
            "valid": 81,
            "stale": 1,
            "reject": 0,
            "portion": 0.02829200139713587,
            "outcome": 6.969080023764246e-05,
            "stale_rate": 0.012345679012345678,
            "reject_rate": 0.0
        },
        "putien": {
            "valid": 525,
            "stale": 10,
            "reject": 0,
            "portion": 0.18337408312958436,
            "outcome": 0.0004516996311699049,
            "stale_rate": 0.01904761904761905,
            "reject_rate": 0.0
        },
        "zaiton": {
            "valid": 481,
            "stale": 5,
            "reject": 0,
            "portion": 0.16800558854348585,
            "outcome": 0.0004138429001766176,
            "stale_rate": 0.010395010395010396,
            "reject_rate": 0.0
        }
    }
}