{
    "Total": 0.0005593365573444877,
    "workers": {
        "putien": {
            "valid": 474,
            "stale": 7,
            "reject": 0,
            "portion": 0.5214521452145214,
            "outcome": 0.00029166724772418834,
            "stale_rate": 0.014767932489451477,
            "reject_rate": 0.0
        },
        "zaiton": {
            "valid": 435,
            "stale": 8,
            "reject": 0,
            "portion": 0.47854785478547857,
            "outcome": 0.0002676693096202994,
            "stale_rate": 0.01839080459770115,
            "reject_rate": 0.0
        }
    }
}