{
    "Total": 0.0010024566924168952,
    "workers": {
        "lsy_2": {
            "valid": 515,
            "stale": 7,
            "reject": 0,
            "portion": 0.3532235939643347,
            "outcome": 0.0003540913556890954,
            "stale_rate": 0.013592233009708738,
            "reject_rate": 0.0
        },
        "putien": {
            "valid": 506,
            "stale": 9,
            "reject": 0,
            "portion": 0.34705075445816186,
            "outcome": 0.00034790335141491696,
            "stale_rate": 0.017786561264822136,
            "reject_rate": 0.0
        },
        "zaiton": {
            "valid": 437,
            "stale": 8,
            "reject": 0,
            "portion": 0.2997256515775034,
            "outcome": 0.00030046198531288285,
            "stale_rate": 0.018306636155606407,
            "reject_rate": 0.0
        }
    }
}