{
    "Total": 0.0024247279914892863,
    "workers": {
        "1070": {
            "valid": 239,
            "stale": 7,
            "reject": 0,
            "portion": 0.12513089005235603,
            "outcome": 0.00030340837170991596,
            "stale_rate": 0.029288702928870293,
            "reject_rate": 0.0
        },
        "banzhang": {
            "valid": 566,
            "stale": 8,
            "reject": 0,
            "portion": 0.2963350785340314,
            "outcome": 0.0007185319597816419,
            "stale_rate": 0.014134275618374558,
            "reject_rate": 0.0
        },
        "niu": {
            "valid": 551,
            "stale": 13,
            "reject": 0,
            "portion": 0.28848167539267017,
            "outcome": 0.0006994895933563334,
            "stale_rate": 0.023593466424682397,
            "reject_rate": 0.0
        },
        "putien": {
            "valid": 554,
            "stale": 13,
            "reject": 0,
            "portion": 0.2900523560209424,
            "outcome": 0.0007032980666413951,
            "stale_rate": 0.023465703971119134,
            "reject_rate": 0.0
        }
    }
}