{
    "Total": 0.0028937362330232765,
    "workers": {
        "1070": {
            "valid": 216,
            "stale": 5,
            "reject": 0,
            "portion": 0.11209133367929423,
            "outcome": 0.00032436275367567604,
            "stale_rate": 0.023148148148148147,
            "reject_rate": 0.0
        },
        "banzhang": {
            "valid": 729,
            "stale": 6,
            "reject": 0,
            "portion": 0.37830825116761807,
            "outcome": 0.0010947242936554067,
            "stale_rate": 0.00823045267489712,
            "reject_rate": 0.0
        },
        "niu": {
            "valid": 523,
            "stale": 16,
            "reject": 0,
            "portion": 0.27140633108458745,
            "outcome": 0.0007853783341313823,
            "stale_rate": 0.030592734225621414,
            "reject_rate": 0.0
        },
        "putien": {
            "valid": 459,
            "stale": 5,
            "reject": 0,
            "portion": 0.23819408406850026,
            "outcome": 0.0006892708515608116,
            "stale_rate": 0.010893246187363835,
            "reject_rate": 0.0
        }
    }
}