{
    "Total": 0.0006763818348026899,
    "workers": {
        "putien": {
            "valid": 557,
            "stale": 7,
            "reject": 0,
            "portion": 0.5683673469387756,
            "outcome": 0.000384433348964386,
            "stale_rate": 0.012567324955116697,
            "reject_rate": 0.0
        },
        "zaiton": {
            "valid": 423,
            "stale": 3,
            "reject": 0,
            "portion": 0.4316326530612245,
            "outcome": 0.0002919484858383039,
            "stale_rate": 0.0070921985815602835,
            "reject_rate": 0.0
        }
    }
}