{
    "Total": 0.0035440302017934956,
    "workers": {
        "1070": {
            "valid": 240,
            "stale": 4,
            "reject": 0,
            "portion": 0.060759493670886074,
            "outcome": 0.00021533348061530098,
            "stale_rate": 0.016666666666666666,
            "reject_rate": 0.0
        },
        "lsy": {
            "valid": 289,
            "stale": 6,
            "reject": 0,
            "portion": 0.07316455696202531,
            "outcome": 0.00025929739957425825,
            "stale_rate": 0.020761245674740483,
            "reject_rate": 0.0
        },
        "lsy_2": {
            "valid": 499,
            "stale": 8,
            "reject": 0,
            "portion": 0.12632911392405063,
            "outcome": 0.0004477141951126467,
            "stale_rate": 0.01603206412825651,
            "reject_rate": 0.0
        },
        "lsy_3": {
            "valid": 535,
            "stale": 7,
            "reject": 0,
            "portion": 0.13544303797468354,
            "outcome": 0.0004800142172049418,
            "stale_rate": 0.013084112149532711,
            "reject_rate": 0.0
        },
        "master": {
            "valid": 469,
            "stale": 13,
            "reject": 0,
            "portion": 0.11873417721518988,
            "outcome": 0.00042079751003573407,
            "stale_rate": 0.02771855010660981,
            "reject_rate": 0.0
        },
        "prol": {
            "valid": 520,
            "stale": 8,
            "reject": 0,
            "portion": 0.13164556962025317,
            "outcome": 0.0004665558746664855,
            "stale_rate": 0.015384615384615385,
            "reject_rate": 0.0
        },
        "prol2": {
            "valid": 508,
            "stale": 5,
            "reject": 0,
            "portion": 0.12860759493670887,
            "outcome": 0.0004557892006357205,
            "stale_rate": 0.00984251968503937,
            "reject_rate": 0.0
        },
        "putien": {
            "valid": 416,
            "stale": 6,
            "reject": 0,
            "portion": 0.10531645569620253,
            "outcome": 0.0003732446997331884,
            "stale_rate": 0.014423076923076924,
            "reject_rate": 0.0
        },
        "zaiton": {
            "valid": 474,
            "stale": 5,
            "reject": 0,
            "portion": 0.12,
            "outcome": 0.0004252836242152195,
            "stale_rate": 0.010548523206751054,
            "reject_rate": 0.0
        }
    }
}