{
    "Total": 0.00013101873571411213,
    "workers": {
        "zaiton": {
            "valid": 111,
            "stale": 1,
            "reject": 0,
            "portion": 1.0,
            "outcome": 0.00013101873571411213,
            "stale_rate": 0.009009009009009009,
            "reject_rate": 0.0
        }
    }
}