{
    "Total": 0.0005642303010659249,
    "workers": {
        "putien": {
            "valid": 520,
            "stale": 8,
            "reject": 0,
            "portion": 0.5445026178010471,
            "outcome": 0.0003072248759730691,
            "stale_rate": 0.015384615384615385,
            "reject_rate": 0.0
        },
        "zaiton": {
            "valid": 435,
            "stale": 9,
            "reject": 0,
            "portion": 0.45549738219895286,
            "outcome": 0.0002570054250928558,
            "stale_rate": 0.020689655172413793,
            "reject_rate": 0.0
        }
    }
}