{
    "Total": 0.0003263808676018182,
    "workers": {
        "putien": {
            "valid": 507,
            "stale": 8,
            "reject": 0,
            "portion": 1.0,
            "outcome": 0.0003263808676018182,
            "stale_rate": 0.015779092702169626,
            "reject_rate": 0.0
        }
    }
}