{
    "Total": 0.0005148572868380879,
    "workers": {
        "putien": {
            "valid": 482,
            "stale": 7,
            "reject": 0,
            "portion": 0.5540229885057472,
            "outcome": 0.0002852427727079981,
            "stale_rate": 0.014522821576763486,
            "reject_rate": 0.0
        },
        "zaiton": {
            "valid": 388,
            "stale": 10,
            "reject": 0,
            "portion": 0.4459770114942529,
            "outcome": 0.00022961451413008977,
            "stale_rate": 0.02577319587628866,
            "reject_rate": 0.0
        }
    }
}