{
    "Total": 0.0006527802327550481,
    "workers": {
        "putien": {
            "valid": 489,
            "stale": 7,
            "reject": 0,
            "portion": 0.5174603174603175,
            "outcome": 0.00033778786647324714,
            "stale_rate": 0.014314928425357873,
            "reject_rate": 0.0
        },
        "zaiton": {
            "valid": 456,
            "stale": 12,
            "reject": 0,
            "portion": 0.48253968253968255,
            "outcome": 0.000314992366281801,
            "stale_rate": 0.02631578947368421,
            "reject_rate": 0.0
        }
    }
}