{
    "Total": 0.002455446718313242,
    "workers": {
        "1070": {
            "valid": 246,
            "stale": 3,
            "reject": 0,
            "portion": 0.07927811795037061,
            "outcome": 0.00019466319455528763,
            "stale_rate": 0.012195121951219513,
            "reject_rate": 0.0
        },
        "lsy": {
            "valid": 344,
            "stale": 4,
            "reject": 0,
            "portion": 0.11086045762165646,
            "outcome": 0.00027221194685780057,
            "stale_rate": 0.011627906976744186,
            "reject_rate": 0.0
        },
        "lsy_2": {
            "valid": 465,
            "stale": 10,
            "reject": 0,
            "portion": 0.1498549790525298,
            "outcome": 0.0003679609165374339,
            "stale_rate": 0.021505376344086023,
            "reject_rate": 0.0
        },
        "lsy_3": {
            "valid": 359,
            "stale": 6,
            "reject": 0,
            "portion": 0.11569448920399614,
            "outcome": 0.0002840816538428791,
            "stale_rate": 0.016713091922005572,
            "reject_rate": 0.0
        },
        "master": {
            "valid": 426,
            "stale": 20,
            "reject": 0,
            "portion": 0.13728649693844666,
            "outcome": 0.00033709967837622975,
            "stale_rate": 0.046948356807511735,
            "reject_rate": 0.0
        },
        "prol2": {
            "valid": 515,
            "stale": 7,
            "reject": 0,
            "portion": 0.16596841766032872,
            "outcome": 0.00040752660648769564,
            "stale_rate": 0.013592233009708738,
            "reject_rate": 0.0
        },
        "putien": {
            "valid": 305,
            "stale": 7,
            "reject": 0,
            "portion": 0.09829197550757332,
            "outcome": 0.00024135070869659646,
            "stale_rate": 0.022950819672131147,
            "reject_rate": 0.0
        },
        "zaiton": {
            "valid": 443,
            "stale": 5,
            "reject": 0,
            "portion": 0.14276506606509828,
            "outcome": 0.00035055201295931875,
            "stale_rate": 0.011286681715575621,
            "reject_rate": 0.0
        }
    }
}