{
    "Total": 0.0031394044304389346,
    "workers": {
        "lsy": {
            "valid": 340,
            "stale": 3,
            "reject": 0,
            "portion": 0.38857142857142857,
            "outcome": 0.001219882864399129,
            "stale_rate": 0.008823529411764706,
            "reject_rate": 0.0
        },
        "niu": {
            "valid": 535,
            "stale": 9,
            "reject": 0,
            "portion": 0.6114285714285714,
            "outcome": 0.0019195215660398057,
            "stale_rate": 0.016822429906542057,
            "reject_rate": 0.0
        }
    }
}