{
    "Total": 0.0016293481414599124,
    "workers": {
        "1070": {
            "valid": 237,
            "stale": 1,
            "reject": 0,
            "portion": 0.10797266514806378,
            "outcome": 0.00017592506128747117,
            "stale_rate": 0.004219409282700422,
            "reject_rate": 0.0
        },
        "lee": {
            "valid": 458,
            "stale": 9,
            "reject": 0,
            "portion": 0.20865603644646924,
            "outcome": 0.0003399733251884464,
            "stale_rate": 0.019650655021834062,
            "reject_rate": 0.0
        },
        "lsy_2": {
            "valid": 580,
            "stale": 5,
            "reject": 0,
            "portion": 0.2642369020501139,
            "outcome": 0.00043053390526047805,
            "stale_rate": 0.008620689655172414,
            "reject_rate": 0.0
        },
        "putien": {
            "valid": 454,
            "stale": 6,
            "reject": 0,
            "portion": 0.20683371298405467,
            "outcome": 0.00033700412584182244,
            "stale_rate": 0.013215859030837005,
            "reject_rate": 0.0
        },
        "zaiton": {
            "valid": 466,
            "stale": 2,
            "reject": 0,
            "portion": 0.2123006833712984,
            "outcome": 0.0003459117238816944,
            "stale_rate": 0.004291845493562232,
            "reject_rate": 0.0
        }
    }
}