{
    "Total": 0.0007199929246357481,
    "workers": {
        "putien": {
            "valid": 491,
            "stale": 7,
            "reject": 0,
            "portion": 0.5162986330178759,
            "outcome": 0.0003717313627719793,
            "stale_rate": 0.014256619144602852,
            "reject_rate": 0.0
        },
        "zaiton": {
            "valid": 460,
            "stale": 8,
            "reject": 0,
            "portion": 0.48370136698212407,
            "outcome": 0.0003482615618637688,
            "stale_rate": 0.017391304347826087,
            "reject_rate": 0.0
        }
    }
}