{
    "Total": 0.0011969490356113267,
    "workers": {
        "lsy_2": {
            "valid": 526,
            "stale": 9,
            "reject": 0,
            "portion": 0.289010989010989,
            "outcome": 0.00034593142457777903,
            "stale_rate": 0.017110266159695818,
            "reject_rate": 0.0
        },
        "lsy_3": {
            "valid": 352,
            "stale": 6,
            "reject": 0,
            "portion": 0.1934065934065934,
            "outcome": 0.00023149783545889396,
            "stale_rate": 0.017045454545454544,
            "reject_rate": 0.0
        },
        "putien": {
            "valid": 465,
            "stale": 7,
            "reject": 0,
            "portion": 0.2554945054945055,
            "outcome": 0.00030581390195564114,
            "stale_rate": 0.015053763440860216,
            "reject_rate": 0.0
        },
        "zaiton": {
            "valid": 477,
            "stale": 2,
            "reject": 0,
            "portion": 0.2620879120879121,
            "outcome": 0.0003137058736190126,
            "stale_rate": 0.0041928721174004195,
            "reject_rate": 0.0
        }
    }
}