{
    "Total": 0.0007985467565820835,
    "workers": {
        "lsy_2": {
            "valid": 72,
            "stale": 2,
            "reject": 0,
            "portion": 0.0683111954459203,
            "outcome": 5.4549683561584454e-05,
            "stale_rate": 0.027777777777777776,
            "reject_rate": 0.0
        },
        "putien": {
            "valid": 540,
            "stale": 6,
            "reject": 0,
            "portion": 0.5123339658444023,
            "outcome": 0.0004091226267118834,
            "stale_rate": 0.011111111111111112,
            "reject_rate": 0.0
        },
        "zaiton": {
            "valid": 442,
            "stale": 2,
            "reject": 0,
            "portion": 0.41935483870967744,
            "outcome": 0.00033487444630861564,
            "stale_rate": 0.004524886877828055,
            "reject_rate": 0.0
        }
    }
}