{
    "Total": 0.006380754081145397,
    "workers": {
        "lee": {
            "valid": 480,
            "stale": 9,
            "reject": 0,
            "portion": 0.1145311381531854,
            "outcome": 0.000730795027189165,
            "stale_rate": 0.01875,
            "reject_rate": 0.0
        },
        "lsy": {
            "valid": 224,
            "stale": 0,
            "reject": 0,
            "portion": 0.05344786447148652,
            "outcome": 0.00034103767935494365,
            "stale_rate": 0.0,
            "reject_rate": 0.0
        },
        "lsy_2": {
            "valid": 518,
            "stale": 10,
            "reject": 0,
            "portion": 0.12359818659031258,
            "outcome": 0.0007886496335083072,
            "stale_rate": 0.019305019305019305,
            "reject_rate": 0.0
        },
        "lsy_3": {
            "valid": 541,
            "stale": 14,
            "reject": 0,
            "portion": 0.1290861369601527,
            "outcome": 0.000823666895227788,
            "stale_rate": 0.025878003696857672,
            "reject_rate": 0.0
        },
        "master": {
            "valid": 438,
            "stale": 9,
            "reject": 0,
            "portion": 0.10450966356478167,
            "outcome": 0.000666850462310113,
            "stale_rate": 0.02054794520547945,
            "reject_rate": 0.0
        },
        "prol": {
            "valid": 507,
            "stale": 7,
            "reject": 0,
            "portion": 0.12097351467430208,
            "outcome": 0.0007719022474685555,
            "stale_rate": 0.013806706114398421,
            "reject_rate": 0.0
        },
        "putien": {
            "valid": 485,
            "stale": 7,
            "reject": 0,
            "portion": 0.11572417084228108,
            "outcome": 0.0007384074753890521,
            "stale_rate": 0.01443298969072165,
            "reject_rate": 0.0
        },
        "yyl": {
            "valid": 488,
            "stale": 9,
            "reject": 0,
            "portion": 0.11643999045573848,
            "outcome": 0.0007429749443089844,
            "stale_rate": 0.018442622950819672,
            "reject_rate": 0.0
        },
        "zaiton": {
            "valid": 510,
            "stale": 7,
            "reject": 0,
            "portion": 0.12168933428775948,
            "outcome": 0.0007764697163884877,
            "stale_rate": 0.013725490196078431,
            "reject_rate": 0.0
        }
    }
}