{
    "Total": 0.006458745005658328,
    "workers": {
        "banzhang": {
            "valid": 552,
            "stale": 11,
            "reject": 0,
            "portion": 0.11272207473963651,
            "outcome": 0.0007280431372520721,
            "stale_rate": 0.019927536231884056,
            "reject_rate": 0.0
        },
        "lsy": {
            "valid": 312,
            "stale": 4,
            "reject": 0,
            "portion": 0.06371247702675108,
            "outcome": 0.0004115026427946495,
            "stale_rate": 0.01282051282051282,
            "reject_rate": 0.0
        },
        "lsy_2": {
            "valid": 515,
            "stale": 10,
            "reject": 0,
            "portion": 0.10516642842556667,
            "outcome": 0.0006792431443565528,
            "stale_rate": 0.019417475728155338,
            "reject_rate": 0.0
        },
        "lsy_3": {
            "valid": 561,
            "stale": 9,
            "reject": 0,
            "portion": 0.11455993465386971,
            "outcome": 0.0007399134057942254,
            "stale_rate": 0.016042780748663103,
            "reject_rate": 0.0
        },
        "master": {
            "valid": 485,
            "stale": 14,
            "reject": 0,
            "portion": 0.099040228711456,
            "outcome": 0.000639675582549375,
            "stale_rate": 0.0288659793814433,
            "reject_rate": 0.0
        },
        "niu": {
            "valid": 499,
            "stale": 11,
            "reject": 0,
            "portion": 0.1018991219113743,
            "outcome": 0.0006581404447260579,
            "stale_rate": 0.022044088176352707,
            "reject_rate": 0.0
        },
        "prol": {
            "valid": 559,
            "stale": 9,
            "reject": 0,
            "portion": 0.11415152133959568,
            "outcome": 0.0007372755683404136,
            "stale_rate": 0.016100178890876567,
            "reject_rate": 0.0
        },
        "prol2": {
            "valid": 490,
            "stale": 10,
            "reject": 0,
            "portion": 0.1000612619971411,
            "outcome": 0.0006462701761839046,
            "stale_rate": 0.02040816326530612,
            "reject_rate": 0.0
        },
        "putien": {
            "valid": 468,
            "stale": 6,
            "reject": 0,
            "portion": 0.09556871554012661,
            "outcome": 0.0006172539641919742,
            "stale_rate": 0.01282051282051282,
            "reject_rate": 0.0
        },
        "yyl": {
            "valid": 456,
            "stale": 6,
            "reject": 0,
            "portion": 0.09311823565448234,
            "outcome": 0.0006014269394691031,
            "stale_rate": 0.013157894736842105,
            "reject_rate": 0.0
        }
    }
}