{
    "Total": 0.003100985969349486,
    "workers": {
        "lsy": {
            "valid": 306,
            "stale": 4,
            "reject": 0,
            "portion": 0.09377873122893043,
            "outcome": 0.0002908065297643098,
            "stale_rate": 0.013071895424836602,
            "reject_rate": 0.0
        },
        "lsy_2": {
            "valid": 448,
            "stale": 10,
            "reject": 0,
            "portion": 0.13729696598222493,
            "outcome": 0.00042575596514513324,
            "stale_rate": 0.022321428571428572,
            "reject_rate": 0.0
        },
        "lsy_3": {
            "valid": 519,
            "stale": 4,
            "reject": 0,
            "portion": 0.1590560833588722,
            "outcome": 0.0004932306828355449,
            "stale_rate": 0.007707129094412331,
            "reject_rate": 0.0
        },
        "niu": {
            "valid": 407,
            "stale": 26,
            "reject": 0,
            "portion": 0.12473184186331597,
            "outcome": 0.0003867916915492617,
            "stale_rate": 0.06388206388206388,
            "reject_rate": 0.0
        },
        "prol": {
            "valid": 404,
            "stale": 67,
            "reject": 0,
            "portion": 0.12381244253754214,
            "outcome": 0.0003839406471398077,
            "stale_rate": 0.16584158415841585,
            "reject_rate": 0.0
        },
        "prol2": {
            "valid": 411,
            "stale": 70,
            "reject": 0,
            "portion": 0.1259577076310144,
            "outcome": 0.00039059308409520037,
            "stale_rate": 0.170316301703163,
            "reject_rate": 0.0
        },
        "putien": {
            "valid": 370,
            "stale": 41,
            "reject": 0,
            "portion": 0.11339258351210542,
            "outcome": 0.00035162881049932877,
            "stale_rate": 0.11081081081081082,
            "reject_rate": 0.0
        },
        "zaiton": {
            "valid": 398,
            "stale": 48,
            "reject": 0,
            "portion": 0.12197364388599448,
            "outcome": 0.00037823855832089964,
            "stale_rate": 0.12060301507537688,
            "reject_rate": 0.0
        }
    }
}