{
    "Total": 0.006938136035275289,
    "workers": {
        "lee": {
            "valid": 519,
            "stale": 18,
            "reject": 0,
            "portion": 0.10787778008729994,
            "outcome": 0.0007484707134291987,
            "stale_rate": 0.03468208092485549,
            "reject_rate": 0.0
        },
        "lsy": {
            "valid": 295,
            "stale": 8,
            "reject": 0,
            "portion": 0.06131781334441904,
            "outcome": 0.00042543133036919775,
            "stale_rate": 0.02711864406779661,
            "reject_rate": 0.0
        },
        "lsy_2": {
            "valid": 539,
            "stale": 11,
            "reject": 0,
            "portion": 0.11203491997505716,
            "outcome": 0.0007773135154881273,
            "stale_rate": 0.02040816326530612,
            "reject_rate": 0.0
        },
        "lsy_3": {
            "valid": 525,
            "stale": 20,
            "reject": 0,
            "portion": 0.1091249220536271,
            "outcome": 0.0007571235540468772,
            "stale_rate": 0.0380952380952381,
            "reject_rate": 0.0
        },
        "master": {
            "valid": 422,
            "stale": 20,
            "reject": 0,
            "portion": 0.08771565163167741,
            "outcome": 0.0006085831234433947,
            "stale_rate": 0.04739336492890995,
            "reject_rate": 0.0
        },
        "niu": {
            "valid": 523,
            "stale": 20,
            "reject": 0,
            "portion": 0.10870920806485138,
            "outcome": 0.0007542392738409844,
            "stale_rate": 0.03824091778202677,
            "reject_rate": 0.0
        },
        "prol": {
            "valid": 524,
            "stale": 11,
            "reject": 0,
            "portion": 0.10891706505923925,
            "outcome": 0.0007556814139439309,
            "stale_rate": 0.02099236641221374,
            "reject_rate": 0.0
        },
        "putien": {
            "valid": 509,
            "stale": 17,
            "reject": 0,
            "portion": 0.10579921014342132,
            "outcome": 0.0007340493123997343,
            "stale_rate": 0.03339882121807466,
            "reject_rate": 0.0
        },
        "yyl": {
            "valid": 424,
            "stale": 16,
            "reject": 0,
            "portion": 0.08813136562045312,
            "outcome": 0.0006114674036492875,
            "stale_rate": 0.03773584905660377,
            "reject_rate": 0.0
        },
        "zaiton": {
            "valid": 531,
            "stale": 24,
            "reject": 0,
            "portion": 0.11037206401995427,
            "outcome": 0.0007657763946645558,
            "stale_rate": 0.04519774011299435,
            "reject_rate": 0.0
        }
    }
}