{
    "Total": 0.0011666263537591353,
    "workers": {
        "lsy_2": {
            "valid": 519,
            "stale": 8,
            "reject": 0,
            "portion": 0.3506756756756757,
            "outcome": 0.00040910748486553463,
            "stale_rate": 0.015414258188824663,
            "reject_rate": 0.0
        },
        "putien": {
            "valid": 500,
            "stale": 6,
            "reject": 0,
            "portion": 0.33783783783783783,
            "outcome": 0.00039413052491862676,
            "stale_rate": 0.012,
            "reject_rate": 0.0
        },
        "zaiton": {
            "valid": 461,
            "stale": 10,
            "reject": 0,
            "portion": 0.31148648648648647,
            "outcome": 0.00036338834397497385,
            "stale_rate": 0.021691973969631236,
            "reject_rate": 0.0
        }
    }
}