{
    "Total": 0.005909450591408082,
    "workers": {
        "lee": {
            "valid": 485,
            "stale": 15,
            "reject": 0,
            "portion": 0.12790084388185655,
            "outcome": 0.00075582371751923,
            "stale_rate": 0.030927835051546393,
            "reject_rate": 0.0
        },
        "lsy": {
            "valid": 265,
            "stale": 2,
            "reject": 0,
            "portion": 0.06988396624472573,
            "outcome": 0.00041297584565483695,
            "stale_rate": 0.007547169811320755,
            "reject_rate": 0.0
        },
        "lsy_2": {
            "valid": 564,
            "stale": 10,
            "reject": 0,
            "portion": 0.14873417721518986,
            "outcome": 0.0008789372715068982,
            "stale_rate": 0.01773049645390071,
            "reject_rate": 0.0
        },
        "lsy_3": {
            "valid": 598,
            "stale": 7,
            "reject": 0,
            "portion": 0.15770042194092826,
            "outcome": 0.0009319228517041227,
            "stale_rate": 0.011705685618729096,
            "reject_rate": 0.0
        },
        "master": {
            "valid": 441,
            "stale": 3,
            "reject": 0,
            "portion": 0.11629746835443038,
            "outcome": 0.0006872541431463513,
            "stale_rate": 0.006802721088435374,
            "reject_rate": 0.0
        },
        "prol": {
            "valid": 547,
            "stale": 4,
            "reject": 0,
            "portion": 0.14425105485232068,
            "outcome": 0.0008524444814082861,
            "stale_rate": 0.007312614259597806,
            "reject_rate": 0.0
        },
        "putien": {
            "valid": 459,
            "stale": 12,
            "reject": 0,
            "portion": 0.12104430379746836,
            "outcome": 0.000715305332662529,
            "stale_rate": 0.026143790849673203,
            "reject_rate": 0.0
        },
        "yyl": {
            "valid": 433,
            "stale": 6,
            "reject": 0,
            "portion": 0.11418776371308016,
            "outcome": 0.0006747869478058279,
            "stale_rate": 0.013856812933025405,
            "reject_rate": 0.0
        }
    }
}