{
    "Total": 0.003772712531121527,
    "workers": {
        "1070": {
            "valid": 231,
            "stale": 3,
            "reject": 0,
            "portion": 0.05255972696245734,
            "outcome": 0.0001982927405435888,
            "stale_rate": 0.012987012987012988,
            "reject_rate": 0.0
        },
        "lsy_2": {
            "valid": 808,
            "stale": 12,
            "reject": 0,
            "portion": 0.1838452787258248,
            "outcome": 0.000693595386836449,
            "stale_rate": 0.01485148514851485,
            "reject_rate": 0.0
        },
        "lsy_3": {
            "valid": 500,
            "stale": 5,
            "reject": 0,
            "portion": 0.11376564277588168,
            "outcome": 0.00042920506611166404,
            "stale_rate": 0.01,
            "reject_rate": 0.0
        },
        "master": {
            "valid": 387,
            "stale": 52,
            "reject": 0,
            "portion": 0.08805460750853242,
            "outcome": 0.00033220472117042796,
            "stale_rate": 0.1343669250645995,
            "reject_rate": 0.0
        },
        "niu": {
            "valid": 477,
            "stale": 60,
            "reject": 0,
            "portion": 0.10853242320819112,
            "outcome": 0.0004094616330705275,
            "stale_rate": 0.12578616352201258,
            "reject_rate": 0.0
        },
        "prol": {
            "valid": 537,
            "stale": 9,
            "reject": 0,
            "portion": 0.12218430034129693,
            "outcome": 0.0004609662410039272,
            "stale_rate": 0.01675977653631285,
            "reject_rate": 0.0
        },
        "prol2": {
            "valid": 546,
            "stale": 5,
            "reject": 0,
            "portion": 0.1242320819112628,
            "outcome": 0.00046869193219393714,
            "stale_rate": 0.009157509157509158,
            "reject_rate": 0.0
        },
        "putien": {
            "valid": 466,
            "stale": 8,
            "reject": 0,
            "portion": 0.10602957906712172,
            "outcome": 0.0004000191216160709,
            "stale_rate": 0.017167381974248927,
            "reject_rate": 0.0
        },
        "zaiton": {
            "valid": 443,
            "stale": 4,
            "reject": 0,
            "portion": 0.10079635949943117,
            "outcome": 0.00038027568857493434,
            "stale_rate": 0.009029345372460496,
            "reject_rate": 0.0
        }
    }
}