{
    "Total": 0.0033407919367856127,
    "workers": {
        "lsy": {
            "valid": 307,
            "stale": 8,
            "reject": 0,
            "portion": 0.08628442945474986,
            "outcome": 0.00028825832619257534,
            "stale_rate": 0.026058631921824105,
            "reject_rate": 0.0
        },
        "lsy_3": {
            "valid": 557,
            "stale": 6,
            "reject": 0,
            "portion": 0.15654862282181,
            "outcome": 0.000522996376837995,
            "stale_rate": 0.010771992818671455,
            "reject_rate": 0.0
        },
        "master": {
            "valid": 445,
            "stale": 13,
            "reject": 0,
            "portion": 0.12507026419336706,
            "outcome": 0.000417833730148847,
            "stale_rate": 0.029213483146067417,
            "reject_rate": 0.0
        },
        "niu": {
            "valid": 419,
            "stale": 10,
            "reject": 0,
            "portion": 0.11776278808319281,
            "outcome": 0.0003934209728817234,
            "stale_rate": 0.02386634844868735,
            "reject_rate": 0.0
        },
        "prol": {
            "valid": 494,
            "stale": 7,
            "reject": 0,
            "portion": 0.13884204609331086,
            "outcome": 0.00046384238807534926,
            "stale_rate": 0.01417004048582996,
            "reject_rate": 0.0
        },
        "prol2": {
            "valid": 504,
            "stale": 8,
            "reject": 0,
            "portion": 0.14165261382799327,
            "outcome": 0.0004732319101011661,
            "stale_rate": 0.015873015873015872,
            "reject_rate": 0.0
        },
        "putien": {
            "valid": 402,
            "stale": 22,
            "reject": 0,
            "portion": 0.11298482293423272,
            "outcome": 0.00037745878543783484,
            "stale_rate": 0.05472636815920398,
            "reject_rate": 0.0
        },
        "zaiton": {
            "valid": 430,
            "stale": 23,
            "reject": 0,
            "portion": 0.12085441259134345,
            "outcome": 0.00040374944711012183,
            "stale_rate": 0.053488372093023255,
            "reject_rate": 0.0
        }
    }
}