{
    "Total": 0.0006263460178268048,
    "workers": {
        "putien": {
            "valid": 480,
            "stale": 7,
            "reject": 0,
            "portion": 0.5090137857900318,
            "outcome": 0.0003188187577485326,
            "stale_rate": 0.014583333333333334,
            "reject_rate": 0.0
        },
        "zaiton": {
            "valid": 463,
            "stale": 11,
            "reject": 0,
            "portion": 0.4909862142099682,
            "outcome": 0.0003075272600782721,
            "stale_rate": 0.023758099352051837,
            "reject_rate": 0.0
        }
    }
}