{
    "Total": 0.0003653895756897637,
    "workers": {
        "putien": {
            "valid": 202,
            "stale": 4,
            "reject": 0,
            "portion": 0.3470790378006873,
            "outcome": 0.00012681906235280458,
            "stale_rate": 0.019801980198019802,
            "reject_rate": 0.0
        },
        "zaiton": {
            "valid": 380,
            "stale": 6,
            "reject": 0,
            "portion": 0.6529209621993127,
            "outcome": 0.0002385705133369591,
            "stale_rate": 0.015789473684210527,
            "reject_rate": 0.0
        }
    }
}