{
    "Total": 0.003725576837384478,
    "workers": {
        "lee": {
            "valid": 134,
            "stale": 1,
            "reject": 0,
            "portion": 0.04233807266982623,
            "outcome": 0.0001577337428782054,
            "stale_rate": 0.007462686567164179,
            "reject_rate": 0.0
        },
        "lsy": {
            "valid": 299,
            "stale": 6,
            "reject": 0,
            "portion": 0.09447077409162717,
            "outcome": 0.00035195812776554785,
            "stale_rate": 0.020066889632107024,
            "reject_rate": 0.0
        },
        "lsy_2": {
            "valid": 436,
            "stale": 34,
            "reject": 0,
            "portion": 0.1377567140600316,
            "outcome": 0.0005132232230962504,
            "stale_rate": 0.0779816513761468,
            "reject_rate": 0.0
        },
        "lsy_3": {
            "valid": 455,
            "stale": 38,
            "reject": 0,
            "portion": 0.14375987361769352,
            "outcome": 0.0005355884552953989,
            "stale_rate": 0.08351648351648351,
            "reject_rate": 0.0
        },
        "master": {
            "valid": 386,
            "stale": 68,
            "reject": 0,
            "portion": 0.12195892575039495,
            "outcome": 0.0004543673488879648,
            "stale_rate": 0.17616580310880828,
            "reject_rate": 0.0
        },
        "prol": {
            "valid": 509,
            "stale": 4,
            "reject": 0,
            "portion": 0.1608214849921011,
            "outcome": 0.0005991527994403474,
            "stale_rate": 0.007858546168958742,
            "reject_rate": 0.0
        },
        "putien": {
            "valid": 463,
            "stale": 20,
            "reject": 0,
            "portion": 0.1462875197472354,
            "outcome": 0.0005450053951687247,
            "stale_rate": 0.04319654427645788,
            "reject_rate": 0.0
        },
        "zaiton": {
            "valid": 483,
            "stale": 9,
            "reject": 0,
            "portion": 0.15260663507109004,
            "outcome": 0.0005685477448520389,
            "stale_rate": 0.018633540372670808,
            "reject_rate": 0.0
        }
    }
}