{
    "Total": 0.000649300149081121,
    "workers": {
        "putien": {
            "valid": 471,
            "stale": 14,
            "reject": 0,
            "portion": 0.511400651465798,
            "outcome": 0.0003320525192369251,
            "stale_rate": 0.029723991507430998,
            "reject_rate": 0.0
        },
        "zaiton": {
            "valid": 450,
            "stale": 6,
            "reject": 0,
            "portion": 0.48859934853420195,
            "outcome": 0.00031724762984419594,
            "stale_rate": 0.013333333333333334,
            "reject_rate": 0.0
        }
    }
}