{
    "Total": 0.006547852935500883,
    "workers": {
        "lsy_2": {
            "valid": 496,
            "stale": 15,
            "reject": 0,
            "portion": 0.12412412412412413,
            "outcome": 0.0008127465105126221,
            "stale_rate": 0.03024193548387097,
            "reject_rate": 0.0
        },
        "lsy_3": {
            "valid": 533,
            "stale": 17,
            "reject": 0,
            "portion": 0.13338338338338337,
            "outcome": 0.0008733747784339266,
            "stale_rate": 0.03189493433395872,
            "reject_rate": 0.0
        },
        "master": {
            "valid": 538,
            "stale": 10,
            "reject": 0,
            "portion": 0.13463463463463463,
            "outcome": 0.0008815677876124812,
            "stale_rate": 0.01858736059479554,
            "reject_rate": 0.0
        },
        "prol": {
            "valid": 538,
            "stale": 11,
            "reject": 0,
            "portion": 0.13463463463463463,
            "outcome": 0.0008815677876124812,
            "stale_rate": 0.020446096654275093,
            "reject_rate": 0.0
        },
        "prol2": {
            "valid": 504,
            "stale": 7,
            "reject": 0,
            "portion": 0.12612612612612611,
            "outcome": 0.0008258553251983095,
            "stale_rate": 0.013888888888888888,
            "reject_rate": 0.0
        },
        "putien": {
            "valid": 425,
            "stale": 8,
            "reject": 0,
            "portion": 0.10635635635635636,
            "outcome": 0.000696405780177146,
            "stale_rate": 0.018823529411764704,
            "reject_rate": 0.0
        },
        "yyl": {
            "valid": 445,
            "stale": 6,
            "reject": 0,
            "portion": 0.11136136136136136,
            "outcome": 0.0007291778168913647,
            "stale_rate": 0.01348314606741573,
            "reject_rate": 0.0
        },
        "zaiton": {
            "valid": 517,
            "stale": 13,
            "reject": 0,
            "portion": 0.12937937937937938,
            "outcome": 0.0008471571490625517,
            "stale_rate": 0.025145067698259187,
            "reject_rate": 0.0
        }
    }
}