{
    "Total": 0.00031785108205391885,
    "workers": {
        "putien": {
            "valid": 478,
            "stale": 7,
            "reject": 0,
            "portion": 1.0,
            "outcome": 0.00031785108205391885,
            "stale_rate": 0.014644351464435146,
            "reject_rate": 0.0
        }
    }
}