{
    "Total": 0.00047433524396821373,
    "workers": {
        "putien": {
            "valid": 462,
            "stale": 7,
            "reject": 0,
            "portion": 0.49201277955271566,
            "outcome": 0.00023337900182461633,
            "stale_rate": 0.015151515151515152,
            "reject_rate": 0.0
        },
        "zaiton": {
            "valid": 477,
            "stale": 4,
            "reject": 0,
            "portion": 0.5079872204472844,
            "outcome": 0.00024095624214359742,
            "stale_rate": 0.008385744234800839,
            "reject_rate": 0.0
        }
    }
}