{
    "Total": 0.0008262912232536023,
    "workers": {
        "1070": {
            "valid": 225,
            "stale": 6,
            "reject": 0,
            "portion": 0.21266540642722118,
            "outcome": 0.00017572355882047307,
            "stale_rate": 0.02666666666666667,
            "reject_rate": 0.0
        },
        "prol": {
            "valid": 45,
            "stale": 0,
            "reject": 0,
            "portion": 0.04253308128544423,
            "outcome": 3.514471176409461e-05,
            "stale_rate": 0.0,
            "reject_rate": 0.0
        },
        "putien": {
            "valid": 337,
            "stale": 5,
            "reject": 0,
            "portion": 0.31852551984877125,
            "outcome": 0.0002631948414333308,
            "stale_rate": 0.01483679525222552,
            "reject_rate": 0.0
        },
        "zaiton": {
            "valid": 451,
            "stale": 3,
            "reject": 0,
            "portion": 0.42627599243856334,
            "outcome": 0.0003522281112357038,
            "stale_rate": 0.0066518847006651885,
            "reject_rate": 0.0
        }
    }
}