{
    "Total": 0.0006149402098871331,
    "workers": {
        "putien": {
            "valid": 445,
            "stale": 12,
            "reject": 0,
            "portion": 0.49280177187153934,
            "outcome": 0.0003030436250274355,
            "stale_rate": 0.02696629213483146,
            "reject_rate": 0.0
        },
        "zaiton": {
            "valid": 458,
            "stale": 6,
            "reject": 0,
            "portion": 0.5071982281284607,
            "outcome": 0.00031189658485969766,
            "stale_rate": 0.013100436681222707,
            "reject_rate": 0.0
        }
    }
}