{
    "Total": 0.00349497787940923,
    "workers": {
        "lsy": {
            "valid": 342,
            "stale": 6,
            "reject": 0,
            "portion": 0.10684161199625117,
            "outcome": 0.00037340907052732167,
            "stale_rate": 0.017543859649122806,
            "reject_rate": 0.0
        },
        "lsy_2": {
            "valid": 518,
            "stale": 13,
            "reject": 0,
            "portion": 0.16182442986566697,
            "outcome": 0.0005655728027285164,
            "stale_rate": 0.025096525096525095,
            "reject_rate": 0.0
        },
        "lsy_3": {
            "valid": 469,
            "stale": 16,
            "reject": 0,
            "portion": 0.1465167135270228,
            "outcome": 0.0005120726727406838,
            "stale_rate": 0.03411513859275053,
            "reject_rate": 0.0
        },
        "master": {
            "valid": 455,
            "stale": 23,
            "reject": 0,
            "portion": 0.14214308028741018,
            "outcome": 0.0004967869213155887,
            "stale_rate": 0.05054945054945055,
            "reject_rate": 0.0
        },
        "prol": {
            "valid": 506,
            "stale": 6,
            "reject": 0,
            "portion": 0.15807560137457044,
            "outcome": 0.000552470730078435,
            "stale_rate": 0.011857707509881422,
            "reject_rate": 0.0
        },
        "putien": {
            "valid": 449,
            "stale": 7,
            "reject": 0,
            "portion": 0.14026866604186192,
            "outcome": 0.0004902358849905481,
            "stale_rate": 0.015590200445434299,
            "reject_rate": 0.0
        },
        "zaiton": {
            "valid": 462,
            "stale": 10,
            "reject": 0,
            "portion": 0.14432989690721648,
            "outcome": 0.0005044297970281362,
            "stale_rate": 0.021645021645021644,
            "reject_rate": 0.0
        }
    }
}