{
    "Total": 0.0006593679273009672,
    "workers": {
        "putien": {
            "valid": 505,
            "stale": 6,
            "reject": 0,
            "portion": 0.5039920159680639,
            "outcome": 0.0003323161709450983,
            "stale_rate": 0.011881188118811881,
            "reject_rate": 0.0
        },
        "zaiton": {
            "valid": 497,
            "stale": 9,
            "reject": 0,
            "portion": 0.49600798403193613,
            "outcome": 0.00032705175635586896,
            "stale_rate": 0.018108651911468814,
            "reject_rate": 0.0
        }
    }
}