{
    "Total": 0.008000029893232043,
    "workers": {
        "lee": {
            "valid": 474,
            "stale": 11,
            "reject": 0,
            "portion": 0.09747069710055521,
            "outcome": 0.0007797684905186075,
            "stale_rate": 0.023206751054852322,
            "reject_rate": 0.0
        },
        "lsy_2": {
            "valid": 497,
            "stale": 14,
            "reject": 0,
            "portion": 0.1022002878881349,
            "outcome": 0.0008176053582019999,
            "stale_rate": 0.028169014084507043,
            "reject_rate": 0.0
        },
        "lsy_3": {
            "valid": 529,
            "stale": 8,
            "reject": 0,
            "portion": 0.10878058811433272,
            "outcome": 0.000870247956718024,
            "stale_rate": 0.015122873345935728,
            "reject_rate": 0.0
        },
        "master": {
            "valid": 494,
            "stale": 13,
            "reject": 0,
            "portion": 0.10158338474192885,
            "outcome": 0.0008126701145911225,
            "stale_rate": 0.02631578947368421,
            "reject_rate": 0.0
        },
        "niu": {
            "valid": 501,
            "stale": 14,
            "reject": 0,
            "portion": 0.10302282541640963,
            "outcome": 0.0008241856830165029,
            "stale_rate": 0.027944111776447105,
            "reject_rate": 0.0
        },
        "prol": {
            "valid": 494,
            "stale": 15,
            "reject": 0,
            "portion": 0.10158338474192885,
            "outcome": 0.0008126701145911225,
            "stale_rate": 0.030364372469635626,
            "reject_rate": 0.0
        },
        "prol2": {
            "valid": 495,
            "stale": 7,
            "reject": 0,
            "portion": 0.10178901912399753,
            "outcome": 0.0008143151957947483,
            "stale_rate": 0.014141414141414142,
            "reject_rate": 0.0
        },
        "putien": {
            "valid": 441,
            "stale": 9,
            "reject": 0,
            "portion": 0.09068476249228871,
            "outcome": 0.0007254808107989576,
            "stale_rate": 0.02040816326530612,
            "reject_rate": 0.0
        },
        "yyl": {
            "valid": 427,
            "stale": 9,
            "reject": 0,
            "portion": 0.08780588114332716,
            "outcome": 0.000702449673948197,
            "stale_rate": 0.02107728337236534,
            "reject_rate": 0.0
        },
        "zaiton": {
            "valid": 511,
            "stale": 7,
            "reject": 0,
            "portion": 0.10507916923709644,
            "outcome": 0.0008406364950527604,
            "stale_rate": 0.0136986301369863,
            "reject_rate": 0.0
        }
    }
}