{
    "Total": 0.0010391558285473197,
    "workers": {
        "1070": {
            "valid": 256,
            "stale": 7,
            "reject": 0,
            "portion": 0.163787587971849,
            "outcome": 0.00017020082668465375,
            "stale_rate": 0.02734375,
            "reject_rate": 0.0
        },
        "lsy_2": {
            "valid": 505,
            "stale": 5,
            "reject": 0,
            "portion": 0.32309660908509275,
            "outcome": 0.000335747724514649,
            "stale_rate": 0.009900990099009901,
            "reject_rate": 0.0
        },
        "putien": {
            "valid": 325,
            "stale": 4,
            "reject": 0,
            "portion": 0.20793346129238643,
            "outcome": 0.00021607526825200184,
            "stale_rate": 0.012307692307692308,
            "reject_rate": 0.0
        },
        "zaiton": {
            "valid": 477,
            "stale": 5,
            "reject": 0,
            "portion": 0.30518234165067176,
            "outcome": 0.000317132009096015,
            "stale_rate": 0.010482180293501049,
            "reject_rate": 0.0
        }
    }
}