{
    "Total": 0.0002494143052788055,
    "workers": {
        "zaiton": {
            "valid": 411,
            "stale": 6,
            "reject": 0,
            "portion": 1.0,
            "outcome": 0.0002494143052788055,
            "stale_rate": 0.014598540145985401,
            "reject_rate": 0.0
        }
    }
}