{
    "Total": 0.0003323154867828341,
    "workers": {
        "putien": {
            "valid": 474,
            "stale": 7,
            "reject": 0,
            "portion": 0.740625,
            "outcome": 0.0002461211573985365,
            "stale_rate": 0.014767932489451477,
            "reject_rate": 0.0
        },
        "zaiton": {
            "valid": 166,
            "stale": 2,
            "reject": 0,
            "portion": 0.259375,
            "outcome": 8.619432938429761e-05,
            "stale_rate": 0.012048192771084338,
            "reject_rate": 0.0
        }
    }
}