{
    "Total": 0.000725107572886004,
    "workers": {
        "putien": {
            "valid": 542,
            "stale": 7,
            "reject": 0,
            "portion": 0.5350444225074038,
            "outcome": 0.00038796476259053724,
            "stale_rate": 0.012915129151291513,
            "reject_rate": 0.0
        },
        "zaiton": {
            "valid": 471,
            "stale": 9,
            "reject": 0,
            "portion": 0.46495557749259625,
            "outcome": 0.00033714281029546687,
            "stale_rate": 0.01910828025477707,
            "reject_rate": 0.0
        }
    }
}