{
    "Total": 0.0006502457404944823,
    "workers": {
        "putien": {
            "valid": 499,
            "stale": 6,
            "reject": 0,
            "portion": 0.5319829424307037,
            "outcome": 0.00034591964233128645,
            "stale_rate": 0.012024048096192385,
            "reject_rate": 0.0
        },
        "zaiton": {
            "valid": 439,
            "stale": 10,
            "reject": 0,
            "portion": 0.4680170575692964,
            "outcome": 0.0003043260981631959,
            "stale_rate": 0.022779043280182234,
            "reject_rate": 0.0
        }
    }
}