{
    "Total": 0.0007178820666036924,
    "workers": {
        "putien": {
            "valid": 531,
            "stale": 7,
            "reject": 0,
            "portion": 0.5226377952755905,
            "outcome": 0.0003751923005576384,
            "stale_rate": 0.013182674199623353,
            "reject_rate": 0.0
        },
        "zaiton": {
            "valid": 485,
            "stale": 6,
            "reject": 0,
            "portion": 0.47736220472440943,
            "outcome": 0.0003426897660460539,
            "stale_rate": 0.012371134020618556,
            "reject_rate": 0.0
        }
    }
}