{
    "Total": 0.0005771563443984788,
    "workers": {
        "putien": {
            "valid": 497,
            "stale": 7,
            "reject": 0,
            "portion": 0.5281615302869288,
            "outcome": 0.0003048317780723103,
            "stale_rate": 0.014084507042253521,
            "reject_rate": 0.0
        },
        "zaiton": {
            "valid": 444,
            "stale": 4,
            "reject": 0,
            "portion": 0.4718384697130712,
            "outcome": 0.00027232456632616853,
            "stale_rate": 0.009009009009009009,
            "reject_rate": 0.0
        }
    }
}