{
    "Total": 0.003591473873526408,
    "workers": {
        "1070": {
            "valid": 212,
            "stale": 1,
            "reject": 0,
            "portion": 0.049463369108726084,
            "outcome": 0.00017764639785058294,
            "stale_rate": 0.0047169811320754715,
            "reject_rate": 0.0
        },
        "lsy": {
            "valid": 294,
            "stale": 4,
            "reject": 0,
            "portion": 0.06859542697153523,
            "outcome": 0.00024635868381165743,
            "stale_rate": 0.013605442176870748,
            "reject_rate": 0.0
        },
        "lsy_2": {
            "valid": 526,
            "stale": 7,
            "reject": 0,
            "portion": 0.12272515165655623,
            "outcome": 0.00044076417579908786,
            "stale_rate": 0.013307984790874524,
            "reject_rate": 0.0
        },
        "lsy_3": {
            "valid": 572,
            "stale": 6,
            "reject": 0,
            "portion": 0.13345776948203453,
            "outcome": 0.00047931009231383696,
            "stale_rate": 0.01048951048951049,
            "reject_rate": 0.0
        },
        "master": {
            "valid": 439,
            "stale": 8,
            "reject": 0,
            "portion": 0.10242650489967335,
            "outcome": 0.00036786211630380144,
            "stale_rate": 0.018223234624145785,
            "reject_rate": 0.0
        },
        "niu": {
            "valid": 439,
            "stale": 12,
            "reject": 0,
            "portion": 0.10242650489967335,
            "outcome": 0.00036786211630380144,
            "stale_rate": 0.02733485193621868,
            "reject_rate": 0.0
        },
        "prol": {
            "valid": 290,
            "stale": 2,
            "reject": 0,
            "portion": 0.06766215585627625,
            "outcome": 0.00024300686498428798,
            "stale_rate": 0.006896551724137931,
            "reject_rate": 0.0
        },
        "prol2": {
            "valid": 538,
            "stale": 6,
            "reject": 0,
            "portion": 0.12552496500233318,
            "outcome": 0.0004508196322811963,
            "stale_rate": 0.011152416356877323,
            "reject_rate": 0.0
        },
        "putien": {
            "valid": 501,
            "stale": 7,
            "reject": 0,
            "portion": 0.11689220718618759,
            "outcome": 0.00041981530812802855,
            "stale_rate": 0.013972055888223553,
            "reject_rate": 0.0
        },
        "zaiton": {
            "valid": 475,
            "stale": 11,
            "reject": 0,
            "portion": 0.1108259449370042,
            "outcome": 0.0003980284857501269,
            "stale_rate": 0.023157894736842106,
            "reject_rate": 0.0
        }
    }
}