{
    "Total": 0.0029718855593086537,
    "workers": {
        "lsy": {
            "valid": 311,
            "stale": 2,
            "reject": 0,
            "portion": 0.11467551622418878,
            "outcome": 0.00034080251067293186,
            "stale_rate": 0.006430868167202572,
            "reject_rate": 0.0
        },
        "lsy_2": {
            "valid": 493,
            "stale": 20,
            "reject": 0,
            "portion": 0.18178466076696165,
            "outcome": 0.0005402432082371557,
            "stale_rate": 0.04056795131845842,
            "reject_rate": 0.0
        },
        "master": {
            "valid": 396,
            "stale": 26,
            "reject": 0,
            "portion": 0.14601769911504425,
            "outcome": 0.000433947891403476,
            "stale_rate": 0.06565656565656566,
            "reject_rate": 0.0
        },
        "prol": {
            "valid": 532,
            "stale": 6,
            "reject": 0,
            "portion": 0.19616519174041297,
            "outcome": 0.0005829805005723465,
            "stale_rate": 0.011278195488721804,
            "reject_rate": 0.0
        },
        "putien": {
            "valid": 517,
            "stale": 8,
            "reject": 0,
            "portion": 0.19063421828908556,
            "outcome": 0.000566543080443427,
            "stale_rate": 0.015473887814313346,
            "reject_rate": 0.0
        },
        "zaiton": {
            "valid": 463,
            "stale": 11,
            "reject": 0,
            "portion": 0.1707227138643068,
            "outcome": 0.0005073683679793166,
            "stale_rate": 0.023758099352051837,
            "reject_rate": 0.0
        }
    }
}