{
    "Total": 0.005230664861459395,
    "workers": {
        "lee": {
            "valid": 533,
            "stale": 10,
            "reject": 0,
            "portion": 0.13206144697720515,
            "outcome": 0.00069076917025715,
            "stale_rate": 0.01876172607879925,
            "reject_rate": 0.0
        },
        "lsy": {
            "valid": 269,
            "stale": 3,
            "reject": 0,
            "portion": 0.06665014866204162,
            "outcome": 0.000348624590617586,
            "stale_rate": 0.011152416356877323,
            "reject_rate": 0.0
        },
        "master": {
            "valid": 413,
            "stale": 7,
            "reject": 0,
            "portion": 0.10232903865213082,
            "outcome": 0.0005352489067846209,
            "stale_rate": 0.01694915254237288,
            "reject_rate": 0.0
        },
        "niu": {
            "valid": 452,
            "stale": 21,
            "reject": 0,
            "portion": 0.11199207135777998,
            "outcome": 0.0005857929924131929,
            "stale_rate": 0.046460176991150445,
            "reject_rate": 0.0
        },
        "prol": {
            "valid": 504,
            "stale": 7,
            "reject": 0,
            "portion": 0.12487611496531219,
            "outcome": 0.0006531851065846221,
            "stale_rate": 0.013888888888888888,
            "reject_rate": 0.0
        },
        "prol2": {
            "valid": 503,
            "stale": 2,
            "reject": 0,
            "portion": 0.12462834489593658,
            "outcome": 0.0006518891043890177,
            "stale_rate": 0.003976143141153081,
            "reject_rate": 0.0
        },
        "putien": {
            "valid": 490,
            "stale": 12,
            "reject": 0,
            "portion": 0.12140733399405351,
            "outcome": 0.0006350410758461603,
            "stale_rate": 0.024489795918367346,
            "reject_rate": 0.0
        },
        "yyl": {
            "valid": 437,
            "stale": 10,
            "reject": 0,
            "portion": 0.10827552031714568,
            "outcome": 0.0005663529594791267,
            "stale_rate": 0.02288329519450801,
            "reject_rate": 0.0
        },
        "zaiton": {
            "valid": 435,
            "stale": 5,
            "reject": 0,
            "portion": 0.10777998017839445,
            "outcome": 0.0005637609550879179,
            "stale_rate": 0.011494252873563218,
            "reject_rate": 0.0
        }
    }
}