{
    "Total": 0.0005256459447997102,
    "workers": {
        "putien": {
            "valid": 489,
            "stale": 7,
            "reject": 0,
            "portion": 0.5475923852183651,
            "outcome": 0.00028783971669323435,
            "stale_rate": 0.014314928425357873,
            "reject_rate": 0.0
        },
        "zaiton": {
            "valid": 404,
            "stale": 7,
            "reject": 0,
            "portion": 0.45240761478163494,
            "outcome": 0.00023780622810647584,
            "stale_rate": 0.017326732673267328,
            "reject_rate": 0.0
        }
    }
}