{
    "Total": 0.0005292991910441831,
    "workers": {
        "putien": {
            "valid": 492,
            "stale": 11,
            "reject": 0,
            "portion": 0.5418502202643172,
            "outcome": 0.0002868008832530155,
            "stale_rate": 0.022357723577235773,
            "reject_rate": 0.0
        },
        "zaiton": {
            "valid": 416,
            "stale": 7,
            "reject": 0,
            "portion": 0.4581497797356828,
            "outcome": 0.0002424983077911676,
            "stale_rate": 0.016826923076923076,
            "reject_rate": 0.0
        }
    }
}