{
    "Total": 0.0005414524814564625,
    "workers": {
        "putien": {
            "valid": 477,
            "stale": 7,
            "reject": 0,
            "portion": 0.5432801822323462,
            "outcome": 0.00029416040279582297,
            "stale_rate": 0.014675052410901468,
            "reject_rate": 0.0
        },
        "zaiton": {
            "valid": 401,
            "stale": 9,
            "reject": 0,
            "portion": 0.45671981776765375,
            "outcome": 0.00024729207866063945,
            "stale_rate": 0.022443890274314215,
            "reject_rate": 0.0
        }
    }
}