{
    "Total": 0.006230864441171659,
    "workers": {
        "lee": {
            "valid": 507,
            "stale": 8,
            "reject": 0,
            "portion": 0.1073470251958501,
            "outcome": 0.0006688647621583805,
            "stale_rate": 0.015779092702169626,
            "reject_rate": 0.0
        },
        "lsy": {
            "valid": 320,
            "stale": 5,
            "reject": 0,
            "portion": 0.06775354647469828,
            "outcome": 0.00042216316349246894,
            "stale_rate": 0.015625,
            "reject_rate": 0.0
        },
        "lsy_2": {
            "valid": 512,
            "stale": 8,
            "reject": 0,
            "portion": 0.10840567435951726,
            "outcome": 0.0006754610615879504,
            "stale_rate": 0.015625,
            "reject_rate": 0.0
        },
        "lsy_3": {
            "valid": 506,
            "stale": 10,
            "reject": 0,
            "portion": 0.10713529536311667,
            "outcome": 0.0006675455022724665,
            "stale_rate": 0.019762845849802372,
            "reject_rate": 0.0
        },
        "master": {
            "valid": 438,
            "stale": 14,
            "reject": 0,
            "portion": 0.09273766673724328,
            "outcome": 0.0005778358300303169,
            "stale_rate": 0.0319634703196347,
            "reject_rate": 0.0
        },
        "niu": {
            "valid": 557,
            "stale": 18,
            "reject": 0,
            "portion": 0.1179335168325217,
            "outcome": 0.0007348277564540788,
            "stale_rate": 0.03231597845601436,
            "reject_rate": 0.0
        },
        "prol": {
            "valid": 530,
            "stale": 26,
            "reject": 0,
            "portion": 0.11221681134871904,
            "outcome": 0.0006992077395344018,
            "stale_rate": 0.04905660377358491,
            "reject_rate": 0.0
        },
        "prol2": {
            "valid": 521,
            "stale": 11,
            "reject": 0,
            "portion": 0.11031124285411814,
            "outcome": 0.000687334400561176,
            "stale_rate": 0.02111324376199616,
            "reject_rate": 0.0
        },
        "putien": {
            "valid": 377,
            "stale": 5,
            "reject": 0,
            "portion": 0.07982214694050392,
            "outcome": 0.0004973609769895651,
            "stale_rate": 0.013262599469496022,
            "reject_rate": 0.0
        },
        "yyl": {
            "valid": 455,
            "stale": 9,
            "reject": 0,
            "portion": 0.09633707389371163,
            "outcome": 0.0006002632480908544,
            "stale_rate": 0.01978021978021978,
            "reject_rate": 0.0
        }
    }
}