{
    "Total": 0.0026147876290886734,
    "workers": {
        "1070": {
            "valid": 237,
            "stale": 3,
            "reject": 0,
            "portion": 0.07299045272559286,
            "outcome": 0.00019085453282846187,
            "stale_rate": 0.012658227848101266,
            "reject_rate": 0.0
        },
        "lsy": {
            "valid": 54,
            "stale": 0,
            "reject": 0,
            "portion": 0.016630736064059133,
            "outcome": 4.348584292294068e-05,
            "stale_rate": 0.0,
            "reject_rate": 0.0
        },
        "lsy_2": {
            "valid": 538,
            "stale": 8,
            "reject": 0,
            "portion": 0.16569140745303357,
            "outcome": 0.000433247842454483,
            "stale_rate": 0.01486988847583643,
            "reject_rate": 0.0
        },
        "lsy_3": {
            "valid": 505,
            "stale": 10,
            "reject": 0,
            "portion": 0.15552817985833076,
            "outcome": 0.00040667316066824143,
            "stale_rate": 0.019801980198019802,
            "reject_rate": 0.0
        },
        "master": {
            "valid": 512,
            "stale": 8,
            "reject": 0,
            "portion": 0.15768401601478288,
            "outcome": 0.0004123102143804745,
            "stale_rate": 0.015625,
            "reject_rate": 0.0
        },
        "prol": {
            "valid": 521,
            "stale": 9,
            "reject": 0,
            "portion": 0.16045580535879272,
            "outcome": 0.0004195578548676313,
            "stale_rate": 0.01727447216890595,
            "reject_rate": 0.0
        },
        "putien": {
            "valid": 391,
            "stale": 8,
            "reject": 0,
            "portion": 0.12041884816753927,
            "outcome": 0.000314869714497589,
            "stale_rate": 0.020460358056265986,
            "reject_rate": 0.0
        },
        "zaiton": {
            "valid": 489,
            "stale": 8,
            "reject": 0,
            "portion": 0.15060055435786882,
            "outcome": 0.00039378846646885167,
            "stale_rate": 0.016359918200409,
            "reject_rate": 0.0
        }
    }
}