{
    "Total": 0.0035531259612710184,
    "workers": {
        "1070": {
            "valid": 260,
            "stale": 2,
            "reject": 0,
            "portion": 0.057816321992439405,
            "outcome": 0.00020542867465654099,
            "stale_rate": 0.007692307692307693,
            "reject_rate": 0.0
        },
        "lsy": {
            "valid": 318,
            "stale": 1,
            "reject": 0,
            "portion": 0.07071380920613743,
            "outcome": 0.00025125507131069246,
            "stale_rate": 0.0031446540880503146,
            "reject_rate": 0.0
        },
        "lsy_2": {
            "valid": 520,
            "stale": 9,
            "reject": 0,
            "portion": 0.11563264398487881,
            "outcome": 0.00041085734931308197,
            "stale_rate": 0.01730769230769231,
            "reject_rate": 0.0
        },
        "lsy_3": {
            "valid": 545,
            "stale": 11,
            "reject": 0,
            "portion": 0.12119190571492106,
            "outcome": 0.0004306101064915955,
            "stale_rate": 0.02018348623853211,
            "reject_rate": 0.0
        },
        "master": {
            "valid": 471,
            "stale": 11,
            "reject": 0,
            "portion": 0.104736490993996,
            "outcome": 0.0003721419452431954,
            "stale_rate": 0.02335456475583864,
            "reject_rate": 0.0
        },
        "niu": {
            "valid": 470,
            "stale": 11,
            "reject": 0,
            "portion": 0.10451412052479431,
            "outcome": 0.00037135183495605483,
            "stale_rate": 0.023404255319148935,
            "reject_rate": 0.0
        },
        "prol": {
            "valid": 456,
            "stale": 6,
            "reject": 0,
            "portion": 0.10140093395597065,
            "outcome": 0.00036029029093608727,
            "stale_rate": 0.013157894736842105,
            "reject_rate": 0.0
        },
        "prol2": {
            "valid": 538,
            "stale": 10,
            "reject": 0,
            "portion": 0.11963531243050923,
            "outcome": 0.0004250793344816117,
            "stale_rate": 0.01858736059479554,
            "reject_rate": 0.0
        },
        "putien": {
            "valid": 469,
            "stale": 9,
            "reject": 0,
            "portion": 0.10429175005559262,
            "outcome": 0.0003705617246689143,
            "stale_rate": 0.019189765458422176,
            "reject_rate": 0.0
        },
        "zaiton": {
            "valid": 450,
            "stale": 4,
            "reject": 0,
            "portion": 0.1000667111407605,
            "outcome": 0.000355549629213244,
            "stale_rate": 0.008888888888888889,
            "reject_rate": 0.0
        }
    }
}