{
    "Total": 0.0010455490741306602,
    "workers": {
        "1070": {
            "valid": 216,
            "stale": 4,
            "reject": 0,
            "portion": 0.1281899109792285,
            "outcome": 0.0001340288427372241,
            "stale_rate": 0.018518518518518517,
            "reject_rate": 0.0
        },
        "lsy": {
            "valid": 113,
            "stale": 4,
            "reject": 0,
            "portion": 0.06706231454005934,
            "outcome": 7.011694087641815e-05,
            "stale_rate": 0.035398230088495575,
            "reject_rate": 0.0
        },
        "lsy_2": {
            "valid": 558,
            "stale": 9,
            "reject": 0,
            "portion": 0.3311572700296736,
            "outcome": 0.00034624117707116227,
            "stale_rate": 0.016129032258064516,
            "reject_rate": 0.0
        },
        "lsy_3": {
            "valid": 97,
            "stale": 0,
            "reject": 0,
            "portion": 0.057566765578635014,
            "outcome": 6.01888784514386e-05,
            "stale_rate": 0.0,
            "reject_rate": 0.0
        },
        "putien": {
            "valid": 234,
            "stale": 0,
            "reject": 0,
            "portion": 0.13887240356083086,
            "outcome": 0.0001451979129653261,
            "stale_rate": 0.0,
            "reject_rate": 0.0
        },
        "zaiton": {
            "valid": 467,
            "stale": 7,
            "reject": 0,
            "portion": 0.2771513353115727,
            "outcome": 0.000289775322029091,
            "stale_rate": 0.014989293361884369,
            "reject_rate": 0.0
        }
    }
}