{
    "Total": 0.0005118706350341711,
    "workers": {
        "putien": {
            "valid": 403,
            "stale": 8,
            "reject": 0,
            "portion": 0.5605006954102921,
            "outcome": 0.0002869038468967607,
            "stale_rate": 0.019851116625310174,
            "reject_rate": 0.0
        },
        "zaiton": {
            "valid": 316,
            "stale": 7,
            "reject": 0,
            "portion": 0.43949930458970793,
            "outcome": 0.00022496678813741037,
            "stale_rate": 0.022151898734177215,
            "reject_rate": 0.0
        }
    }
}