{
    "Total": 0.0007087815557995684,
    "workers": {
        "putien": {
            "valid": 541,
            "stale": 8,
            "reject": 0,
            "portion": 0.5415415415415415,
            "outcome": 0.0003838346563439104,
            "stale_rate": 0.014787430683918669,
            "reject_rate": 0.0
        },
        "zaiton": {
            "valid": 458,
            "stale": 6,
            "reject": 0,
            "portion": 0.45845845845845845,
            "outcome": 0.00032494689945565796,
            "stale_rate": 0.013100436681222707,
            "reject_rate": 0.0
        }
    }
}