{
    "Total": 0.0006404584405482409,
    "workers": {
        "putien": {
            "valid": 486,
            "stale": 10,
            "reject": 0,
            "portion": 0.5334796926454446,
            "outcome": 0.00034167157201585633,
            "stale_rate": 0.0205761316872428,
            "reject_rate": 0.0
        },
        "zaiton": {
            "valid": 425,
            "stale": 8,
            "reject": 0,
            "portion": 0.4665203073545554,
            "outcome": 0.00029878686853238457,
            "stale_rate": 0.018823529411764704,
            "reject_rate": 0.0
        }
    }
}