{
    "Total": 0.0007470891331157344,
    "workers": {
        "putien": {
            "valid": 501,
            "stale": 3,
            "reject": 0,
            "portion": 0.49801192842942343,
            "outcome": 0.0003720592998916331,
            "stale_rate": 0.005988023952095809,
            "reject_rate": 0.0
        },
        "zaiton": {
            "valid": 505,
            "stale": 6,
            "reject": 0,
            "portion": 0.5019880715705766,
            "outcome": 0.0003750298332241013,
            "stale_rate": 0.011881188118811881,
            "reject_rate": 0.0
        }
    }
}