{
    "Total": 0.007334456892130412,
    "workers": {
        "lee": {
            "valid": 510,
            "stale": 20,
            "reject": 0,
            "portion": 0.11058109280138768,
            "outcome": 0.0008110522582364506,
            "stale_rate": 0.0392156862745098,
            "reject_rate": 0.0
        },
        "lsy": {
            "valid": 321,
            "stale": 2,
            "reject": 0,
            "portion": 0.06960104076322636,
            "outcome": 0.0005104858331252953,
            "stale_rate": 0.006230529595015576,
            "reject_rate": 0.0
        },
        "lsy_2": {
            "valid": 499,
            "stale": 33,
            "reject": 0,
            "portion": 0.10819601040763227,
            "outcome": 0.0007935589742352723,
            "stale_rate": 0.06613226452905811,
            "reject_rate": 0.0
        },
        "lsy_3": {
            "valid": 480,
            "stale": 41,
            "reject": 0,
            "portion": 0.10407632263660017,
            "outcome": 0.0007633433018696005,
            "stale_rate": 0.08541666666666667,
            "reject_rate": 0.0
        },
        "master": {
            "valid": 428,
            "stale": 33,
            "reject": 0,
            "portion": 0.09280138768430182,
            "outcome": 0.0006806477775003938,
            "stale_rate": 0.07710280373831775,
            "reject_rate": 0.0
        },
        "niu": {
            "valid": 488,
            "stale": 30,
            "reject": 0,
            "portion": 0.10581092801387684,
            "outcome": 0.0007760656902340939,
            "stale_rate": 0.06147540983606557,
            "reject_rate": 0.0
        },
        "prol": {
            "valid": 502,
            "stale": 16,
            "reject": 0,
            "portion": 0.10884648742411102,
            "outcome": 0.0007983298698719572,
            "stale_rate": 0.03187250996015936,
            "reject_rate": 0.0
        },
        "putien": {
            "valid": 473,
            "stale": 26,
            "reject": 0,
            "portion": 0.10255854293148309,
            "outcome": 0.0007522112120506688,
            "stale_rate": 0.05496828752642706,
            "reject_rate": 0.0
        },
        "yyl": {
            "valid": 444,
            "stale": 21,
            "reject": 0,
            "portion": 0.09627059843885516,
            "outcome": 0.0007060925542293804,
            "stale_rate": 0.0472972972972973,
            "reject_rate": 0.0
        },
        "zaiton": {
            "valid": 467,
            "stale": 32,
            "reject": 0,
            "portion": 0.10125758889852558,
            "outcome": 0.0007426694207772988,
            "stale_rate": 0.06852248394004283,
            "reject_rate": 0.0
        }
    }
}