{
    "Total": 0.007521428107872,
    "workers": {
        "lee": {
            "valid": 449,
            "stale": 10,
            "reject": 0,
            "portion": 0.09628994209736222,
            "outcome": 0.0007242378769964675,
            "stale_rate": 0.022271714922048998,
            "reject_rate": 0.0
        },
        "lsy_2": {
            "valid": 526,
            "stale": 13,
            "reject": 0,
            "portion": 0.11280291657731074,
            "outcome": 0.0008484390273945253,
            "stale_rate": 0.024714828897338403,
            "reject_rate": 0.0
        },
        "lsy_3": {
            "valid": 545,
            "stale": 8,
            "reject": 0,
            "portion": 0.11687754664379155,
            "outcome": 0.0008790860645057345,
            "stale_rate": 0.014678899082568808,
            "reject_rate": 0.0
        },
        "master": {
            "valid": 513,
            "stale": 22,
            "reject": 0,
            "portion": 0.11001501179498177,
            "outcome": 0.0008274700020026455,
            "stale_rate": 0.042884990253411304,
            "reject_rate": 0.0
        },
        "niu": {
            "valid": 238,
            "stale": 4,
            "reject": 0,
            "portion": 0.05104010293802273,
            "outcome": 0.0003838944648667244,
            "stale_rate": 0.01680672268907563,
            "reject_rate": 0.0
        },
        "prol": {
            "valid": 536,
            "stale": 13,
            "reject": 0,
            "portion": 0.1149474587175638,
            "outcome": 0.0008645690469267407,
            "stale_rate": 0.024253731343283583,
            "reject_rate": 0.0
        },
        "prol2": {
            "valid": 480,
            "stale": 6,
            "reject": 0,
            "portion": 0.10293802273214668,
            "outcome": 0.0007742409375463349,
            "stale_rate": 0.0125,
            "reject_rate": 0.0
        },
        "putien": {
            "valid": 487,
            "stale": 8,
            "reject": 0,
            "portion": 0.10443920223032382,
            "outcome": 0.0007855319512188857,
            "stale_rate": 0.01642710472279261,
            "reject_rate": 0.0
        },
        "yyl": {
            "valid": 430,
            "stale": 7,
            "reject": 0,
            "portion": 0.0922153120308814,
            "outcome": 0.0006935908398852584,
            "stale_rate": 0.01627906976744186,
            "reject_rate": 0.0
        },
        "zaiton": {
            "valid": 459,
            "stale": 9,
            "reject": 0,
            "portion": 0.09843448423761526,
            "outcome": 0.0007403678965286827,
            "stale_rate": 0.0196078431372549,
            "reject_rate": 0.0
        }
    }
}