{
    "Total": 0.001317224689694457,
    "workers": {
        "1070": {
            "valid": 192,
            "stale": 3,
            "reject": 0,
            "portion": 0.1060187741579238,
            "outcome": 0.0001396505468919579,
            "stale_rate": 0.015625,
            "reject_rate": 0.0
        },
        "lsy_2": {
            "valid": 530,
            "stale": 7,
            "reject": 0,
            "portion": 0.29265599116510216,
            "outcome": 0.00038549369714967543,
            "stale_rate": 0.013207547169811321,
            "reject_rate": 0.0
        },
        "lsy_3": {
            "valid": 306,
            "stale": 1,
            "reject": 0,
            "portion": 0.16896742131419104,
            "outcome": 0.00022256805910905787,
            "stale_rate": 0.0032679738562091504,
            "reject_rate": 0.0
        },
        "putien": {
            "valid": 293,
            "stale": 5,
            "reject": 0,
            "portion": 0.16178906681391497,
            "outcome": 0.00021311255332991493,
            "stale_rate": 0.017064846416382253,
            "reject_rate": 0.0
        },
        "zaiton": {
            "valid": 490,
            "stale": 5,
            "reject": 0,
            "portion": 0.27056874654886803,
            "outcome": 0.00035639983321385086,
            "stale_rate": 0.01020408163265306,
            "reject_rate": 0.0
        }
    }
}