{
    "Total": 0.003785420701316409,
    "workers": {
        "lee": {
            "valid": 540,
            "stale": 9,
            "reject": 0,
            "portion": 0.1447721179624665,
            "outcome": 0.0005480233723085418,
            "stale_rate": 0.016666666666666666,
            "reject_rate": 0.0
        },
        "lsy": {
            "valid": 317,
            "stale": 2,
            "reject": 0,
            "portion": 0.08498659517426274,
            "outcome": 0.0003217100167070514,
            "stale_rate": 0.006309148264984227,
            "reject_rate": 0.0
        },
        "lsy_2": {
            "valid": 418,
            "stale": 14,
            "reject": 0,
            "portion": 0.11206434316353887,
            "outcome": 0.00042421068449068603,
            "stale_rate": 0.03349282296650718,
            "reject_rate": 0.0
        },
        "niu": {
            "valid": 525,
            "stale": 10,
            "reject": 0,
            "portion": 0.14075067024128687,
            "outcome": 0.0005328005008555268,
            "stale_rate": 0.01904761904761905,
            "reject_rate": 0.0
        },
        "prol": {
            "valid": 479,
            "stale": 12,
            "reject": 0,
            "portion": 0.1284182305630027,
            "outcome": 0.0004861170283996139,
            "stale_rate": 0.025052192066805846,
            "reject_rate": 0.0
        },
        "prol2": {
            "valid": 521,
            "stale": 7,
            "reject": 0,
            "portion": 0.13967828418230563,
            "outcome": 0.000528741068468056,
            "stale_rate": 0.013435700575815739,
            "reject_rate": 0.0
        },
        "putien": {
            "valid": 448,
            "stale": 12,
            "reject": 0,
            "portion": 0.12010723860589813,
            "outcome": 0.00045465642739671617,
            "stale_rate": 0.026785714285714284,
            "reject_rate": 0.0
        },
        "zaiton": {
            "valid": 482,
            "stale": 8,
            "reject": 0,
            "portion": 0.12922252010723861,
            "outcome": 0.000489161602690217,
            "stale_rate": 0.016597510373443983,
            "reject_rate": 0.0
        }
    }
}