{
    "Total": 0.0005697779662293122,
    "workers": {
        "putien": {
            "valid": 467,
            "stale": 8,
            "reject": 0,
            "portion": 0.5065075921908894,
            "outcome": 0.0002885968657582308,
            "stale_rate": 0.017130620985010708,
            "reject_rate": 0.0
        },
        "zaiton": {
            "valid": 455,
            "stale": 5,
            "reject": 0,
            "portion": 0.49349240780911063,
            "outcome": 0.0002811811004710814,
            "stale_rate": 0.01098901098901099,
            "reject_rate": 0.0
        }
    }
}