{
    "Total": 0.000962727815794004,
    "workers": {
        "lsy_2": {
            "valid": 268,
            "stale": 7,
            "reject": 0,
            "portion": 0.21354581673306772,
            "outcome": 0.00020558649771537296,
            "stale_rate": 0.026119402985074626,
            "reject_rate": 0.0
        },
        "putien": {
            "valid": 511,
            "stale": 10,
            "reject": 0,
            "portion": 0.40717131474103585,
            "outcome": 0.0003919951504946104,
            "stale_rate": 0.019569471624266144,
            "reject_rate": 0.0
        },
        "zaiton": {
            "valid": 476,
            "stale": 4,
            "reject": 0,
            "portion": 0.37928286852589643,
            "outcome": 0.00036514616758402067,
            "stale_rate": 0.008403361344537815,
            "reject_rate": 0.0
        }
    }
}