{
    "Total": 0.003667712158520367,
    "workers": {
        "1070": {
            "valid": 208,
            "stale": 2,
            "reject": 0,
            "portion": 0.04615043266030619,
            "outcome": 0.00016926650298918047,
            "stale_rate": 0.009615384615384616,
            "reject_rate": 0.0
        },
        "lsy": {
            "valid": 289,
            "stale": 6,
            "reject": 0,
            "portion": 0.06412247614821388,
            "outcome": 0.0002351827854032363,
            "stale_rate": 0.020761245674740483,
            "reject_rate": 0.0
        },
        "lsy_2": {
            "valid": 551,
            "stale": 12,
            "reject": 0,
            "portion": 0.12225427113379188,
            "outcome": 0.000448393476668454,
            "stale_rate": 0.021778584392014518,
            "reject_rate": 0.0
        },
        "lsy_3": {
            "valid": 572,
            "stale": 13,
            "reject": 0,
            "portion": 0.12691368981584203,
            "outcome": 0.0004654828832202463,
            "stale_rate": 0.022727272727272728,
            "reject_rate": 0.0
        },
        "master": {
            "valid": 438,
            "stale": 18,
            "reject": 0,
            "portion": 0.09718216108276015,
            "outcome": 0.0003564361937945242,
            "stale_rate": 0.0410958904109589,
            "reject_rate": 0.0
        },
        "niu": {
            "valid": 463,
            "stale": 16,
            "reject": 0,
            "portion": 0.1027290880852008,
            "outcome": 0.00037678072540380073,
            "stale_rate": 0.03455723542116631,
            "reject_rate": 0.0
        },
        "prol": {
            "valid": 547,
            "stale": 8,
            "reject": 0,
            "portion": 0.12136676281340138,
            "outcome": 0.00044513835161096976,
            "stale_rate": 0.014625228519195612,
            "reject_rate": 0.0
        },
        "prol2": {
            "valid": 463,
            "stale": 8,
            "reject": 0,
            "portion": 0.1027290880852008,
            "outcome": 0.00037678072540380073,
            "stale_rate": 0.017278617710583154,
            "reject_rate": 0.0
        },
        "putien": {
            "valid": 493,
            "stale": 1,
            "reject": 0,
            "portion": 0.10938540048812957,
            "outcome": 0.0004011941633349325,
            "stale_rate": 0.002028397565922921,
            "reject_rate": 0.0
        },
        "zaiton": {
            "valid": 483,
            "stale": 3,
            "reject": 0,
            "portion": 0.10716662968715332,
            "outcome": 0.00039305635069122196,
            "stale_rate": 0.006211180124223602,
            "reject_rate": 0.0
        }
    }
}