{
    "Total": 0.000676907403705143,
    "workers": {
        "putien": {
            "valid": 468,
            "stale": 4,
            "reject": 0,
            "portion": 0.5026852846401718,
            "outcome": 0.0003402713909065595,
            "stale_rate": 0.008547008547008548,
            "reject_rate": 0.0
        },
        "zaiton": {
            "valid": 463,
            "stale": 12,
            "reject": 0,
            "portion": 0.49731471535982813,
            "outcome": 0.00033663601279858345,
            "stale_rate": 0.02591792656587473,
            "reject_rate": 0.0
        }
    }
}