{
    "Total": 0.0009608757274369371,
    "workers": {
        "1070": {
            "valid": 228,
            "stale": 3,
            "reject": 0,
            "portion": 0.20689655172413793,
            "outcome": 0.00019880187464212492,
            "stale_rate": 0.013157894736842105,
            "reject_rate": 0.0
        },
        "putien": {
            "valid": 431,
            "stale": 3,
            "reject": 0,
            "portion": 0.3911070780399274,
            "outcome": 0.00037580529811735014,
            "stale_rate": 0.0069605568445475635,
            "reject_rate": 0.0
        },
        "zaiton": {
            "valid": 443,
            "stale": 4,
            "reject": 0,
            "portion": 0.40199637023593465,
            "outcome": 0.000386268554677462,
            "stale_rate": 0.009029345372460496,
            "reject_rate": 0.0
        }
    }
}