{
    "Total": 0.000883915446670763,
    "workers": {
        "1070": {
            "valid": 234,
            "stale": 0,
            "reject": 0,
            "portion": 0.194675540765391,
            "outcome": 0.0001720767175715129,
            "stale_rate": 0.0,
            "reject_rate": 0.0
        },
        "putien": {
            "valid": 479,
            "stale": 7,
            "reject": 0,
            "portion": 0.3985024958402662,
            "outcome": 0.00035224251161006275,
            "stale_rate": 0.014613778705636743,
            "reject_rate": 0.0
        },
        "zaiton": {
            "valid": 489,
            "stale": 8,
            "reject": 0,
            "portion": 0.4068219633943428,
            "outcome": 0.0003595962174891873,
            "stale_rate": 0.016359918200409,
            "reject_rate": 0.0
        }
    }
}