{
    "Total": 0.0020491549549369317,
    "workers": {
        "1070": {
            "valid": 241,
            "stale": 3,
            "reject": 0,
            "portion": 0.09121877365632097,
            "outcome": 0.00018692140202112057,
            "stale_rate": 0.012448132780082987,
            "reject_rate": 0.0
        },
        "lee": {
            "valid": 567,
            "stale": 14,
            "reject": 0,
            "portion": 0.2146101438304315,
            "outcome": 0.0004397694396098563,
            "stale_rate": 0.024691358024691357,
            "reject_rate": 0.0
        },
        "lsy_2": {
            "valid": 510,
            "stale": 10,
            "reject": 0,
            "portion": 0.19303557910673733,
            "outcome": 0.00039555981340569086,
            "stale_rate": 0.0196078431372549,
            "reject_rate": 0.0
        },
        "lsy_3": {
            "valid": 237,
            "stale": 4,
            "reject": 0,
            "portion": 0.08970476911430735,
            "outcome": 0.00018381897211205633,
            "stale_rate": 0.016877637130801686,
            "reject_rate": 0.0
        },
        "prol": {
            "valid": 277,
            "stale": 1,
            "reject": 0,
            "portion": 0.10484481453444361,
            "outcome": 0.00021484327120269874,
            "stale_rate": 0.0036101083032490976,
            "reject_rate": 0.0
        },
        "putien": {
            "valid": 341,
            "stale": 6,
            "reject": 0,
            "portion": 0.12906888720666163,
            "outcome": 0.0002644821497477266,
            "stale_rate": 0.017595307917888565,
            "reject_rate": 0.0
        },
        "zaiton": {
            "valid": 469,
            "stale": 8,
            "reject": 0,
            "portion": 0.17751703255109766,
            "outcome": 0.00036375990683778234,
            "stale_rate": 0.017057569296375266,
            "reject_rate": 0.0
        }
    }
}