{
    "Total": 0.001397623583183437,
    "workers": {
        "1070": {
            "valid": 226,
            "stale": 5,
            "reject": 0,
            "portion": 0.11466260781329274,
            "outcome": 0.00016025516478917137,
            "stale_rate": 0.022123893805309734,
            "reject_rate": 0.0
        },
        "lsy_2": {
            "valid": 504,
            "stale": 5,
            "reject": 0,
            "portion": 0.2557077625570776,
            "outcome": 0.00035738319935284236,
            "stale_rate": 0.00992063492063492,
            "reject_rate": 0.0
        },
        "prol": {
            "valid": 323,
            "stale": 1,
            "reject": 0,
            "portion": 0.16387620497209537,
            "outcome": 0.0002290372487916033,
            "stale_rate": 0.0030959752321981426,
            "reject_rate": 0.0
        },
        "putien": {
            "valid": 454,
            "stale": 6,
            "reject": 0,
            "portion": 0.23033992897006594,
            "outcome": 0.00032192851687736195,
            "stale_rate": 0.013215859030837005,
            "reject_rate": 0.0
        },
        "zaiton": {
            "valid": 464,
            "stale": 10,
            "reject": 0,
            "portion": 0.23541349568746828,
            "outcome": 0.000329019453372458,
            "stale_rate": 0.021551724137931036,
            "reject_rate": 0.0
        }
    }
}