{
    "Total": 0.0037103610826142515,
    "workers": {
        "1070": {
            "valid": 226,
            "stale": 2,
            "reject": 0,
            "portion": 0.051574623459607484,
            "outcome": 0.0001913604757350116,
            "stale_rate": 0.008849557522123894,
            "reject_rate": 0.0
        },
        "lsy": {
            "valid": 300,
            "stale": 1,
            "reject": 0,
            "portion": 0.06846188954815152,
            "outcome": 0.0002540183306216968,
            "stale_rate": 0.0033333333333333335,
            "reject_rate": 0.0
        },
        "lsy_2": {
            "valid": 505,
            "stale": 13,
            "reject": 0,
            "portion": 0.11524418073938841,
            "outcome": 0.00042759752321318967,
            "stale_rate": 0.02574257425742574,
            "reject_rate": 0.0
        },
        "lsy_3": {
            "valid": 530,
            "stale": 12,
            "reject": 0,
            "portion": 0.12094933820173437,
            "outcome": 0.0004487657174316644,
            "stale_rate": 0.022641509433962263,
            "reject_rate": 0.0
        },
        "master": {
            "valid": 450,
            "stale": 12,
            "reject": 0,
            "portion": 0.1026928343222273,
            "outcome": 0.00038102749593254523,
            "stale_rate": 0.02666666666666667,
            "reject_rate": 0.0
        },
        "niu": {
            "valid": 511,
            "stale": 6,
            "reject": 0,
            "portion": 0.11661341853035144,
            "outcome": 0.0004326778898256236,
            "stale_rate": 0.011741682974559686,
            "reject_rate": 0.0
        },
        "prol": {
            "valid": 519,
            "stale": 5,
            "reject": 0,
            "portion": 0.11843906891830215,
            "outcome": 0.00043945171197553554,
            "stale_rate": 0.009633911368015413,
            "reject_rate": 0.0
        },
        "prol2": {
            "valid": 492,
            "stale": 9,
            "reject": 0,
            "portion": 0.11227749885896851,
            "outcome": 0.0004165900622195828,
            "stale_rate": 0.018292682926829267,
            "reject_rate": 0.0
        },
        "putien": {
            "valid": 433,
            "stale": 3,
            "reject": 0,
            "portion": 0.09881332724783204,
            "outcome": 0.0003666331238639824,
            "stale_rate": 0.006928406466512702,
            "reject_rate": 0.0
        },
        "zaiton": {
            "valid": 416,
            "stale": 5,
            "reject": 0,
            "portion": 0.09493382017343678,
            "outcome": 0.0003522387517954196,
            "stale_rate": 0.01201923076923077,
            "reject_rate": 0.0
        }
    }
}