{
    "Total": 0.0006343508306592904,
    "workers": {
        "putien": {
            "valid": 473,
            "stale": 9,
            "reject": 0,
            "portion": 0.5249722530521642,
            "outcome": 0.00033301658479671956,
            "stale_rate": 0.019027484143763214,
            "reject_rate": 0.0
        },
        "zaiton": {
            "valid": 428,
            "stale": 6,
            "reject": 0,
            "portion": 0.4750277469478357,
            "outcome": 0.0003013342458625708,
            "stale_rate": 0.014018691588785047,
            "reject_rate": 0.0
        }
    }
}