{
    "Total": 0.0006764608645027586,
    "workers": {
        "putien": {
            "valid": 467,
            "stale": 12,
            "reject": 0,
            "portion": 0.4962805526036132,
            "outcome": 0.00033571437165014694,
            "stale_rate": 0.02569593147751606,
            "reject_rate": 0.0
        },
        "zaiton": {
            "valid": 474,
            "stale": 6,
            "reject": 0,
            "portion": 0.5037194473963869,
            "outcome": 0.0003407464928526117,
            "stale_rate": 0.012658227848101266,
            "reject_rate": 0.0
        }
    }
}