{
    "Total": 0.0036739945103053603,
    "workers": {
        "lsy": {
            "valid": 303,
            "stale": 5,
            "reject": 0,
            "portion": 0.09585574185384373,
            "outcome": 0.0003521734693522696,
            "stale_rate": 0.0165016501650165,
            "reject_rate": 0.0
        },
        "lsy_2": {
            "valid": 491,
            "stale": 8,
            "reject": 0,
            "portion": 0.15533059158494147,
            "outcome": 0.000570683740765559,
            "stale_rate": 0.016293279022403257,
            "reject_rate": 0.0
        },
        "lsy_3": {
            "valid": 562,
            "stale": 7,
            "reject": 0,
            "portion": 0.17779183802594115,
            "outcome": 0.0006532062368844076,
            "stale_rate": 0.012455516014234875,
            "reject_rate": 0.0
        },
        "master": {
            "valid": 346,
            "stale": 95,
            "reject": 0,
            "portion": 0.10945903195191395,
            "outcome": 0.0004021518824946709,
            "stale_rate": 0.2745664739884393,
            "reject_rate": 0.0
        },
        "prol": {
            "valid": 523,
            "stale": 12,
            "reject": 0,
            "portion": 0.16545397026257513,
            "outcome": 0.0006078769784529273,
            "stale_rate": 0.022944550669216062,
            "reject_rate": 0.0
        },
        "putien": {
            "valid": 452,
            "stale": 11,
            "reject": 0,
            "portion": 0.14299272382157546,
            "outcome": 0.0005253544823340787,
            "stale_rate": 0.024336283185840708,
            "reject_rate": 0.0
        },
        "zaiton": {
            "valid": 484,
            "stale": 20,
            "reject": 0,
            "portion": 0.15311610249920912,
            "outcome": 0.0005625477200214471,
            "stale_rate": 0.04132231404958678,
            "reject_rate": 0.0
        }
    }
}