{
    "Total": 0.0004745006689810014,
    "workers": {
        "putien": {
            "valid": 493,
            "stale": 6,
            "reject": 0,
            "portion": 1.0,
            "outcome": 0.0004745006689810014,
            "stale_rate": 0.012170385395537525,
            "reject_rate": 0.0
        }
    }
}