{
    "Total": 0.000631939990244151,
    "workers": {
        "putien": {
            "valid": 478,
            "stale": 12,
            "reject": 0,
            "portion": 0.5184381778741866,
            "outcome": 0.00032762181706800885,
            "stale_rate": 0.02510460251046025,
            "reject_rate": 0.0
        },
        "zaiton": {
            "valid": 444,
            "stale": 5,
            "reject": 0,
            "portion": 0.48156182212581344,
            "outcome": 0.00030431817317614214,
            "stale_rate": 0.01126126126126126,
            "reject_rate": 0.0
        }
    }
}