{
    "Total": 0.0005866221187079948,
    "workers": {
        "putien": {
            "valid": 482,
            "stale": 7,
            "reject": 0,
            "portion": 0.510593220338983,
            "outcome": 0.0002995252767131922,
            "stale_rate": 0.014522821576763486,
            "reject_rate": 0.0
        },
        "zaiton": {
            "valid": 462,
            "stale": 3,
            "reject": 0,
            "portion": 0.4894067796610169,
            "outcome": 0.0002870968419948025,
            "stale_rate": 0.006493506493506494,
            "reject_rate": 0.0
        }
    }
}