{
    "Total": 0.0008329987659482123,
    "workers": {
        "lsy_2": {
            "valid": 94,
            "stale": 3,
            "reject": 0,
            "portion": 0.13001383125864455,
            "outcome": 0.00010830136099465002,
            "stale_rate": 0.031914893617021274,
            "reject_rate": 0.0
        },
        "putien": {
            "valid": 517,
            "stale": 4,
            "reject": 0,
            "portion": 0.715076071922545,
            "outcome": 0.0005956574854705751,
            "stale_rate": 0.007736943907156673,
            "reject_rate": 0.0
        },
        "zaiton": {
            "valid": 112,
            "stale": 4,
            "reject": 0,
            "portion": 0.15491009681881052,
            "outcome": 0.00012903991948298726,
            "stale_rate": 0.03571428571428571,
            "reject_rate": 0.0
        }
    }
}