{
    "Total": 0.01705907956374406,
    "workers": {
        "1070": {
            "valid": 231,
            "stale": 0,
            "reject": 19,
            "portion": 0.049316823228010245,
            "outcome": 0.000841299611277728,
            "stale_rate": 0.0,
            "reject_rate": 0.08225108225108226
        },
        "banzhang": {
            "valid": 520,
            "stale": 9,
            "reject": 45,
            "portion": 0.11101622544833475,
            "outcome": 0.0018938346227896905,
            "stale_rate": 0.01730769230769231,
            "reject_rate": 0.08653846153846154
        },
        "lsy": {
            "valid": 279,
            "stale": 5,
            "reject": 17,
            "portion": 0.05956447480785653,
            "outcome": 0.0010161151149198533,
            "stale_rate": 0.017921146953405017,
            "reject_rate": 0.06093189964157706
        },
        "lsy_2": {
            "valid": 460,
            "stale": 10,
            "reject": 45,
            "portion": 0.0982066609735269,
            "outcome": 0.001675315243237034,
            "stale_rate": 0.021739130434782608,
            "reject_rate": 0.09782608695652174
        },
        "lsy_3": {
            "valid": 484,
            "stale": 11,
            "reject": 38,
            "portion": 0.10333048676345004,
            "outcome": 0.0017627229950580967,
            "stale_rate": 0.022727272727272728,
            "reject_rate": 0.07851239669421488
        },
        "master": {
            "valid": 447,
            "stale": 10,
            "reject": 37,
            "portion": 0.09543125533731853,
            "outcome": 0.0016279693776672917,
            "stale_rate": 0.02237136465324385,
            "reject_rate": 0.08277404921700224
        },
        "niu": {
            "valid": 443,
            "stale": 16,
            "reject": 0,
            "portion": 0.09457728437233134,
            "outcome": 0.0016134014190304481,
            "stale_rate": 0.03611738148984198,
            "reject_rate": 0.0
        },
        "prol": {
            "valid": 469,
            "stale": 12,
            "reject": 37,
            "portion": 0.10012809564474807,
            "outcome": 0.0017080931501699324,
            "stale_rate": 0.0255863539445629,
            "reject_rate": 0.07889125799573561
        },
        "prol2": {
            "valid": 426,
            "stale": 16,
            "reject": 26,
            "portion": 0.09094790777113577,
            "outcome": 0.0015514875948238619,
            "stale_rate": 0.03755868544600939,
            "reject_rate": 0.06103286384976526
        },
        "putien": {
            "valid": 448,
            "stale": 8,
            "reject": 39,
            "portion": 0.09564474807856532,
            "outcome": 0.0016316113673265026,
            "stale_rate": 0.017857142857142856,
            "reject_rate": 0.08705357142857142
        },
        "zaiton": {
            "valid": 477,
            "stale": 9,
            "reject": 31,
            "portion": 0.10183603757472245,
            "outcome": 0.00173722906744362,
            "stale_rate": 0.018867924528301886,
            "reject_rate": 0.0649895178197065
        }
    }
}