{
    "Total": 0.0005385420550790058,
    "workers": {
        "putien": {
            "valid": 470,
            "stale": 9,
            "reject": 0,
            "portion": 0.8333333333333334,
            "outcome": 0.00044878504589917156,
            "stale_rate": 0.019148936170212766,
            "reject_rate": 0.0
        },
        "zaiton": {
            "valid": 94,
            "stale": 1,
            "reject": 0,
            "portion": 0.16666666666666666,
            "outcome": 8.97570091798343e-05,
            "stale_rate": 0.010638297872340425,
            "reject_rate": 0.0
        }
    }
}