{
    "Total": 0.005027944114639224,
    "workers": {
        "lee": {
            "valid": 495,
            "stale": 7,
            "reject": 0,
            "portion": 0.11677282377919321,
            "outcome": 0.0005871272320703977,
            "stale_rate": 0.014141414141414142,
            "reject_rate": 0.0
        },
        "lsy": {
            "valid": 261,
            "stale": 2,
            "reject": 0,
            "portion": 0.06157112526539278,
            "outcome": 0.00030957617690984603,
            "stale_rate": 0.007662835249042145,
            "reject_rate": 0.0
        },
        "lsy_2": {
            "valid": 492,
            "stale": 12,
            "reject": 0,
            "portion": 0.11606510969568294,
            "outcome": 0.0005835688852093649,
            "stale_rate": 0.024390243902439025,
            "reject_rate": 0.0
        },
        "lsy_3": {
            "valid": 518,
            "stale": 11,
            "reject": 0,
            "portion": 0.12219863175277187,
            "outcome": 0.0006144078913383151,
            "stale_rate": 0.021235521235521235,
            "reject_rate": 0.0
        },
        "master": {
            "valid": 535,
            "stale": 19,
            "reject": 0,
            "portion": 0.12620901155933004,
            "outcome": 0.0006345718568841673,
            "stale_rate": 0.03551401869158879,
            "reject_rate": 0.0
        },
        "prol": {
            "valid": 471,
            "stale": 10,
            "reject": 0,
            "portion": 0.1111111111111111,
            "outcome": 0.0005586604571821359,
            "stale_rate": 0.021231422505307854,
            "reject_rate": 0.0
        },
        "prol2": {
            "valid": 509,
            "stale": 8,
            "reject": 0,
            "portion": 0.12007548950224109,
            "outcome": 0.000603732850755217,
            "stale_rate": 0.015717092337917484,
            "reject_rate": 0.0
        },
        "putien": {
            "valid": 486,
            "stale": 6,
            "reject": 0,
            "portion": 0.11464968152866242,
            "outcome": 0.0005764521914872995,
            "stale_rate": 0.012345679012345678,
            "reject_rate": 0.0
        },
        "zaiton": {
            "valid": 472,
            "stale": 10,
            "reject": 0,
            "portion": 0.11134701580561453,
            "outcome": 0.0005598465728024802,
            "stale_rate": 0.0211864406779661,
            "reject_rate": 0.0
        }
    }
}