{
    "Total": 0.0006200255707367302,
    "workers": {
        "putien": {
            "valid": 500,
            "stale": 2,
            "reject": 0,
            "portion": 0.5313496280552603,
            "outcome": 0.00032945035639571205,
            "stale_rate": 0.004,
            "reject_rate": 0.0
        },
        "zaiton": {
            "valid": 441,
            "stale": 7,
            "reject": 0,
            "portion": 0.46865037194473963,
            "outcome": 0.0002905752143410181,
            "stale_rate": 0.015873015873015872,
            "reject_rate": 0.0
        }
    }
}