{
    "Total": 0.0057379151655214955,
    "workers": {
        "lee": {
            "valid": 525,
            "stale": 6,
            "reject": 0,
            "portion": 0.1561570493753718,
            "outcome": 0.0008960159018140349,
            "stale_rate": 0.011428571428571429,
            "reject_rate": 0.0
        },
        "lsy": {
            "valid": 279,
            "stale": 2,
            "reject": 0,
            "portion": 0.08298631766805473,
            "outcome": 0.00047616845067831564,
            "stale_rate": 0.007168458781362007,
            "reject_rate": 0.0
        },
        "lsy_2": {
            "valid": 536,
            "stale": 10,
            "reject": 0,
            "portion": 0.15942891136228435,
            "outcome": 0.0009147895683282336,
            "stale_rate": 0.018656716417910446,
            "reject_rate": 0.0
        },
        "lsy_3": {
            "valid": 505,
            "stale": 10,
            "reject": 0,
            "portion": 0.15020820939916715,
            "outcome": 0.0008618819626973097,
            "stale_rate": 0.019801980198019802,
            "reject_rate": 0.0
        },
        "master": {
            "valid": 452,
            "stale": 14,
            "reject": 0,
            "portion": 0.13444378346222485,
            "outcome": 0.0007714270240379881,
            "stale_rate": 0.030973451327433628,
            "reject_rate": 0.0
        },
        "prol": {
            "valid": 571,
            "stale": 8,
            "reject": 0,
            "portion": 0.16983938132064247,
            "outcome": 0.0009745239617825026,
            "stale_rate": 0.014010507880910683,
            "reject_rate": 0.0
        },
        "zaiton": {
            "valid": 494,
            "stale": 10,
            "reject": 0,
            "portion": 0.14693634741225461,
            "outcome": 0.0008431082961831109,
            "stale_rate": 0.020242914979757085,
            "reject_rate": 0.0
        }
    }
}