{
    "Total": 0.0006542671644262032,
    "workers": {
        "putien": {
            "valid": 475,
            "stale": 11,
            "reject": 0,
            "portion": 0.503177966101695,
            "outcome": 0.0003292128210831001,
            "stale_rate": 0.023157894736842106,
            "reject_rate": 0.0
        },
        "zaiton": {
            "valid": 469,
            "stale": 6,
            "reject": 0,
            "portion": 0.4968220338983051,
            "outcome": 0.00032505434334310305,
            "stale_rate": 0.01279317697228145,
            "reject_rate": 0.0
        }
    }
}