{
    "Total": 0.000660260530850877,
    "workers": {
        "lsy_2": {
            "valid": 255,
            "stale": 6,
            "reject": 0,
            "portion": 0.3346456692913386,
            "outcome": 0.00022095332725324625,
            "stale_rate": 0.023529411764705882,
            "reject_rate": 0.0
        },
        "niu": {
            "valid": 507,
            "stale": 19,
            "reject": 0,
            "portion": 0.6653543307086615,
            "outcome": 0.0004393072035976308,
            "stale_rate": 0.03747534516765286,
            "reject_rate": 0.0
        }
    }
}