{
    "Total": 0.0011384232918760073,
    "workers": {
        "1070": {
            "valid": 250,
            "stale": 5,
            "reject": 0,
            "portion": 0.15595757953836556,
            "outcome": 0.00017754574109108036,
            "stale_rate": 0.02,
            "reject_rate": 0.0
        },
        "lsy_2": {
            "valid": 489,
            "stale": 10,
            "reject": 0,
            "portion": 0.30505302557704306,
            "outcome": 0.0003472794695741532,
            "stale_rate": 0.02044989775051125,
            "reject_rate": 0.0
        },
        "putien": {
            "valid": 386,
            "stale": 6,
            "reject": 0,
            "portion": 0.24079850280723644,
            "outcome": 0.0002741306242446281,
            "stale_rate": 0.015544041450777202,
            "reject_rate": 0.0
        },
        "zaiton": {
            "valid": 478,
            "stale": 8,
            "reject": 0,
            "portion": 0.29819089207735494,
            "outcome": 0.0003394674569661456,
            "stale_rate": 0.016736401673640166,
            "reject_rate": 0.0
        }
    }
}