{
    "Total": 0.0053292308533683195,
    "workers": {
        "lee": {
            "valid": 510,
            "stale": 8,
            "reject": 0,
            "portion": 0.10567757977621219,
            "outcome": 0.0005631802186526819,
            "stale_rate": 0.01568627450980392,
            "reject_rate": 0.0
        },
        "lsy": {
            "valid": 286,
            "stale": 2,
            "reject": 0,
            "portion": 0.059262329050973894,
            "outcome": 0.00031582263242091577,
            "stale_rate": 0.006993006993006993,
            "reject_rate": 0.0
        },
        "lsy_2": {
            "valid": 517,
            "stale": 10,
            "reject": 0,
            "portion": 0.10712805636137589,
            "outcome": 0.0005709101432224247,
            "stale_rate": 0.019342359767891684,
            "reject_rate": 0.0
        },
        "lsy_3": {
            "valid": 561,
            "stale": 6,
            "reject": 0,
            "portion": 0.1162453377538334,
            "outcome": 0.0006194982405179501,
            "stale_rate": 0.0106951871657754,
            "reject_rate": 0.0
        },
        "master": {
            "valid": 494,
            "stale": 18,
            "reject": 0,
            "portion": 0.10236220472440945,
            "outcome": 0.0005455118196361271,
            "stale_rate": 0.03643724696356275,
            "reject_rate": 0.0
        },
        "niu": {
            "valid": 469,
            "stale": 17,
            "reject": 0,
            "portion": 0.09718193120596767,
            "outcome": 0.0005179049461727604,
            "stale_rate": 0.03624733475479744,
            "reject_rate": 0.0
        },
        "prol": {
            "valid": 511,
            "stale": 7,
            "reject": 0,
            "portion": 0.10588479071694985,
            "outcome": 0.0005642844935912166,
            "stale_rate": 0.0136986301369863,
            "reject_rate": 0.0
        },
        "prol2": {
            "valid": 535,
            "stale": 9,
            "reject": 0,
            "portion": 0.11085785329465396,
            "outcome": 0.0005907870921160487,
            "stale_rate": 0.016822429906542057,
            "reject_rate": 0.0
        },
        "putien": {
            "valid": 435,
            "stale": 13,
            "reject": 0,
            "portion": 0.09013675922088686,
            "outcome": 0.00048035959826258165,
            "stale_rate": 0.029885057471264367,
            "reject_rate": 0.0
        },
        "zaiton": {
            "valid": 508,
            "stale": 7,
            "reject": 0,
            "portion": 0.10526315789473684,
            "outcome": 0.0005609716687756125,
            "stale_rate": 0.013779527559055118,
            "reject_rate": 0.0
        }
    }
}