{
    "Total": 0.0012470603439771232,
    "workers": {
        "1070": {
            "valid": 146,
            "stale": 5,
            "reject": 0,
            "portion": 0.553030303030303,
            "outcome": 0.0006896621599267423,
            "stale_rate": 0.03424657534246575,
            "reject_rate": 0.0
        },
        "putien": {
            "valid": 118,
            "stale": 2,
            "reject": 0,
            "portion": 0.44696969696969696,
            "outcome": 0.0005573981840503808,
            "stale_rate": 0.01694915254237288,
            "reject_rate": 0.0
        }
    }
}