{
    "Total": 0.007081979425059887,
    "workers": {
        "lsy": {
            "valid": 331,
            "stale": 5,
            "reject": 0,
            "portion": 0.06918896321070234,
            "outcome": 0.0004899948138994194,
            "stale_rate": 0.015105740181268883,
            "reject_rate": 0.0
        },
        "lsy_2": {
            "valid": 535,
            "stale": 7,
            "reject": 0,
            "portion": 0.11183110367892976,
            "outcome": 0.0007919855753359196,
            "stale_rate": 0.013084112149532711,
            "reject_rate": 0.0
        },
        "lsy_3": {
            "valid": 497,
            "stale": 12,
            "reject": 0,
            "portion": 0.10388795986622074,
            "outcome": 0.0007357323942840225,
            "stale_rate": 0.02414486921529175,
            "reject_rate": 0.0
        },
        "master": {
            "valid": 493,
            "stale": 15,
            "reject": 0,
            "portion": 0.10305183946488294,
            "outcome": 0.0007298110068048755,
            "stale_rate": 0.030425963488843813,
            "reject_rate": 0.0
        },
        "niu": {
            "valid": 453,
            "stale": 11,
            "reject": 0,
            "portion": 0.09469063545150502,
            "outcome": 0.0006705971320134049,
            "stale_rate": 0.024282560706401765,
            "reject_rate": 0.0
        },
        "prol": {
            "valid": 563,
            "stale": 3,
            "reject": 0,
            "portion": 0.11768394648829432,
            "outcome": 0.0008334352876899491,
            "stale_rate": 0.0053285968028419185,
            "reject_rate": 0.0
        },
        "prol2": {
            "valid": 501,
            "stale": 9,
            "reject": 0,
            "portion": 0.10472408026755853,
            "outcome": 0.0007416537817631696,
            "stale_rate": 0.017964071856287425,
            "reject_rate": 0.0
        },
        "putien": {
            "valid": 486,
            "stale": 12,
            "reject": 0,
            "portion": 0.10158862876254181,
            "outcome": 0.0007194485787163681,
            "stale_rate": 0.024691358024691357,
            "reject_rate": 0.0
        },
        "yyl": {
            "valid": 428,
            "stale": 3,
            "reject": 0,
            "portion": 0.08946488294314381,
            "outcome": 0.0006335884602687357,
            "stale_rate": 0.007009345794392523,
            "reject_rate": 0.0
        },
        "zaiton": {
            "valid": 497,
            "stale": 5,
            "reject": 0,
            "portion": 0.10388795986622074,
            "outcome": 0.0007357323942840225,
            "stale_rate": 0.01006036217303823,
            "reject_rate": 0.0
        }
    }
}