{
    "Total": 0.0002516105295583339,
    "workers": {
        "zaiton": {
            "valid": 399,
            "stale": 8,
            "reject": 0,
            "portion": 1.0,
            "outcome": 0.0002516105295583339,
            "stale_rate": 0.020050125313283207,
            "reject_rate": 0.0
        }
    }
}