{
    "Total": 0.0008430740338977379,
    "workers": {
        "1070": {
            "valid": 213,
            "stale": 4,
            "reject": 0,
            "portion": 0.18783068783068782,
            "outcome": 0.00015835517567920472,
            "stale_rate": 0.018779342723004695,
            "reject_rate": 0.0
        },
        "putien": {
            "valid": 419,
            "stale": 7,
            "reject": 0,
            "portion": 0.36948853615520283,
            "outcome": 0.000311506190655337,
            "stale_rate": 0.016706443914081145,
            "reject_rate": 0.0
        },
        "zaiton": {
            "valid": 502,
            "stale": 7,
            "reject": 0,
            "portion": 0.4426807760141093,
            "outcome": 0.0003732126675631961,
            "stale_rate": 0.013944223107569721,
            "reject_rate": 0.0
        }
    }
}