{
    "Total": 0.0009243323672076278,
    "workers": {
        "1070": {
            "valid": 252,
            "stale": 1,
            "reject": 0,
            "portion": 0.14,
            "outcome": 0.00012940653140906791,
            "stale_rate": 0.003968253968253968,
            "reject_rate": 0.0
        },
        "lsy": {
            "valid": 184,
            "stale": 4,
            "reject": 0,
            "portion": 0.10222222222222223,
            "outcome": 9.448730864789085e-05,
            "stale_rate": 0.021739130434782608,
            "reject_rate": 0.0
        },
        "lsy_2": {
            "valid": 301,
            "stale": 5,
            "reject": 0,
            "portion": 0.16722222222222222,
            "outcome": 0.00015456891251638665,
            "stale_rate": 0.016611295681063124,
            "reject_rate": 0.0
        },
        "lsy_3": {
            "valid": 320,
            "stale": 6,
            "reject": 0,
            "portion": 0.17777777777777778,
            "outcome": 0.00016432575417024497,
            "stale_rate": 0.01875,
            "reject_rate": 0.0
        },
        "putien": {
            "valid": 307,
            "stale": 2,
            "reject": 0,
            "portion": 0.17055555555555554,
            "outcome": 0.00015765002040707873,
            "stale_rate": 0.006514657980456026,
            "reject_rate": 0.0
        },
        "zaiton": {
            "valid": 436,
            "stale": 7,
            "reject": 0,
            "portion": 0.24222222222222223,
            "outcome": 0.00022389384005695875,
            "stale_rate": 0.016055045871559634,
            "reject_rate": 0.0
        }
    }
}