{
    "Total": 0.007306465005105016,
    "workers": {
        "lee": {
            "valid": 534,
            "stale": 6,
            "reject": 0,
            "portion": 0.10763958879258215,
            "outcome": 0.0007864648886768956,
            "stale_rate": 0.011235955056179775,
            "reject_rate": 0.0
        },
        "lsy": {
            "valid": 326,
            "stale": 3,
            "reject": 0,
            "portion": 0.0657125579520258,
            "outcome": 0.00048012650507241184,
            "stale_rate": 0.009202453987730062,
            "reject_rate": 0.0
        },
        "lsy_2": {
            "valid": 526,
            "stale": 12,
            "reject": 0,
            "portion": 0.10602701068332997,
            "outcome": 0.0007746826431536461,
            "stale_rate": 0.022813688212927757,
            "reject_rate": 0.0
        },
        "lsy_3": {
            "valid": 523,
            "stale": 16,
            "reject": 0,
            "portion": 0.10542229389236041,
            "outcome": 0.0007702643010824275,
            "stale_rate": 0.030592734225621414,
            "reject_rate": 0.0
        },
        "master": {
            "valid": 552,
            "stale": 37,
            "reject": 0,
            "portion": 0.11126788953839951,
            "outcome": 0.0008129749411042066,
            "stale_rate": 0.06702898550724638,
            "reject_rate": 0.0
        },
        "prol": {
            "valid": 544,
            "stale": 8,
            "reject": 0,
            "portion": 0.10965531142914735,
            "outcome": 0.0008011926955809572,
            "stale_rate": 0.014705882352941176,
            "reject_rate": 0.0
        },
        "prol2": {
            "valid": 523,
            "stale": 12,
            "reject": 0,
            "portion": 0.10542229389236041,
            "outcome": 0.0007702643010824275,
            "stale_rate": 0.022944550669216062,
            "reject_rate": 0.0
        },
        "putien": {
            "valid": 500,
            "stale": 11,
            "reject": 0,
            "portion": 0.10078613182826043,
            "outcome": 0.0007363903452030857,
            "stale_rate": 0.022,
            "reject_rate": 0.0
        },
        "yyl": {
            "valid": 427,
            "stale": 7,
            "reject": 0,
            "portion": 0.08607135658133441,
            "outcome": 0.0006288773548034352,
            "stale_rate": 0.01639344262295082,
            "reject_rate": 0.0
        },
        "zaiton": {
            "valid": 506,
            "stale": 12,
            "reject": 0,
            "portion": 0.10199556541019955,
            "outcome": 0.0007452270293455226,
            "stale_rate": 0.023715415019762844,
            "reject_rate": 0.0
        }
    }
}