{
    "Total": 0.006170483180729047,
    "workers": {
        "lee": {
            "valid": 490,
            "stale": 10,
            "reject": 0,
            "portion": 0.1180722891566265,
            "outcome": 0.0007285630743511405,
            "stale_rate": 0.02040816326530612,
            "reject_rate": 0.0
        },
        "lsy": {
            "valid": 297,
            "stale": 3,
            "reject": 0,
            "portion": 0.07156626506024097,
            "outcome": 0.0004415984348618138,
            "stale_rate": 0.010101010101010102,
            "reject_rate": 0.0
        },
        "lsy_2": {
            "valid": 512,
            "stale": 3,
            "reject": 0,
            "portion": 0.12337349397590361,
            "outcome": 0.0007612740695260897,
            "stale_rate": 0.005859375,
            "reject_rate": 0.0
        },
        "lsy_3": {
            "valid": 547,
            "stale": 10,
            "reject": 0,
            "portion": 0.13180722891566266,
            "outcome": 0.0008133142891225998,
            "stale_rate": 0.018281535648994516,
            "reject_rate": 0.0
        },
        "master": {
            "valid": 470,
            "stale": 10,
            "reject": 0,
            "portion": 0.11325301204819277,
            "outcome": 0.0006988258060102777,
            "stale_rate": 0.02127659574468085,
            "reject_rate": 0.0
        },
        "prol": {
            "valid": 543,
            "stale": 5,
            "reject": 0,
            "portion": 0.1308433734939759,
            "outcome": 0.0008073668354544271,
            "stale_rate": 0.009208103130755065,
            "reject_rate": 0.0
        },
        "putien": {
            "valid": 479,
            "stale": 10,
            "reject": 0,
            "portion": 0.11542168674698795,
            "outcome": 0.000712207576763666,
            "stale_rate": 0.020876826722338204,
            "reject_rate": 0.0
        },
        "yyl": {
            "valid": 432,
            "stale": 8,
            "reject": 0,
            "portion": 0.10409638554216867,
            "outcome": 0.0006423249961626382,
            "stale_rate": 0.018518518518518517,
            "reject_rate": 0.0
        },
        "zaiton": {
            "valid": 380,
            "stale": 10,
            "reject": 0,
            "portion": 0.09156626506024096,
            "outcome": 0.0005650080984763947,
            "stale_rate": 0.02631578947368421,
            "reject_rate": 0.0
        }
    }
}