{
    "Total": 0.0007378900494139325,
    "workers": {
        "putien": {
            "valid": 532,
            "stale": 10,
            "reject": 0,
            "portion": 0.516003879728419,
            "outcome": 0.00038075412831058397,
            "stale_rate": 0.018796992481203006,
            "reject_rate": 0.0
        },
        "zaiton": {
            "valid": 499,
            "stale": 6,
            "reject": 0,
            "portion": 0.483996120271581,
            "outcome": 0.00035713592110334856,
            "stale_rate": 0.012024048096192385,
            "reject_rate": 0.0
        }
    }
}