{
    "Total": 0.0024306548854819924,
    "workers": {
        "1070": {
            "valid": 237,
            "stale": 3,
            "reject": 0,
            "portion": 0.07601026298909558,
            "outcome": 0.00018475471708121624,
            "stale_rate": 0.012658227848101266,
            "reject_rate": 0.0
        },
        "lee": {
            "valid": 377,
            "stale": 5,
            "reject": 0,
            "portion": 0.1209108402822322,
            "outcome": 0.0002938925246397406,
            "stale_rate": 0.013262599469496022,
            "reject_rate": 0.0
        },
        "lsy_2": {
            "valid": 518,
            "stale": 7,
            "reject": 0,
            "portion": 0.16613213598460552,
            "outcome": 0.0004038098879665401,
            "stale_rate": 0.013513513513513514,
            "reject_rate": 0.0
        },
        "lsy_3": {
            "valid": 550,
            "stale": 10,
            "reject": 0,
            "portion": 0.1763951250801796,
            "outcome": 0.0004287556725513457,
            "stale_rate": 0.01818181818181818,
            "reject_rate": 0.0
        },
        "master": {
            "valid": 512,
            "stale": 32,
            "reject": 0,
            "portion": 0.16420782552918536,
            "outcome": 0.000399132553356889,
            "stale_rate": 0.0625,
            "reject_rate": 0.0
        },
        "putien": {
            "valid": 453,
            "stale": 14,
            "reject": 0,
            "portion": 0.14528543938422064,
            "outcome": 0.0003531387630286538,
            "stale_rate": 0.03090507726269316,
            "reject_rate": 0.0
        },
        "zaiton": {
            "valid": 471,
            "stale": 5,
            "reject": 0,
            "portion": 0.1510583707504811,
            "outcome": 0.000367170766857607,
            "stale_rate": 0.010615711252653927,
            "reject_rate": 0.0
        }
    }
}