{
    "Total": 0.00730454261384645,
    "workers": {
        "lee": {
            "valid": 505,
            "stale": 14,
            "reject": 0,
            "portion": 0.12356251529239051,
            "outcome": 0.0009025676584273201,
            "stale_rate": 0.027722772277227723,
            "reject_rate": 0.0
        },
        "lsy_2": {
            "valid": 513,
            "stale": 9,
            "reject": 0,
            "portion": 0.12551994127722046,
            "outcome": 0.0009168657599469609,
            "stale_rate": 0.017543859649122806,
            "reject_rate": 0.0
        },
        "lsy_3": {
            "valid": 529,
            "stale": 17,
            "reject": 0,
            "portion": 0.12943479324688034,
            "outcome": 0.0009454619629862422,
            "stale_rate": 0.03213610586011342,
            "reject_rate": 0.0
        },
        "master": {
            "valid": 541,
            "stale": 16,
            "reject": 0,
            "portion": 0.13237093222412527,
            "outcome": 0.0009669091152657033,
            "stale_rate": 0.029574861367837338,
            "reject_rate": 0.0
        },
        "niu": {
            "valid": 20,
            "stale": 0,
            "reject": 0,
            "portion": 0.004893564962074872,
            "outcome": 3.574525379910179e-05,
            "stale_rate": 0.0,
            "reject_rate": 0.0
        },
        "prol": {
            "valid": 545,
            "stale": 7,
            "reject": 0,
            "portion": 0.13334964521654025,
            "outcome": 0.0009740581660255237,
            "stale_rate": 0.012844036697247707,
            "reject_rate": 0.0
        },
        "prol2": {
            "valid": 495,
            "stale": 16,
            "reject": 0,
            "portion": 0.12111573281135307,
            "outcome": 0.0008846950315277692,
            "stale_rate": 0.03232323232323232,
            "reject_rate": 0.0
        },
        "putien": {
            "valid": 451,
            "stale": 9,
            "reject": 0,
            "portion": 0.11034988989478835,
            "outcome": 0.0008060554731697452,
            "stale_rate": 0.019955654101995565,
            "reject_rate": 0.0
        },
        "zaiton": {
            "valid": 488,
            "stale": 14,
            "reject": 0,
            "portion": 0.11940298507462686,
            "outcome": 0.0008721841926980835,
            "stale_rate": 0.028688524590163935,
            "reject_rate": 0.0
        }
    }
}