{
    "Total": 0.0006717342687050589,
    "workers": {
        "putien": {
            "valid": 493,
            "stale": 7,
            "reject": 0,
            "portion": 0.5173137460650578,
            "outcome": 0.0003474973709040861,
            "stale_rate": 0.014198782961460446,
            "reject_rate": 0.0
        },
        "zaiton": {
            "valid": 460,
            "stale": 3,
            "reject": 0,
            "portion": 0.4826862539349423,
            "outcome": 0.0003242368978009728,
            "stale_rate": 0.006521739130434782,
            "reject_rate": 0.0
        }
    }
}