{
    "Total": 0.0006561364344673363,
    "workers": {
        "putien": {
            "valid": 476,
            "stale": 7,
            "reject": 0,
            "portion": 0.5179542981501633,
            "outcome": 0.00033984868640527975,
            "stale_rate": 0.014705882352941176,
            "reject_rate": 0.0
        },
        "zaiton": {
            "valid": 443,
            "stale": 6,
            "reject": 0,
            "portion": 0.4820457018498368,
            "outcome": 0.0003162877480620566,
            "stale_rate": 0.013544018058690745,
            "reject_rate": 0.0
        }
    }
}