{
    "Total": 0.00584915632613069,
    "workers": {
        "lee": {
            "valid": 346,
            "stale": 5,
            "reject": 0,
            "portion": 0.08499140260378285,
            "outcome": 0.0004971280002066368,
            "stale_rate": 0.014450867052023121,
            "reject_rate": 0.0
        },
        "lsy_2": {
            "valid": 497,
            "stale": 20,
            "reject": 0,
            "portion": 0.12208302628346844,
            "outcome": 0.0007140827054991287,
            "stale_rate": 0.04024144869215292,
            "reject_rate": 0.0
        },
        "lsy_3": {
            "valid": 560,
            "stale": 14,
            "reject": 0,
            "portion": 0.13755833947433063,
            "outcome": 0.000804600231548314,
            "stale_rate": 0.025,
            "reject_rate": 0.0
        },
        "master": {
            "valid": 523,
            "stale": 9,
            "reject": 0,
            "portion": 0.12846966347334807,
            "outcome": 0.0007514391448210147,
            "stale_rate": 0.017208413001912046,
            "reject_rate": 0.0
        },
        "niu": {
            "valid": 532,
            "stale": 6,
            "reject": 0,
            "portion": 0.1306804225006141,
            "outcome": 0.0007643702199708983,
            "stale_rate": 0.011278195488721804,
            "reject_rate": 0.0
        },
        "prol": {
            "valid": 357,
            "stale": 6,
            "reject": 0,
            "portion": 0.08769344141488578,
            "outcome": 0.0005129326476120502,
            "stale_rate": 0.01680672268907563,
            "reject_rate": 0.0
        },
        "prol2": {
            "valid": 345,
            "stale": 3,
            "reject": 0,
            "portion": 0.0847457627118644,
            "outcome": 0.000495691214078872,
            "stale_rate": 0.008695652173913044,
            "reject_rate": 0.0
        },
        "putien": {
            "valid": 410,
            "stale": 7,
            "reject": 0,
            "portion": 0.1007123556865635,
            "outcome": 0.0005890823123835871,
            "stale_rate": 0.01707317073170732,
            "reject_rate": 0.0
        },
        "yyl": {
            "valid": 15,
            "stale": 0,
            "reject": 0,
            "portion": 0.0036845983787767134,
            "outcome": 2.1551791916472696e-05,
            "stale_rate": 0.0,
            "reject_rate": 0.0
        },
        "zaiton": {
            "valid": 486,
            "stale": 13,
            "reject": 0,
            "portion": 0.11938098747236552,
            "outcome": 0.0006982780580937154,
            "stale_rate": 0.026748971193415638,
            "reject_rate": 0.0
        }
    }
}