{
    "Total": 0.0021783302994670415,
    "workers": {
        "lsy": {
            "valid": 319,
            "stale": 4,
            "reject": 0,
            "portion": 0.14108801415302963,
            "outcome": 0.00030733629612117924,
            "stale_rate": 0.012539184952978056,
            "reject_rate": 0.0
        },
        "lsy_2": {
            "valid": 505,
            "stale": 10,
            "reject": 0,
            "portion": 0.22335249889429457,
            "outcome": 0.0004865355158031207,
            "stale_rate": 0.019801980198019802,
            "reject_rate": 0.0
        },
        "lsy_3": {
            "valid": 520,
            "stale": 5,
            "reject": 0,
            "portion": 0.22998673153471916,
            "outcome": 0.0005009870657774709,
            "stale_rate": 0.009615384615384616,
            "reject_rate": 0.0
        },
        "putien": {
            "valid": 480,
            "stale": 26,
            "reject": 0,
            "portion": 0.21229544449358692,
            "outcome": 0.0004624495991792039,
            "stale_rate": 0.05416666666666667,
            "reject_rate": 0.0
        },
        "zaiton": {
            "valid": 437,
            "stale": 28,
            "reject": 0,
            "portion": 0.19327731092436976,
            "outcome": 0.00042102182258606685,
            "stale_rate": 0.06407322654462243,
            "reject_rate": 0.0
        }
    }
}