{
    "Total": 0.0006314986946823726,
    "workers": {
        "putien": {
            "valid": 509,
            "stale": 7,
            "reject": 0,
            "portion": 0.5313152400835073,
            "outcome": 0.00033552488057758624,
            "stale_rate": 0.0137524557956778,
            "reject_rate": 0.0
        },
        "zaiton": {
            "valid": 449,
            "stale": 12,
            "reject": 0,
            "portion": 0.46868475991649267,
            "outcome": 0.0002959738141047863,
            "stale_rate": 0.026726057906458798,
            "reject_rate": 0.0
        }
    }
}