{
    "Total": 0.005014189226259773,
    "workers": {
        "lee": {
            "valid": 496,
            "stale": 6,
            "reject": 0,
            "portion": 0.12183738639154999,
            "outcome": 0.0006109157102001591,
            "stale_rate": 0.012096774193548387,
            "reject_rate": 0.0
        },
        "lsy_2": {
            "valid": 421,
            "stale": 5,
            "reject": 0,
            "portion": 0.10341439449766641,
            "outcome": 0.0005185393427303769,
            "stale_rate": 0.011876484560570071,
            "reject_rate": 0.0
        },
        "lsy_3": {
            "valid": 454,
            "stale": 5,
            "reject": 0,
            "portion": 0.11152051093097519,
            "outcome": 0.000559184944417081,
            "stale_rate": 0.011013215859030838,
            "reject_rate": 0.0
        },
        "master": {
            "valid": 344,
            "stale": 55,
            "reject": 0,
            "portion": 0.08450012281994596,
            "outcome": 0.00042369960546140056,
            "stale_rate": 0.15988372093023256,
            "reject_rate": 0.0
        },
        "niu": {
            "valid": 421,
            "stale": 50,
            "reject": 0,
            "portion": 0.10341439449766641,
            "outcome": 0.0005185393427303769,
            "stale_rate": 0.1187648456057007,
            "reject_rate": 0.0
        },
        "prol": {
            "valid": 467,
            "stale": 9,
            "reject": 0,
            "portion": 0.11471382952591501,
            "outcome": 0.0005751968481118433,
            "stale_rate": 0.019271948608137045,
            "reject_rate": 0.0
        },
        "prol2": {
            "valid": 493,
            "stale": 8,
            "reject": 0,
            "portion": 0.12110046671579465,
            "outcome": 0.0006072206555013677,
            "stale_rate": 0.016227180527383367,
            "reject_rate": 0.0
        },
        "putien": {
            "valid": 445,
            "stale": 8,
            "reject": 0,
            "portion": 0.10930975190370916,
            "outcome": 0.0005480997803207072,
            "stale_rate": 0.017977528089887642,
            "reject_rate": 0.0
        },
        "zaiton": {
            "valid": 530,
            "stale": 7,
            "reject": 0,
            "portion": 0.1301891427167772,
            "outcome": 0.0006527929967864601,
            "stale_rate": 0.013207547169811321,
            "reject_rate": 0.0
        }
    }
}