{
    "Total": 0.0006675895504432217,
    "workers": {
        "putien": {
            "valid": 505,
            "stale": 9,
            "reject": 0,
            "portion": 0.5310199789695058,
            "outcome": 0.00035450338903662143,
            "stale_rate": 0.01782178217821782,
            "reject_rate": 0.0
        },
        "zaiton": {
            "valid": 446,
            "stale": 6,
            "reject": 0,
            "portion": 0.46898002103049424,
            "outcome": 0.00031308616140660034,
            "stale_rate": 0.013452914798206279,
            "reject_rate": 0.0
        }
    }
}