{
    "Total": 0.005985837920655402,
    "workers": {
        "lee": {
            "valid": 515,
            "stale": 8,
            "reject": 0,
            "portion": 0.11132728058798097,
            "outcome": 0.0006663870577469804,
            "stale_rate": 0.015533980582524271,
            "reject_rate": 0.0
        },
        "lsy": {
            "valid": 303,
            "stale": 1,
            "reject": 0,
            "portion": 0.0654993514915694,
            "outcome": 0.000392068501936573,
            "stale_rate": 0.0033003300330033004,
            "reject_rate": 0.0
        },
        "lsy_2": {
            "valid": 460,
            "stale": 7,
            "reject": 0,
            "portion": 0.09943795936013834,
            "outcome": 0.0005952195078905068,
            "stale_rate": 0.015217391304347827,
            "reject_rate": 0.0
        },
        "lsy_3": {
            "valid": 526,
            "stale": 10,
            "reject": 0,
            "portion": 0.1137051448335495,
            "outcome": 0.0006806205677182752,
            "stale_rate": 0.019011406844106463,
            "reject_rate": 0.0
        },
        "master": {
            "valid": 411,
            "stale": 35,
            "reject": 0,
            "portion": 0.08884565499351492,
            "outcome": 0.0005318156907456485,
            "stale_rate": 0.0851581508515815,
            "reject_rate": 0.0
        },
        "niu": {
            "valid": 497,
            "stale": 40,
            "reject": 0,
            "portion": 0.1074362300043234,
            "outcome": 0.0006430958596121346,
            "stale_rate": 0.08048289738430583,
            "reject_rate": 0.0
        },
        "prol": {
            "valid": 507,
            "stale": 11,
            "reject": 0,
            "portion": 0.10959792477302205,
            "outcome": 0.0006560354141314934,
            "stale_rate": 0.021696252465483234,
            "reject_rate": 0.0
        },
        "prol2": {
            "valid": 495,
            "stale": 8,
            "reject": 0,
            "portion": 0.10700389105058365,
            "outcome": 0.0006405079487082628,
            "stale_rate": 0.01616161616161616,
            "reject_rate": 0.0
        },
        "putien": {
            "valid": 439,
            "stale": 15,
            "reject": 0,
            "portion": 0.09489840034587116,
            "outcome": 0.0005680464433998533,
            "stale_rate": 0.03416856492027335,
            "reject_rate": 0.0
        },
        "zaiton": {
            "valid": 473,
            "stale": 7,
            "reject": 0,
            "portion": 0.1022481625594466,
            "outcome": 0.0006120409287656733,
            "stale_rate": 0.014799154334038054,
            "reject_rate": 0.0
        }
    }
}