{
    "Total": 0.00040129115692414915,
    "workers": {
        "putien": {
            "valid": 344,
            "stale": 6,
            "reject": 0,
            "portion": 1.0,
            "outcome": 0.00040129115692414915,
            "stale_rate": 0.01744186046511628,
            "reject_rate": 0.0
        }
    }
}