{
    "Total": 0.002538023133432692,
    "workers": {
        "1070": {
            "valid": 235,
            "stale": 1,
            "reject": 0,
            "portion": 0.07841174507841174,
            "outcome": 0.00019901082294183602,
            "stale_rate": 0.00425531914893617,
            "reject_rate": 0.0
        },
        "lsy": {
            "valid": 348,
            "stale": 2,
            "reject": 0,
            "portion": 0.11611611611611612,
            "outcome": 0.00029470538886705935,
            "stale_rate": 0.005747126436781609,
            "reject_rate": 0.0
        },
        "lsy_2": {
            "valid": 534,
            "stale": 6,
            "reject": 0,
            "portion": 0.1781781781781782,
            "outcome": 0.0004522203380891083,
            "stale_rate": 0.011235955056179775,
            "reject_rate": 0.0
        },
        "master": {
            "valid": 426,
            "stale": 30,
            "reject": 0,
            "portion": 0.14214214214214213,
            "outcome": 0.00036076004499243465,
            "stale_rate": 0.07042253521126761,
            "reject_rate": 0.0
        },
        "prol2": {
            "valid": 542,
            "stale": 8,
            "reject": 0,
            "portion": 0.18084751418084752,
            "outcome": 0.0004589951746147878,
            "stale_rate": 0.014760147601476014,
            "reject_rate": 0.0
        },
        "putien": {
            "valid": 429,
            "stale": 5,
            "reject": 0,
            "portion": 0.14314314314314314,
            "outcome": 0.0003633006086895645,
            "stale_rate": 0.011655011655011656,
            "reject_rate": 0.0
        },
        "zaiton": {
            "valid": 483,
            "stale": 4,
            "reject": 0,
            "portion": 0.16116116116116116,
            "outcome": 0.0004090307552379013,
            "stale_rate": 0.008281573498964804,
            "reject_rate": 0.0
        }
    }
}