{
    "Total": 0.003836980942766891,
    "workers": {
        "lee": {
            "valid": 499,
            "stale": 13,
            "reject": 0,
            "portion": 0.1315928270042194,
            "outcome": 0.0005049191694200101,
            "stale_rate": 0.026052104208416832,
            "reject_rate": 0.0
        },
        "lsy": {
            "valid": 308,
            "stale": 5,
            "reject": 0,
            "portion": 0.08122362869198312,
            "outcome": 0.00031165351539351325,
            "stale_rate": 0.016233766233766232,
            "reject_rate": 0.0
        },
        "lsy_2": {
            "valid": 523,
            "stale": 9,
            "reject": 0,
            "portion": 0.13792194092827004,
            "outcome": 0.000529203858931193,
            "stale_rate": 0.017208413001912046,
            "reject_rate": 0.0
        },
        "lsy_3": {
            "valid": 545,
            "stale": 11,
            "reject": 0,
            "portion": 0.14372362869198313,
            "outcome": 0.000551464824316444,
            "stale_rate": 0.02018348623853211,
            "reject_rate": 0.0
        },
        "master": {
            "valid": 466,
            "stale": 6,
            "reject": 0,
            "portion": 0.12289029535864979,
            "outcome": 0.0004715277213421337,
            "stale_rate": 0.012875536480686695,
            "reject_rate": 0.0
        },
        "prol": {
            "valid": 525,
            "stale": 4,
            "reject": 0,
            "portion": 0.13844936708860758,
            "outcome": 0.0005312275830571248,
            "stale_rate": 0.007619047619047619,
            "reject_rate": 0.0
        },
        "putien": {
            "valid": 447,
            "stale": 5,
            "reject": 0,
            "portion": 0.11787974683544304,
            "outcome": 0.00045230234214578064,
            "stale_rate": 0.011185682326621925,
            "reject_rate": 0.0
        },
        "zaiton": {
            "valid": 479,
            "stale": 7,
            "reject": 0,
            "portion": 0.12631856540084388,
            "outcome": 0.0004846819281606911,
            "stale_rate": 0.014613778705636743,
            "reject_rate": 0.0
        }
    }
}