{
    "Total": 0.0005698406319276195,
    "workers": {
        "putien": {
            "valid": 516,
            "stale": 14,
            "reject": 0,
            "portion": 0.5265306122448979,
            "outcome": 0.000300038536810869,
            "stale_rate": 0.027131782945736434,
            "reject_rate": 0.0
        },
        "zaiton": {
            "valid": 464,
            "stale": 7,
            "reject": 0,
            "portion": 0.47346938775510206,
            "outcome": 0.00026980209511675044,
            "stale_rate": 0.015086206896551725,
            "reject_rate": 0.0
        }
    }
}