{
    "Total": 0.004644363524344677,
    "workers": {
        "lee": {
            "valid": 480,
            "stale": 5,
            "reject": 0,
            "portion": 0.10173802458668928,
            "outcome": 0.00047250837042930166,
            "stale_rate": 0.010416666666666666,
            "reject_rate": 0.0
        },
        "lsy": {
            "valid": 304,
            "stale": 7,
            "reject": 0,
            "portion": 0.06443408223823655,
            "outcome": 0.00029925530127189107,
            "stale_rate": 0.023026315789473683,
            "reject_rate": 0.0
        },
        "lsy_2": {
            "valid": 480,
            "stale": 6,
            "reject": 0,
            "portion": 0.10173802458668928,
            "outcome": 0.00047250837042930166,
            "stale_rate": 0.0125,
            "reject_rate": 0.0
        },
        "lsy_3": {
            "valid": 508,
            "stale": 25,
            "reject": 0,
            "portion": 0.10767274268757948,
            "outcome": 0.0005000713587043443,
            "stale_rate": 0.04921259842519685,
            "reject_rate": 0.0
        },
        "master": {
            "valid": 482,
            "stale": 12,
            "reject": 0,
            "portion": 0.10216193302246715,
            "outcome": 0.0004744771553060904,
            "stale_rate": 0.024896265560165973,
            "reject_rate": 0.0
        },
        "niu": {
            "valid": 480,
            "stale": 11,
            "reject": 0,
            "portion": 0.10173802458668928,
            "outcome": 0.00047250837042930166,
            "stale_rate": 0.022916666666666665,
            "reject_rate": 0.0
        },
        "prol": {
            "valid": 526,
            "stale": 13,
            "reject": 0,
            "portion": 0.11148791860958034,
            "outcome": 0.0005177904225954431,
            "stale_rate": 0.024714828897338403,
            "reject_rate": 0.0
        },
        "prol2": {
            "valid": 533,
            "stale": 9,
            "reject": 0,
            "portion": 0.11297159813480288,
            "outcome": 0.0005246811696642037,
            "stale_rate": 0.016885553470919325,
            "reject_rate": 0.0
        },
        "putien": {
            "valid": 464,
            "stale": 12,
            "reject": 0,
            "portion": 0.0983467571004663,
            "outcome": 0.00045675809141499155,
            "stale_rate": 0.02586206896551724,
            "reject_rate": 0.0
        },
        "zaiton": {
            "valid": 461,
            "stale": 10,
            "reject": 0,
            "portion": 0.09771089444679949,
            "outcome": 0.00045380491409980847,
            "stale_rate": 0.021691973969631236,
            "reject_rate": 0.0
        }
    }
}