{
    "Total": 0.0006975517875416299,
    "workers": {
        "putien": {
            "valid": 504,
            "stale": 6,
            "reject": 0,
            "portion": 0.5132382892057027,
            "outcome": 0.0003580102860702459,
            "stale_rate": 0.011904761904761904,
            "reject_rate": 0.0
        },
        "zaiton": {
            "valid": 478,
            "stale": 9,
            "reject": 0,
            "portion": 0.48676171079429736,
            "outcome": 0.000339541501471384,
            "stale_rate": 0.01882845188284519,
            "reject_rate": 0.0
        }
    }
}