{
    "Total": 0.00026326676103955273,
    "workers": {
        "zaiton": {
            "valid": 432,
            "stale": 8,
            "reject": 0,
            "portion": 1.0,
            "outcome": 0.00026326676103955273,
            "stale_rate": 0.018518518518518517,
            "reject_rate": 0.0
        }
    }
}