{
    "Total": 0.0065114452832892005,
    "workers": {
        "lee": {
            "valid": 495,
            "stale": 7,
            "reject": 0,
            "portion": 0.09807806617792748,
            "outcome": 0.000638629961408392,
            "stale_rate": 0.014141414141414142,
            "reject_rate": 0.0
        },
        "lsy_2": {
            "valid": 502,
            "stale": 8,
            "reject": 0,
            "portion": 0.09946502872993858,
            "outcome": 0.0006476610921757834,
            "stale_rate": 0.01593625498007968,
            "reject_rate": 0.0
        },
        "lsy_3": {
            "valid": 554,
            "stale": 8,
            "reject": 0,
            "portion": 0.10976817911630672,
            "outcome": 0.0007147494921621195,
            "stale_rate": 0.01444043321299639,
            "reject_rate": 0.0
        },
        "master": {
            "valid": 533,
            "stale": 13,
            "reject": 0,
            "portion": 0.10560729146027344,
            "outcome": 0.0006876560998599453,
            "stale_rate": 0.024390243902439025,
            "reject_rate": 0.0
        },
        "niu": {
            "valid": 535,
            "stale": 15,
            "reject": 0,
            "portion": 0.10600356647513375,
            "outcome": 0.0006902364229363428,
            "stale_rate": 0.028037383177570093,
            "reject_rate": 0.0
        },
        "prol": {
            "valid": 546,
            "stale": 4,
            "reject": 0,
            "portion": 0.10818307905686546,
            "outcome": 0.0007044281998565293,
            "stale_rate": 0.007326007326007326,
            "reject_rate": 0.0
        },
        "prol2": {
            "valid": 488,
            "stale": 8,
            "reject": 0,
            "portion": 0.09669110362591639,
            "outcome": 0.0006295988306410006,
            "stale_rate": 0.01639344262295082,
            "reject_rate": 0.0
        },
        "putien": {
            "valid": 467,
            "stale": 7,
            "reject": 0,
            "portion": 0.0925302159698831,
            "outcome": 0.0006025054383388264,
            "stale_rate": 0.014989293361884369,
            "reject_rate": 0.0
        },
        "yyl": {
            "valid": 423,
            "stale": 10,
            "reject": 0,
            "portion": 0.08381216564295621,
            "outcome": 0.0005457383306580804,
            "stale_rate": 0.02364066193853428,
            "reject_rate": 0.0
        },
        "zaiton": {
            "valid": 504,
            "stale": 7,
            "reject": 0,
            "portion": 0.09986130374479889,
            "outcome": 0.0006502414152521809,
            "stale_rate": 0.013888888888888888,
            "reject_rate": 0.0
        }
    }
}