{
    "Total": 0.0005717679597099856,
    "workers": {
        "putien": {
            "valid": 455,
            "stale": 11,
            "reject": 0,
            "portion": 0.4994511525795829,
            "outcome": 0.0002855701664852288,
            "stale_rate": 0.024175824175824177,
            "reject_rate": 0.0
        },
        "zaiton": {
            "valid": 456,
            "stale": 3,
            "reject": 0,
            "portion": 0.5005488474204172,
            "outcome": 0.0002861977932247568,
            "stale_rate": 0.006578947368421052,
            "reject_rate": 0.0
        }
    }
}