{
    "Total": 0.001972914195966152,
    "workers": {
        "1070": {
            "valid": 220,
            "stale": 2,
            "reject": 0,
            "portion": 0.09263157894736843,
            "outcome": 0.0001827541571000225,
            "stale_rate": 0.00909090909090909,
            "reject_rate": 0.0
        },
        "lee": {
            "valid": 508,
            "stale": 6,
            "reject": 0,
            "portion": 0.21389473684210528,
            "outcome": 0.00042199596275823375,
            "stale_rate": 0.011811023622047244,
            "reject_rate": 0.0
        },
        "lsy_2": {
            "valid": 510,
            "stale": 11,
            "reject": 0,
            "portion": 0.21473684210526317,
            "outcome": 0.0004236573641864158,
            "stale_rate": 0.021568627450980392,
            "reject_rate": 0.0
        },
        "lsy_3": {
            "valid": 442,
            "stale": 4,
            "reject": 0,
            "portion": 0.18610526315789475,
            "outcome": 0.000367169715628227,
            "stale_rate": 0.00904977375565611,
            "reject_rate": 0.0
        },
        "prol": {
            "valid": 50,
            "stale": 0,
            "reject": 0,
            "portion": 0.021052631578947368,
            "outcome": 4.1535035704550564e-05,
            "stale_rate": 0.0,
            "reject_rate": 0.0
        },
        "putien": {
            "valid": 200,
            "stale": 4,
            "reject": 0,
            "portion": 0.08421052631578947,
            "outcome": 0.00016614014281820226,
            "stale_rate": 0.02,
            "reject_rate": 0.0
        },
        "zaiton": {
            "valid": 445,
            "stale": 4,
            "reject": 0,
            "portion": 0.18736842105263157,
            "outcome": 0.0003696618177705,
            "stale_rate": 0.008988764044943821,
            "reject_rate": 0.0
        }
    }
}