{
    "Total": 0.007483401043362135,
    "workers": {
        "lsy": {
            "valid": 333,
            "stale": 6,
            "reject": 0,
            "portion": 0.06881587104773713,
            "outcome": 0.0005149767611985101,
            "stale_rate": 0.018018018018018018,
            "reject_rate": 0.0
        },
        "lsy_2": {
            "valid": 518,
            "stale": 7,
            "reject": 0,
            "portion": 0.10704691051870222,
            "outcome": 0.0008010749618643493,
            "stale_rate": 0.013513513513513514,
            "reject_rate": 0.0
        },
        "lsy_3": {
            "valid": 555,
            "stale": 7,
            "reject": 0,
            "portion": 0.11469311841289523,
            "outcome": 0.000858294601997517,
            "stale_rate": 0.012612612612612612,
            "reject_rate": 0.0
        },
        "master": {
            "valid": 458,
            "stale": 5,
            "reject": 0,
            "portion": 0.0946476544740649,
            "outcome": 0.0007082863562429961,
            "stale_rate": 0.010917030567685589,
            "reject_rate": 0.0
        },
        "niu": {
            "valid": 519,
            "stale": 9,
            "reject": 0,
            "portion": 0.10725356478611284,
            "outcome": 0.0008026214386247051,
            "stale_rate": 0.017341040462427744,
            "reject_rate": 0.0
        },
        "prol": {
            "valid": 468,
            "stale": 9,
            "reject": 0,
            "portion": 0.09671419714817112,
            "outcome": 0.0007237511238465549,
            "stale_rate": 0.019230769230769232,
            "reject_rate": 0.0
        },
        "prol2": {
            "valid": 508,
            "stale": 11,
            "reject": 0,
            "portion": 0.104980367844596,
            "outcome": 0.0007856101942607904,
            "stale_rate": 0.021653543307086614,
            "reject_rate": 0.0
        },
        "putien": {
            "valid": 533,
            "stale": 0,
            "reject": 0,
            "portion": 0.11014672452986154,
            "outcome": 0.0008242721132696875,
            "stale_rate": 0.0,
            "reject_rate": 0.0
        },
        "yyl": {
            "valid": 437,
            "stale": 10,
            "reject": 0,
            "portion": 0.09030791485844182,
            "outcome": 0.0006758103442755224,
            "stale_rate": 0.02288329519450801,
            "reject_rate": 0.0
        },
        "zaiton": {
            "valid": 510,
            "stale": 0,
            "reject": 0,
            "portion": 0.10539367637941724,
            "outcome": 0.0007887031477815022,
            "stale_rate": 0.0,
            "reject_rate": 0.0
        }
    }
}