{
    "Total": 0.005294616877654274,
    "workers": {
        "lee": {
            "valid": 520,
            "stale": 8,
            "reject": 0,
            "portion": 0.10551948051948051,
            "outcome": 0.0005586852224797529,
            "stale_rate": 0.015384615384615385,
            "reject_rate": 0.0
        },
        "lsy": {
            "valid": 309,
            "stale": 9,
            "reject": 0,
            "portion": 0.06270292207792208,
            "outcome": 0.00033198794951200706,
            "stale_rate": 0.02912621359223301,
            "reject_rate": 0.0
        },
        "lsy_2": {
            "valid": 543,
            "stale": 5,
            "reject": 0,
            "portion": 0.1101866883116883,
            "outcome": 0.0005833962996278959,
            "stale_rate": 0.009208103130755065,
            "reject_rate": 0.0
        },
        "lsy_3": {
            "valid": 565,
            "stale": 8,
            "reject": 0,
            "portion": 0.11465097402597403,
            "outcome": 0.0006070329821174239,
            "stale_rate": 0.01415929203539823,
            "reject_rate": 0.0
        },
        "master": {
            "valid": 540,
            "stale": 21,
            "reject": 0,
            "portion": 0.10957792207792208,
            "outcome": 0.0005801731156520511,
            "stale_rate": 0.03888888888888889,
            "reject_rate": 0.0
        },
        "prol": {
            "valid": 539,
            "stale": 4,
            "reject": 0,
            "portion": 0.109375,
            "outcome": 0.0005790987209934363,
            "stale_rate": 0.0074211502782931356,
            "reject_rate": 0.0
        },
        "prol2": {
            "valid": 502,
            "stale": 10,
            "reject": 0,
            "portion": 0.10186688311688312,
            "outcome": 0.0005393461186246846,
            "stale_rate": 0.0199203187250996,
            "reject_rate": 0.0
        },
        "putien": {
            "valid": 495,
            "stale": 9,
            "reject": 0,
            "portion": 0.10044642857142858,
            "outcome": 0.0005318253560143803,
            "stale_rate": 0.01818181818181818,
            "reject_rate": 0.0
        },
        "yyl": {
            "valid": 430,
            "stale": 6,
            "reject": 0,
            "portion": 0.0872564935064935,
            "outcome": 0.0004619897032044111,
            "stale_rate": 0.013953488372093023,
            "reject_rate": 0.0
        },
        "zaiton": {
            "valid": 485,
            "stale": 5,
            "reject": 0,
            "portion": 0.09841720779220779,
            "outcome": 0.0005210814094282311,
            "stale_rate": 0.010309278350515464,
            "reject_rate": 0.0
        }
    }
}