{
    "Total": 0.00427521210621178,
    "workers": {
        "lee": {
            "valid": 481,
            "stale": 12,
            "reject": 0,
            "portion": 0.11425178147268408,
            "outcome": 0.0004884505993082818,
            "stale_rate": 0.02494802494802495,
            "reject_rate": 0.0
        },
        "lsy": {
            "valid": 262,
            "stale": 0,
            "reject": 0,
            "portion": 0.06223277909738718,
            "outcome": 0.0002660583306003531,
            "stale_rate": 0.0,
            "reject_rate": 0.0
        },
        "lsy_2": {
            "valid": 514,
            "stale": 6,
            "reject": 0,
            "portion": 0.12209026128266033,
            "outcome": 0.0005219617630861889,
            "stale_rate": 0.011673151750972763,
            "reject_rate": 0.0
        },
        "lsy_3": {
            "valid": 552,
            "stale": 22,
            "reject": 0,
            "portion": 0.1311163895486936,
            "outcome": 0.0005605503759213545,
            "stale_rate": 0.03985507246376811,
            "reject_rate": 0.0
        },
        "master": {
            "valid": 503,
            "stale": 9,
            "reject": 0,
            "portion": 0.11947743467933492,
            "outcome": 0.0005107913751602199,
            "stale_rate": 0.017892644135188866,
            "reject_rate": 0.0
        },
        "prol": {
            "valid": 510,
            "stale": 13,
            "reject": 0,
            "portion": 0.12114014251781473,
            "outcome": 0.0005178998038403819,
            "stale_rate": 0.025490196078431372,
            "reject_rate": 0.0
        },
        "prol2": {
            "valid": 499,
            "stale": 11,
            "reject": 0,
            "portion": 0.11852731591448931,
            "outcome": 0.0005067294159144129,
            "stale_rate": 0.022044088176352707,
            "reject_rate": 0.0
        },
        "putien": {
            "valid": 443,
            "stale": 5,
            "reject": 0,
            "portion": 0.10522565320665084,
            "outcome": 0.0004498619864731161,
            "stale_rate": 0.011286681715575621,
            "reject_rate": 0.0
        },
        "zaiton": {
            "valid": 446,
            "stale": 4,
            "reject": 0,
            "portion": 0.10593824228028503,
            "outcome": 0.00045290845590747125,
            "stale_rate": 0.008968609865470852,
            "reject_rate": 0.0
        }
    }
}