{
    "Total": 0.000997123990763914,
    "workers": {
        "lsy_2": {
            "valid": 490,
            "stale": 6,
            "reject": 0,
            "portion": 0.3286384976525822,
            "outcome": 0.00032769333029799994,
            "stale_rate": 0.012244897959183673,
            "reject_rate": 0.0
        },
        "putien": {
            "valid": 517,
            "stale": 10,
            "reject": 0,
            "portion": 0.34674714956405095,
            "outcome": 0.00034574990155931826,
            "stale_rate": 0.019342359767891684,
            "reject_rate": 0.0
        },
        "zaiton": {
            "valid": 484,
            "stale": 7,
            "reject": 0,
            "portion": 0.32461435278336687,
            "outcome": 0.00032368075890659584,
            "stale_rate": 0.014462809917355372,
            "reject_rate": 0.0
        }
    }
}