{
    "Total": 0.003872267804590559,
    "workers": {
        "lee": {
            "valid": 502,
            "stale": 4,
            "reject": 0,
            "portion": 0.14400458978772232,
            "outcome": 0.0005576243367482676,
            "stale_rate": 0.00796812749003984,
            "reject_rate": 0.0
        },
        "lsy": {
            "valid": 312,
            "stale": 3,
            "reject": 0,
            "portion": 0.08950086058519793,
            "outcome": 0.0003465713009272101,
            "stale_rate": 0.009615384615384616,
            "reject_rate": 0.0
        },
        "lsy_2": {
            "valid": 427,
            "stale": 39,
            "reject": 0,
            "portion": 0.12248995983935743,
            "outcome": 0.00047431392787153435,
            "stale_rate": 0.09133489461358314,
            "reject_rate": 0.0
        },
        "lsy_3": {
            "valid": 432,
            "stale": 33,
            "reject": 0,
            "portion": 0.12392426850258176,
            "outcome": 0.0004798679551299832,
            "stale_rate": 0.0763888888888889,
            "reject_rate": 0.0
        },
        "master": {
            "valid": 358,
            "stale": 71,
            "reject": 0,
            "portion": 0.10269650028686174,
            "outcome": 0.0003976683517049398,
            "stale_rate": 0.19832402234636873,
            "reject_rate": 0.0
        },
        "prol": {
            "valid": 486,
            "stale": 6,
            "reject": 0,
            "portion": 0.13941480206540446,
            "outcome": 0.000539851449521231,
            "stale_rate": 0.012345679012345678,
            "reject_rate": 0.0
        },
        "putien": {
            "valid": 481,
            "stale": 24,
            "reject": 0,
            "portion": 0.13798049340218016,
            "outcome": 0.0005342974222627823,
            "stale_rate": 0.0498960498960499,
            "reject_rate": 0.0
        },
        "zaiton": {
            "valid": 488,
            "stale": 12,
            "reject": 0,
            "portion": 0.1399885255306942,
            "outcome": 0.0005420730604246107,
            "stale_rate": 0.02459016393442623,
            "reject_rate": 0.0
        }
    }
}