{
    "Total": 0.0007186449540094796,
    "workers": {
        "putien": {
            "valid": 537,
            "stale": 6,
            "reject": 0,
            "portion": 0.5496417604912999,
            "outcome": 0.00039499727768995964,
            "stale_rate": 0.0111731843575419,
            "reject_rate": 0.0
        },
        "zaiton": {
            "valid": 440,
            "stale": 6,
            "reject": 0,
            "portion": 0.4503582395087001,
            "outcome": 0.00032364767631952,
            "stale_rate": 0.013636363636363636,
            "reject_rate": 0.0
        }
    }
}