{
    "Total": 0.0005688468436800452,
    "workers": {
        "putien": {
            "valid": 454,
            "stale": 6,
            "reject": 0,
            "portion": 0.5266821345707656,
            "outcome": 0.00029960146987324885,
            "stale_rate": 0.013215859030837005,
            "reject_rate": 0.0
        },
        "zaiton": {
            "valid": 408,
            "stale": 12,
            "reject": 0,
            "portion": 0.4733178654292343,
            "outcome": 0.0002692453738067963,
            "stale_rate": 0.029411764705882353,
            "reject_rate": 0.0
        }
    }
}