{
    "Total": 0.0006606339598677388,
    "workers": {
        "putien": {
            "valid": 513,
            "stale": 7,
            "reject": 0,
            "portion": 0.5338189386056191,
            "outcome": 0.0003526589192634235,
            "stale_rate": 0.01364522417153996,
            "reject_rate": 0.0
        },
        "zaiton": {
            "valid": 448,
            "stale": 7,
            "reject": 0,
            "portion": 0.46618106139438087,
            "outcome": 0.00030797504060431526,
            "stale_rate": 0.015625,
            "reject_rate": 0.0
        }
    }
}