{
    "Total": 0.0005867603155646135,
    "workers": {
        "putien": {
            "valid": 454,
            "stale": 9,
            "reject": 0,
            "portion": 0.5182648401826484,
            "outcome": 0.00030409724117161477,
            "stale_rate": 0.019823788546255508,
            "reject_rate": 0.0
        },
        "zaiton": {
            "valid": 422,
            "stale": 6,
            "reject": 0,
            "portion": 0.4817351598173516,
            "outcome": 0.0002826630743929987,
            "stale_rate": 0.014218009478672985,
            "reject_rate": 0.0
        }
    }
}