{
    "Total": 0.0006584542084598276,
    "workers": {
        "putien": {
            "valid": 463,
            "stale": 6,
            "reject": 0,
            "portion": 0.4989224137931034,
            "outcome": 0.00032851756305700446,
            "stale_rate": 0.012958963282937365,
            "reject_rate": 0.0
        },
        "zaiton": {
            "valid": 465,
            "stale": 11,
            "reject": 0,
            "portion": 0.5010775862068966,
            "outcome": 0.0003299366454028231,
            "stale_rate": 0.023655913978494623,
            "reject_rate": 0.0
        }
    }
}