{
    "Total": 0.0007278025543830055,
    "workers": {
        "putien": {
            "valid": 502,
            "stale": 7,
            "reject": 0,
            "portion": 0.5346112886048988,
            "outcome": 0.00038909146144863553,
            "stale_rate": 0.013944223107569721,
            "reject_rate": 0.0
        },
        "zaiton": {
            "valid": 437,
            "stale": 8,
            "reject": 0,
            "portion": 0.4653887113951012,
            "outcome": 0.00033871109293436995,
            "stale_rate": 0.018306636155606407,
            "reject_rate": 0.0
        }
    }
}