{
    "Total": 0.0025488355433748973,
    "workers": {
        "1070": {
            "valid": 109,
            "stale": 3,
            "reject": 0,
            "portion": 0.03215339233038348,
            "outcome": 8.195370921175923e-05,
            "stale_rate": 0.027522935779816515,
            "reject_rate": 0.0
        },
        "lee": {
            "valid": 526,
            "stale": 8,
            "reject": 0,
            "portion": 0.15516224188790562,
            "outcome": 0.0003954830371136272,
            "stale_rate": 0.015209125475285171,
            "reject_rate": 0.0
        },
        "lsy_2": {
            "valid": 493,
            "stale": 5,
            "reject": 0,
            "portion": 0.1454277286135693,
            "outcome": 0.00037067136368254403,
            "stale_rate": 0.010141987829614604,
            "reject_rate": 0.0
        },
        "lsy_3": {
            "valid": 547,
            "stale": 3,
            "reject": 0,
            "portion": 0.16135693215339234,
            "outcome": 0.0004112722838424982,
            "stale_rate": 0.005484460694698354,
            "reject_rate": 0.0
        },
        "master": {
            "valid": 470,
            "stale": 75,
            "reject": 0,
            "portion": 0.13864306784660768,
            "outcome": 0.00035337837916997103,
            "stale_rate": 0.1595744680851064,
            "reject_rate": 0.0
        },
        "prol": {
            "valid": 241,
            "stale": 3,
            "reject": 0,
            "portion": 0.07109144542772862,
            "outcome": 0.00018120040293609154,
            "stale_rate": 0.012448132780082987,
            "reject_rate": 0.0
        },
        "putien": {
            "valid": 507,
            "stale": 7,
            "reject": 0,
            "portion": 0.1495575221238938,
            "outcome": 0.0003811975281684581,
            "stale_rate": 0.013806706114398421,
            "reject_rate": 0.0
        },
        "zaiton": {
            "valid": 497,
            "stale": 4,
            "reject": 0,
            "portion": 0.14660766961651917,
            "outcome": 0.00037367883924994803,
            "stale_rate": 0.008048289738430584,
            "reject_rate": 0.0
        }
    }
}