{
    "workers": {
        "1070": 0.0007214037731984336,
        "banzhang": 0.001803509432996084,
        "lsy": 0.000798476825890574,
        "lsy_2": 0.001596953651781148,
        "master": 0.0016062024181042046,
        "prol": 0.0016246999507503184,
        "prol2": 0.0014890513780121514,
        "prot": 0.0022474502165028124,
        "putien": 0.0015722902749196628,
        "zaiton": 0.0016308657949656896
    },
    "sum": 0.015090903717121079
}