{
    "workers": {
        "1070": 0.00034577661034771584,
        "niu": 0.0007702791453728134,
        "putien": 0.0008042393481748212
    },
    "sum": 0.0019202951038953505
}