{
    "workers": {
        "1070": 0.0007544521365065913,
        "banzhang": 0.0019781366993770378,
        "lsy": 0.0009507323671424523,
        "lsy_2": 0.0015579743306721478,
        "master": 0.0015518405734647773,
        "niu": 0.001515038030220553,
        "prol": 0.0016193119027458546,
        "putien": 0.001588643116709001,
        "zaiton": 0.0010550062396677536
    },
    "sum": 0.012571135396506167
}