{
    "workers": {
        "1070": 0.00037562350695595926,
        "banzhang": 0.0002718328010865495,
        "lsy": 0.0005173060578253123,
        "lsy_2": 0.000881397264129115,
        "master": 0.0008649225489117483,
        "niu": 0.0007314773556510786,
        "prol": 0.0008632750773900115,
        "prot": 0.0014300052808674238,
        "putien": 0.0009011669223899549
    },
    "sum": 0.006837006815207153
}