{
    "workers": {
        "1070": 0.0012779373939813174,
        "banzhang": 0.0034215743129177205,
        "niu": 0.0024734272141573887,
        "prot": 0.0017497207329780044,
        "putien": 0.0019054550390545807,
        "syl": 0.0013603849677865636
    },
    "sum": 0.012188499660875575
}