{
    "workers": {
        "1070": 0.0004167596546672532,
        "banzhang": 0.0011875236492063046,
        "lsy": 0.0005068698502709836,
        "lsy_2": 0.0009011019560373042,
        "master": 0.0007852459902610794,
        "niu": 0.0008303010880629446,
        "prol": 0.0008158190923409165,
        "prot": 0.0013934898105862597,
        "putien": 0.0008222555348840401
    },
    "sum": 0.007659366626317086
}