{
    "workers": {
        "1070": 0.0003964153561403109,
        "banzhang": 0.0012073397153816938,
        "lsy": 0.0004572758050083254,
        "lsy_2": 0.0008882335780737256,
        "master": 0.0008339526371914424,
        "niu": 0.0008783643160951287,
        "prol": 0.0008750745621022631,
        "prot": 0.0013504440140713495,
        "putien": 0.0008701399311129646
    },
    "sum": 0.007757239915177203
}