{
    "workers": {
        "1070": 0.0004434870152770507,
        "banzhang": 0.001214263574579523,
        "lsy": 0.0005926071033833079,
        "lsy_2": 0.0009431361416590553,
        "master": 0.001053523739348103,
        "niu": 0.00011232422220990802,
        "prol": 0.001086446356202731,
        "putien": 0.0007010580765514949
    },
    "sum": 0.0061468462292111736
}