{
    "workers": {
        "1070": 0.0003701547317422647,
        "banzhang": 0.001112026029537943,
        "lsy": 0.0005325855001017395,
        "lsy_2": 0.0003357943768969912,
        "niu": 0.0007652988124629101,
        "prol": 0.0008839982201102186,
        "prot": 0.001432202063323446,
        "putien": 0.0009105494033997481
    },
    "sum": 0.006342609137575261
}