{
    "workers": {
        "banzhang": 0.0012134556267690921,
        "syl": 0.000741320307919122,
        "1070": 0.000336296131556696,
        "niu": 0.0007733261274045683,
        "putien": 0.0008058709143294097
    },
    "sum": 0.003870269107978888
}