{
    "workers": {
        "1070": 0.0004635655832643619,
        "banzhang": 0.0012368324285393828,
        "lsy": 0.0005898132314725287,
        "lsy_2": 0.000966583556593776,
        "lsy_3": 0.001031680000201112,
        "master": 0.0009389668835482395,
        "niu": 0.0009823645126197968,
        "prol": 0.0009330490250384817,
        "prol2": 0.0009152954495092083,
        "putien": 0.0010237895221881016,
        "yyl": 0.00028011196946186977,
        "zaiton": 0.000996172849142565
    },
    "sum": 0.010358225011579425
}