{
    "workers": {
        "1070": 0.000841299611277728,
        "banzhang": 0.0018938346227896905,
        "lsy": 0.0010161151149198533,
        "lsy_2": 0.001675315243237034,
        "lsy_3": 0.0017627229950580967,
        "master": 0.0016279693776672917,
        "niu": 0.0016134014190304481,
        "prol": 0.0017080931501699324,
        "prol2": 0.0015514875948238619,
        "putien": 0.0016316113673265026,
        "zaiton": 0.00173722906744362
    },
    "sum": 0.017059079563744056
}