{
    "workers": {
        "1070": 0.00030340837170991596,
        "banzhang": 0.0016813102389458537,
        "niu": 0.0006994895933563334,
        "prot": 0.0,
        "putien": 0.0007032980666413951,
        "syl": 0.0007407784332404251
    },
    "sum": 0.0041282847038939235
}