{
    "sum": 0.29029929316859454,
    "coin": {
        "1070": 0.018294372309421526,
        "banzhang": 0.04985871955110292,
        "lsy": 0.015621889941866965,
        "lsy_2": 0.025038829913592034,
        "master": 0.023924577622446833,
        "niu": 0.034698572919424624,
        "prol": 0.025774922886505687,
        "prot": 0.02753939645278275,
        "putien": 0.03699999435935274,
        "lsy_3": 0.006511418917907401,
        "prol2": 0.009081744219462107,
        "zaiton": 0.01057569293271424,
        "syl": 0.005288044425019316,
        "yyl": 0.00109111671699536
    },
    "portion": {
        "1070": 0.06301900397255486,
        "banzhang": 0.17174936599706744,
        "lsy": 0.05381304849679527,
        "lsy_2": 0.0862517770549667,
        "master": 0.08241348906265634,
        "niu": 0.11952689426382117,
        "prol": 0.0887874117955107,
        "prot": 0.0948655305088495,
        "putien": 0.1274546484612506,
        "lsy_3": 0.02243001988339607,
        "prol2": 0.03128407279375559,
        "zaiton": 0.036430308931452646,
        "syl": 0.01821583637803839,
        "yyl": 0.0037585923998846318
    }
}