{
    "workers": {
        "1070": 0.00031087347190242504,
        "lee": 0.0006129009507019356,
        "lsy": 0.00037026799702199407,
        "lsy_2": 0.0006027912442986047,
        "lsy_3": 0.0006811414689244191,
        "master": 0.0006760866157227536,
        "niu": 0.0007190528679369099,
        "prol": 0.0006179558039036009,
        "prol2": 0.000708943161533579,
        "putien": 0.0005105401733682102,
        "yyl": 0.000576253264989861,
        "zaiton": 0.0006571309162165082
    },
    "sum": 0.007043937936520802
}