{
    "workers": {
        "lsy": 0.0002814870270437552,
        "lsy_2": 0.00044334206759391457,
        "lsy_3": 0.0004538978311080554,
        "putien": 0.0003764888986710227,
        "zaiton": 0.0003861650152256518
    },
    "sum": 0.0019413808396423998
}