{
    "workers": {
        "1070": 0.0001956600413952859,
        "lsy": 0.0002728942682618461,
        "lsy_2": 0.00039818534740093274,
        "lsy_3": 0.0004496748319786395,
        "master": 0.00040161797970611317,
        "prol": 0.00045997272889418086,
        "prol2": 0.00045482378043641014,
        "putien": 0.00044280956736827856
    },
    "sum": 0.003075638545441687
}