{
    "workers": {
        "putien": 0.000469260607923101,
        "zaiton": 0.00038618139523632634
    },
    "sum": 0.0008554420031594274
}