{
    "workers": {
        "lee": 0.00040908680259800847,
        "lsy_2": 0.0007996489197953524,
        "lsy_3": 0.0008428731857302363,
        "master": 0.0009061658608491735,
        "niu": 0.0007687744441275781,
        "prol": 0.0003674062604465133,
        "prol2": 0.000358143917746181,
        "putien": 0.0006931319787415313,
        "yyl": 0.0006113146182219295,
        "zaiton": 0.0008104549862790733
    },
    "sum": 0.006567000974535577
}