{
    "workers": {
        "lee": 0.0005055423310301349,
        "lsy": 0.0002699405277009966,
        "lsy_2": 0.0005160347190326472,
        "lsy_3": 0.0005198501328517426,
        "niu": 0.0004759728739321459,
        "prol": 0.0004807421412060152,
        "prol2": 0.0004845575550251105,
        "putien": 0.00048360370157033664,
        "zaiton": 0.0004273263477386801
    },
    "sum": 0.00416357033008781
}