{
    "workers": {
        "1070": 0.0003396539351654346,
        "lee": 0.0006336827148608854,
        "lsy": 0.0003776748980570877,
        "lsy_2": 0.0006983183517766957,
        "lsy_3": 0.000713526736933357,
        "master": 0.0006742384086119821,
        "niu": 0.0006425542728689378,
        "prol": 0.0006780405049011475,
        "prol2": 0.0006615647543147644,
        "putien": 0.000563977616226188,
        "yyl": 0.0005994638482583976,
        "zaiton": 0.0006235437914231112
    },
    "sum": 0.007206239833397988
}