{
    "workers": {
        "putien": 0.0003300699704377709,
        "zaiton": 0.00031202970889562554
    },
    "sum": 0.0006420996793333964
}