{
    "workers": {
        "1070": 0.0002910440426652297,
        "banzhang": 0.0005294762776178987,
        "lsy": 0.0003503722513623727,
        "lsy_2": 0.0005832074854945564,
        "lsy_3": 0.0006044760886124002,
        "master": 0.0006548490959967668,
        "niu": 0.0005518642808998394,
        "prol": 0.0005664164830331009,
        "prol2": 0.0005854462858227506,
        "putien": 0.0005350732784383838,
        "yyl": 0.0002037308298656608,
        "zaiton": 0.0005227598766333164
    },
    "sum": 0.005978716276442277
}