{
    "workers": {
        "1070": 0.0004007839844077416,
        "banzhang": 0.0010163881844580326,
        "lsy": 0.0004761313734763971,
        "lsy_2": 0.0008272181438175787,
        "master": 0.0008192024641294238,
        "niu": 0.0009009623969486032,
        "prol": 0.0008480589110067812,
        "prot": 0.001340221643859488,
        "putien": 0.0008464557750691503
    },
    "sum": 0.007475422877173197
}