{
    "workers": {
        "putien": 0.00033899554874088344,
        "zaiton": 0.0003233076259621303
    },
    "sum": 0.0006623031747030137
}