{
    "workers": {
        "putien": 0.0003433644724170954,
        "zaiton": 0.0003099818153765444
    },
    "sum": 0.0006533462877936398
}