{
    "workers": {
        "lee": 0.000638629961408392,
        "lsy_2": 0.0006476610921757834,
        "lsy_3": 0.0007147494921621195,
        "master": 0.0006876560998599453,
        "niu": 0.0006902364229363428,
        "prol": 0.0007044281998565293,
        "prol2": 0.0006295988306410006,
        "putien": 0.0006025054383388264,
        "yyl": 0.0005457383306580804,
        "zaiton": 0.0006502414152521809
    },
    "sum": 0.006511445283289201
}