{
    "workers": {
        "zaiton": 0.00013101873571411213
    },
    "sum": 0.00013101873571411213
}