{
    "workers": {
        "lee": 0.0005580926412217981,
        "lsy": 0.000315198070649558,
        "lsy_2": 0.0005750387740524195,
        "lsy_3": 0.0005965038756378734,
        "master": 0.000594244391260457,
        "niu": 0.00010054705479502031,
        "prol": 0.0004925675942767287,
        "prol2": 0.0004891783677106044,
        "putien": 0.0003784636332172113,
        "zaiton": 0.0005264598599379715
    },
    "sum": 0.004626294262759643
}