{
    "workers": {
        "lee": 0.0005293086592730264,
        "lsy": 0.0003232964257987463,
        "lsy_2": 0.0004834148448851917,
        "lsy_3": 0.0005293086592730264,
        "master": 0.00047015663183981723,
        "prol": 0.0004946333328466623,
        "prol2": 0.0005221696214793632,
        "putien": 0.00047015663183981723,
        "zaiton": 0.000429362130161742
    },
    "sum": 0.004251806937397393
}