{
    "workers": {
        "lee": 0.000720018817016074,
        "lsy": 0.00043456757003337013,
        "lsy_2": 0.0006674730650839346,
        "lsy_3": 0.0008066482999312231,
        "master": 0.000633389334100925,
        "niu": 0.0006859350860330646,
        "prol": 0.0007058172624398201,
        "putien": 0.0006887753969483153,
        "yyl": 0.0006305490231856743,
        "zaiton": 0.0006745738423720615
    },
    "sum": 0.006647747697144462
}