{
    "workers": {
        "lsy": 0.0002736384614464381,
        "lsy_2": 0.00043129770744537927,
        "lsy_3": 0.0005074090675827992,
        "putien": 0.0004439829341349493,
        "zaiton": 0.00039686637785940366
    },
    "sum": 0.0020531945484689694
}