{
    "workers": {
        "lee": 0.0006271284004834606,
        "lsy": 0.0003196175631807598,
        "lsy_2": 0.0006247070553078487,
        "lsy_3": 0.0006198643649566252,
        "master": 0.0005956509132005069,
        "prol2": 0.0006174430197810133,
        "putien": 0.0005520667000394943,
        "yyl": 8.59577537342195e-05,
        "zaiton": 0.0005883868776736715
    },
    "sum": 0.0046308226483576
}