{
    "workers": {
        "1070": 0.00019880187464212492,
        "putien": 0.00037580529811735014,
        "zaiton": 0.000386268554677462
    },
    "sum": 0.0009608757274369371
}