{
    "workers": {
        "putien": 0.00036936216671259737,
        "zaiton": 0.0002760287159841454
    },
    "sum": 0.0006453908826967428
}