{
    "workers": {
        "lee": 0.0005163099933536267,
        "lsy": 0.0003361507616302336,
        "lsy_2": 0.0005426747589716844,
        "lsy_3": 0.0006195719920243522,
        "master": 0.0005327879718649127,
        "prol": 0.0005492659503761987,
        "prol2": 0.0005712365883912467,
        "putien": 0.0005294923761626555,
        "yyl": 0.0005053246743461029,
        "zaiton": 0.0005218026528573888
    },
    "sum": 0.0052246177199784015
}