{
    "workers": {
        "putien": 0.0003532946500521238,
        "zaiton": 0.0003230515282577786
    },
    "sum": 0.0006763461783099024
}