{
    "workers": {
        "putien": 0.00031088902840261436,
        "zaiton": 0.0002753238141080352
    },
    "sum": 0.0005862128425106496
}