{
    "workers": {
        "lsy": 0.001219882864399129,
        "niu": 0.0019195215660398057
    },
    "sum": 0.0031394044304389346
}