{
    "workers": {
        "1070": 0.0003195080423715085,
        "lee": 0.0006803317798772637,
        "lsy": 0.00038010439523507045,
        "lsy_2": 0.000676200210363839,
        "lsy_3": 0.0007395509429030176,
        "master": 0.0007326649937139764,
        "niu": 0.0006789545900394555,
        "prol": 0.0007354193733895928,
        "prol2": 0.0007202702851737023,
        "yyl": 0.0006293757558783594,
        "zaiton": 0.0006885949189041131
    },
    "sum": 0.0069809752878499
}