{
    "workers": {
        "putien": 0.00029849308530141284,
        "zaiton": 0.0002690365308308787
    },
    "sum": 0.0005675296161322916
}