{
    "workers": {
        "putien": 0.0003526589192634235,
        "zaiton": 0.00030797504060431526
    },
    "sum": 0.0006606339598677388
}