{
    "workers": {
        "lee": 0.0006663870577469804,
        "lsy": 0.000392068501936573,
        "lsy_2": 0.0005952195078905068,
        "lsy_3": 0.0006806205677182752,
        "master": 0.0005318156907456485,
        "niu": 0.0006430958596121346,
        "prol": 0.0006560354141314934,
        "prol2": 0.0006405079487082628,
        "putien": 0.0005680464433998533,
        "zaiton": 0.0006120409287656733
    },
    "sum": 0.005985837920655401
}