{
    "workers": {
        "1070": 0.0003058704234100032,
        "banzhang": 0.0006786910253346423,
        "lsy": 0.0004292687916526654,
        "lsy_2": 0.0006603125449580755,
        "lsy_3": 0.0006261810814015945,
        "master": 0.0007430157066526257,
        "niu": 0.0007259499748743852,
        "prol": 0.0006957567571128828,
        "prol2": 0.0006038643552300492,
        "putien": 0.0006340575729915517,
        "yyl": 0.0005867986234518088,
        "zaiton": 0.0006773782767363161
    },
    "sum": 0.007367145133806601
}