{
    "workers": {
        "putien": 0.0003402713909065595,
        "zaiton": 0.00033663601279858345
    },
    "sum": 0.0006769074037051429
}