{
    "workers": {
        "lee": 0.0006841125794375807,
        "lsy": 0.00045998147739486153,
        "lsy_2": 0.0007485685826394084,
        "lsy_3": 0.0008247438591506593,
        "master": 0.0007661474926035433,
        "niu": 0.0007295247635115957,
        "prol": 0.0007500334918030863,
        "prol2": 0.0007295247635115957,
        "putien": 0.0006650687603097679,
        "yyl": 0.0007046213077290713,
        "zaiton": 0.000785191311731356
    },
    "sum": 0.007847518389822524
}