{
    "workers": {
        "lee": 0.000730795027189165,
        "lsy": 0.00034103767935494365,
        "lsy_2": 0.0007886496335083072,
        "lsy_3": 0.000823666895227788,
        "master": 0.000666850462310113,
        "prol": 0.0007719022474685555,
        "putien": 0.0007384074753890521,
        "yyl": 0.0007429749443089844,
        "zaiton": 0.0007764697163884877
    },
    "sum": 0.006380754081145397
}