{
    "workers": {
        "lee": 0.0007242378769964675,
        "lsy_2": 0.0008484390273945253,
        "lsy_3": 0.0008790860645057345,
        "master": 0.0008274700020026455,
        "niu": 0.0003838944648667244,
        "prol": 0.0008645690469267407,
        "prol2": 0.0007742409375463349,
        "putien": 0.0007855319512188857,
        "yyl": 0.0006935908398852584,
        "zaiton": 0.0007403678965286827
    },
    "sum": 0.007521428107872
}