{
    "workers": {
        "1070": 0.00045849869691463115,
        "banzhang": 0.0012023700267636802,
        "lsy": 0.0005745502343079611,
        "lsy_2": 0.000974071920416146,
        "lsy_3": 0.0010596837102964712,
        "master": 0.0009512421097813925,
        "niu": 0.0007457738140686118,
        "prol": 0.0009474371413422669,
        "prol2": 0.0009303147833662019,
        "prot": 0.0016114041339696792,
        "putien": 0.0008922650989749461,
        "yyl": 0.0007895309511185558,
        "zaiton": 0.000937924720244453
    },
    "sum": 0.012075067341564997
}