{
    "workers": {
        "putien": 7.830673433913763e-05,
        "zaiton": 0.0002643588249494195
    },
    "sum": 0.0003426655592885571
}