{
    "workers": {
        "lsy_2": 0.0002781663798447563,
        "putien": 0.00027015335655704726,
        "zaiton": 0.00025298259236909937
    },
    "sum": 0.0008013023287709029
}