{
    "workers": {
        "putien": 0.00031369367066886905,
        "zaiton": 0.00027920038323017596
    },
    "sum": 0.000592894053899045
}