{
    "workers": {
        "lee": 0.0005568724197140142,
        "lsy": 0.0003208908398748082,
        "lsy_2": 0.0005921593849236151,
        "lsy_3": 0.0006009811262260153,
        "master": 0.0005524615490628141,
        "prol": 0.0005623860080280143,
        "prol2": 0.0006109055851912156,
        "putien": 0.0005370235017836137,
        "yyl": 0.000470860442015612,
        "zaiton": 0.0004907093599460125
    },
    "sum": 0.005295250216765735
}