{
    "workers": {
        "putien": 0.00029216270535435766,
        "zaiton": 0.00027976792391508186
    },
    "sum": 0.0005719306292694395
}