{
    "workers": {
        "1070": 0.0008309829780386344,
        "banzhang": 0.003664100382696669,
        "niu": 0.002755364611391261,
        "putien": 0.002036151273673613,
        "syl": 0.00026727522685453156
    },
    "sum": 0.009553874472654707
}