{
    "workers": {
        "1070": 0.0001464195744083451,
        "lsy_2": 0.0003210955579130374,
        "lsy_3": 0.000171465027925562,
        "putien": 0.00022862003723408267,
        "zaiton": 0.00027999532650016865
    },
    "sum": 0.0011475955239811958
}