{
    "workers": {
        "lsy": 0.0005742975413471668,
        "lsy_2": 0.0010503092618597513,
        "lsy_3": 0.0010792168562228637,
        "master": 0.0010503092618597513,
        "niu": 0.0008595191390632093,
        "prol": 0.0010676538184776186,
        "prol2": 0.0009655136517279548,
        "putien": 0.0006205496923281466,
        "yyl": 0.0008094126421671477,
        "zaiton": 0.001007911456793853
    },
    "sum": 0.009084693321847463
}