{
    "workers": {
        "1070": 0.0002929873845840053,
        "banzhang": 0.0006755342317046061,
        "lsy": 0.00044012078732269793,
        "lsy_2": 0.000640989867583348,
        "lsy_3": 0.0006473869720502475,
        "master": 0.0005898130318481504,
        "niu": 0.0006000483989951899,
        "prol": 0.0006601811809840469,
        "prol2": 0.0006525046556237673,
        "putien": 0.000658901760090667,
        "yyl": 0.0005706217184474514,
        "zaiton": 0.0006473869720502475
    },
    "sum": 0.007076476961284425
}