{
    "workers": {
        "lsy": 0.0003521734693522696,
        "lsy_2": 0.000570683740765559,
        "lsy_3": 0.0006532062368844076,
        "master": 0.0004021518824946709,
        "prol": 0.0006078769784529273,
        "putien": 0.0005253544823340787,
        "zaiton": 0.0005625477200214471
    },
    "sum": 0.0036739945103053603
}