{
    "workers": {
        "1070": 0.00015549481536754743,
        "lee": 0.0003498633345769817,
        "lsy_2": 0.0003738943514974208,
        "lsy_3": 0.00011450072767973947,
        "putien": 0.0002869586138146557,
        "zaiton": 0.00033643423688614805
    },
    "sum": 0.001617146079822493
}