{
    "workers": {
        "putien": 0.0004745006689810014
    },
    "sum": 0.0004745006689810014
}