{
    "workers": {
        "1070": 0.00021591298190673104,
        "lsy": 0.0002527552764384351,
        "lsy_2": 0.00043610995154970677,
        "lsy_3": 0.0004575298902309301,
        "master": 0.0004146900128684834,
        "prol": 0.0004172604055102302,
        "prol2": 0.0004592434853254279,
        "putien": 0.00043096916626621316,
        "zaiton": 0.0003958404668290069
    },
    "sum": 0.0034803116369251648
}