{
    "workers": {
        "lee": 0.000591904505733856,
        "lsy": 0.00039040509952658595,
        "lsy_2": 0.0006090777505810666,
        "lsy_3": 0.0005987738036727403,
        "master": 0.00046138784489505605,
        "niu": 0.0005621375479986912,
        "prol": 0.0005735863778968315,
        "prol2": 0.0005850352077949719,
        "putien": 0.0005220666433552,
        "zaiton": 0.0005403847711922245
    },
    "sum": 0.005434759552647224
}