{
    "workers": {
        "lee": 0.0008510510716128214,
        "lsy_2": 0.0008794194406665821,
        "lsy_3": 0.0007943143335052998,
        "master": 0.0006981770828231108,
        "prol": 0.0008400189280919144,
        "putien": 0.0007391536159007652,
        "yyl": 0.0006461684062245495,
        "zaiton": 0.0007943143335052998
    },
    "sum": 0.006242617212330343
}