{
    "workers": {
        "putien": 0.00038796476259053724,
        "zaiton": 0.00033714281029546687
    },
    "sum": 0.000725107572886004
}