{
    "workers": {
        "1070": 0.00019390889014575953,
        "putien": 0.0003853528367727171,
        "zaiton": 0.00036727658430150213
    },
    "sum": 0.0009465383112199786
}