{
    "workers": {
        "putien": 0.0003185616461748671,
        "zaiton": 0.00029022334022679616
    },
    "sum": 0.0006087849864016633
}