{
    "workers": {
        "putien": 0.0003659660004575023,
        "zaiton": 0.0003151373892828492
    },
    "sum": 0.0006811033897403515
}