{
    "workers": {
        "1070": 0.00019436080905913891,
        "lsy": 0.00029479605967343075,
        "lsy_2": 0.00041476038679605717,
        "lsy_3": 0.0005226352856040002,
        "master": 0.0004454489355948686,
        "niu": 0.00047613748439367996,
        "prol2": 0.0004984564289746338,
        "putien": 0.00042777977113494684,
        "zaiton": 0.000421270078965502
    },
    "sum": 0.0036956452401962583
}