{
    "workers": {
        "putien": 0.0004144441157149395,
        "zaiton": 0.0003853302728754602
    },
    "sum": 0.0007997743885903997
}