{
    "workers": {
        "lsy_2": 0.000154787994754732,
        "putien": 0.0004244943492516135,
        "zaiton": 0.00036508077550737294
    },
    "sum": 0.0009443631195137185
}