{
    "workers": {
        "1070": 0.00020551112585687236,
        "lsy": 0.00026750415142526773,
        "lsy_2": 0.0004203636665254207,
        "lsy_3": 0.00045942776482879317,
        "master": 0.0003711089338820381,
        "niu": 0.0004314035203937651,
        "prol": 0.0004212128860537549,
        "prol2": 0.0004543324476587881,
        "putien": 0.00038639488539205343,
        "zaiton": 0.00038639488539205343
    },
    "sum": 0.003803654267408807
}