{
    "workers": {
        "1070": 0.000197049341474841,
        "lsy_2": 0.0007236467195541576,
        "lsy_3": 0.0004764856921008009,
        "master": 0.00036267271038688416,
        "niu": 0.00038730387807123923,
        "prol": 0.0004136337469752051,
        "prol2": 0.00041703114941442647,
        "putien": 0.000411085695145789,
        "zaiton": 0.00040089348782812483
    },
    "sum": 0.0037898024209514687
}