{
    "workers": {
        "1070": 0.00019788745746491068,
        "lee": 0.00044223544842158304,
        "lsy_2": 0.0004353524064228036,
        "lsy_3": 0.0004525600114197523,
        "master": 6.969080023764246e-05,
        "putien": 0.0004516996311699049,
        "zaiton": 0.0004138429001766176
    },
    "sum": 0.0024632686553132145
}