{
    "workers": {
        "putien": 0.0002917893871238143,
        "zaiton": 0.0002680320048736499
    },
    "sum": 0.0005598213919974643
}