{
    "workers": {
        "putien": 0.000414782382966611,
        "zaiton": 0.00036085274235144935
    },
    "sum": 0.0007756351253180604
}