{
    "workers": {
        "banzhang": 0.0009471057576554958,
        "lsy": 0.00046067224052363315,
        "lsy_2": 0.0008395145435858314,
        "lsy_3": 0.0008531528664960707,
        "master": 0.0007364694371529135,
        "niu": 0.0008122378977653532,
        "prol": 0.0007728382982468845,
        "prol2": 0.0007334386987284159,
        "putien": 0.0007319233295161672,
        "zaiton": 0.000747077021638655
    },
    "sum": 0.0076344300913094194
}