{
    "workers": {
        "lsy": 0.00032158215494495574,
        "lsy_2": 0.0005018199409023055,
        "lsy_3": 0.0005397647379459581,
        "putien": 0.0003946258892539869,
        "zaiton": 0.00039367726932789564
    },
    "sum": 0.002151469992375102
}