{
    "workers": {
        "1070": 0.00014247902289879895,
        "lsy": 0.00022575443354284582,
        "lsy_2": 0.0003565228518198257,
        "lsy_3": 0.00035196872780022935,
        "master": 0.0003031745418759831,
        "prol": 0.00022640502268850242,
        "prol2": 0.00032269221624568165,
        "putien": 0.0002817051000693148,
        "zaiton": 0.0003090298441868927
    },
    "sum": 0.0025197317611280745
}