{
    "workers": {
        "lee": 0.0005852301803446122,
        "lsy": 0.0002941911139972916,
        "lsy_2": 0.0005284933226451346,
        "lsy_3": 0.0005705206246447476,
        "niu": 0.0005263919575451539,
        "prol2": 0.00023430220864784296,
        "putien": 0.0004549455441458116,
        "zaiton": 0.0004328812105960148
    },
    "sum": 0.0036269561625666092
}