{
    "workers": {
        "lsy": 0.0002593002862894468,
        "lsy_2": 0.0004321671438157447,
        "lsy_3": 0.00047808490284616755,
        "prol2": 0.00047628420641360197,
        "putien": 0.000403356000894695,
        "zaiton": 0.0003916514740830187
    },
    "sum": 0.002440844014342675
}