{
    "workers": {
        "putien": 0.0002934379794850754,
        "zaiton": 0.0002635563115130718
    },
    "sum": 0.0005569942909981472
}