{
    "workers": {
        "lsy": 0.00043822010256746815,
        "lsy_2": 0.0006595736014752678,
        "lsy_3": 0.0008943877861274606
    },
    "sum": 0.0019921814901701965
}