{
    "workers": {
        "1070": 0.00015835517567920472,
        "putien": 0.000311506190655337,
        "zaiton": 0.0003732126675631961
    },
    "sum": 0.0008430740338977378
}