{
    "workers": {
        "1070": 0.00016813600847622817,
        "lsy": 6.0356515863261385e-05,
        "lsy_2": 0.0003757911642438775,
        "lsy_3": 0.00038010234394839613,
        "master": 0.00039375441301270526,
        "prol": 0.0003815394038499024,
        "prol2": 0.00040381383232324883,
        "putien": 0.00037938381399764306,
        "zaiton": 0.00032693112759266585
    },
    "sum": 0.002869808623307929
}