{
    "workers": {
        "lsy": 0.00027537333722241257,
        "lsy_2": 0.0004255769757073649,
        "lsy_3": 0.000475644855202349,
        "niu": 0.0002378224276011745,
        "putien": 0.0003835557197026461,
        "zaiton": 0.00041663628294040343
    },
    "sum": 0.0022146095983763504
}