{
    "workers": {
        "putien": 0.0003419032719966217,
        "zaiton": 6.235971627611339e-05
    },
    "sum": 0.0004042629882727351
}