{
    "workers": {
        "lee": 0.0004852764419126898,
        "lsy": 0.00028254280549925984,
        "lsy_2": 0.00047610297420167485,
        "lsy_3": 0.0005238050062989525,
        "master": 0.0004889458289970958,
        "niu": 0.0004889458289970958,
        "prol": 0.00042931828887549876,
        "prol2": 0.0004797723612860808,
        "putien": 0.00039904584542914943,
        "yyl": 0.00035042646656077036,
        "zaiton": 0.0004210621679355853
    },
    "sum": 0.004825244015993853
}