{
    "workers": {
        "putien": 0.00025633733187614466,
        "zaiton": 0.00024218373686457834
    },
    "sum": 0.000498521068740723
}