{
    "workers": {
        "1070": 0.00019946243430880381,
        "lee": 0.0003965022479579865,
        "lsy_2": 0.000384389144659881,
        "lsy_3": 0.0005022900167614412,
        "master": 8.640680352648585e-05,
        "prol": 0.00024387714640185728,
        "putien": 0.0003948871675182391,
        "zaiton": 0.0003706609609220281
    },
    "sum": 0.002578475922056723
}