{
    "workers": {
        "lsy_2": 0.00022095332725324625,
        "niu": 0.0004393072035976308
    },
    "sum": 0.000660260530850877
}