{
    "workers": {
        "1070": 0.00021458484761297395,
        "lsy": 0.000271142094270657,
        "lsy_2": 0.00043332831630371875,
        "lsy_3": 0.00044247728267481453,
        "master": 0.00038592003601713143,
        "niu": 0.0003967324508193356,
        "prol": 0.0003751076212149274,
        "prol2": 0.0004324965920881646,
        "putien": 0.0003850883118015773,
        "zaiton": 0.0003451655494549775
    },
    "sum": 0.003682043102258278
}