{
    "workers": {
        "putien": 0.0003363232037038026,
        "zaiton": 0.0002810750388243278
    },
    "sum": 0.0006173982425281304
}