{
    "workers": {
        "lee": 0.0004891577866800707,
        "lsy": 0.00027112233912887645,
        "lsy_2": 0.00048157394502611623,
        "lsy_3": 0.0005469845792914745,
        "master": 0.0004209032117944795,
        "niu": 0.00047304212316541733,
        "prol": 0.0004607183804777411,
        "prol2": 0.0004872618262665822,
        "putien": 0.00041331937014052494,
        "yyl": 0.0004654582815114627,
        "zaiton": 0.0004351229148956444
    },
    "sum": 0.00494466475837839
}