{
    "workers": {
        "1070": 0.00017201883272624548,
        "lsy": 0.0002096479523851117,
        "lsy_2": 0.0003682278138046193,
        "lsy_3": 0.00034067792262580654,
        "master": 0.0003198475171003627,
        "prol": 0.0003453815625831648,
        "prol2": 0.0003729314537619775,
        "putien": 0.00025534045482802063,
        "zaiton": 0.0003090963400549723
    },
    "sum": 0.002693169849870281
}