{
    "workers": {
        "1070": 0.00041309937409311266,
        "banzhang": 0.0010474402539766788,
        "lsy": 0.000404457127773173,
        "lsy_2": 0.0009765738341531742,
        "lsy_3": 0.0009904014282650776,
        "master": 0.0009005220665377056,
        "niu": 0.0009333626025534762,
        "prol": 0.0009247203562335366,
        "prol2": 0.0008970651680097299,
        "prot": 0.0014674534251257433,
        "putien": 0.0007622461254186723,
        "yyl": 0.0007415047342508173,
        "zaiton": 0.0008918798202177661
    },
    "sum": 0.011350726316608665
}