{
    "workers": {
        "lee": 0.0008711058089423615,
        "lsy": 0.00048470089758271477,
        "lsy_2": 0.0009134747685212701,
        "lsy_3": 0.0009338118691191462,
        "master": 0.0008236525742139839,
        "prol": 0.0008897481511570813,
        "putien": 0.0008541582251107981,
        "yyl": 0.0007236618296077595,
        "zaiton": 0.0008575477418771108
    },
    "sum": 0.007351861866132226
}