{
    "workers": {
        "1070": 0.0001664251279027645,
        "lsy_2": 0.0003349133772258112,
        "lsy_3": 0.00021525233484944332,
        "putien": 0.00033766420578618746,
        "zaiton": 0.0003349133772258112
    },
    "sum": 0.0013891684229900177
}