{
    "workers": {
        "lsy": 0.0003108612776318244,
        "lsy_2": 0.00046827192458551885,
        "lsy_3": 0.000542522229752356,
        "niu": 0.00027027111080728684,
        "prol2": 6.732027668459891e-05,
        "putien": 0.00017424071612484425,
        "zaiton": 0.00044649183506991337
    },
    "sum": 0.0022799793706563425
}