{
    "workers": {
        "putien": 0.0003320525192369251,
        "zaiton": 0.00031724762984419594
    },
    "sum": 0.000649300149081121
}