{
    "workers": {
        "putien": 0.0003526492114165433,
        "zaiton": 0.00032913926398877376
    },
    "sum": 0.0006817884754053171
}