{
    "workers": {
        "1070": 0.00022198981552245747,
        "lsy": 0.00026281552872198987,
        "lsy_2": 0.00044397963104491494,
        "lsy_3": 0.0004473817738115426,
        "master": 0.00036573034741247784,
        "niu": 0.00042271623875349176,
        "prol": 0.00040485498922869636,
        "prol2": 0.0004099582033786379,
        "putien": 0.0004057055249203533,
        "zaiton": 0.00038784427539555785
    },
    "sum": 0.00377297632819012
}