{
    "workers": {
        "putien": 0.0003263808676018182
    },
    "sum": 0.0003263808676018182
}