{
    "workers": {
        "lsy": 0.0003258657828192228,
        "lsy_2": 0.00048785686560796947,
        "lsy_3": 0.0005236455932008321,
        "niu": 0.000421930262147433,
        "prol": 0.00044076643456472913,
        "prol2": 0.0004765551621575917,
        "putien": 0.0003569454673077614,
        "zaiton": 0.00036259631903295025
    },
    "sum": 0.0033961618868384898
}