{
    "workers": {
        "1070": 0.00018197311540516797,
        "lsy": 0.00026228049966848155,
        "lsy_2": 0.00041435192944369234,
        "lsy_3": 0.00047073796520304026,
        "master": 0.0003818872421883103,
        "niu": 0.0003554028920589196,
        "prol": 0.00044681661669907446,
        "prol2": 0.00044596228282393284,
        "putien": 0.0003998282535662846,
        "zaiton": 0.00037078090181146906
    },
    "sum": 0.0037300216988683734
}