{
    "workers": {
        "1070": 0.0002709370335238535,
        "lsy_2": 0.0005787119970443713,
        "putien": 0.0005929718409140477,
        "zaiton": 0.0005228609418881383
    },
    "sum": 0.0019654818133704108
}