{
    "workers": {
        "putien": 0.0002681070389955732,
        "zaiton": 0.00024108011974198723
    },
    "sum": 0.0005091871587375605
}