{
    "workers": {
        "1070": 0.00022184426148335286,
        "lsy": 0.0002753631105571578,
        "lsy_2": 0.00012084901403762413,
        "lsy_3": 0.00046526870404485287,
        "master": 0.00038326401594789364,
        "niu": 0.00041520268394355147,
        "prol2": 0.00048166964166424474,
        "putien": 0.0004212451346454326,
        "zaiton": 0.00041520268394355147
    },
    "sum": 0.0031999092502676615
}