{
    "workers": {
        "1070": 0.00015190807335710538,
        "lsy_2": 0.0003562445968109109,
        "lsy_3": 0.00039321337572525067,
        "master": 0.00036094971412728135,
        "prol": 0.00021105811962004908,
        "prol2": 0.0003461622025615455,
        "putien": 0.0003219644563630685,
        "zaiton": 0.0003017996678643377
    },
    "sum": 0.002443300206429549
}