{
    "workers": {
        "lee": 0.0003855887936657637,
        "lsy_2": 0.00076651320676299,
        "lsy_3": 0.0008737939598393518,
        "master": 0.0007867255225599857,
        "niu": 0.0005581708747016498,
        "prol": 0.0004151298705998343,
        "prol2": 0.00045710929571667145,
        "putien": 0.0007167598140319237,
        "yyl": 0.0006452393119810159,
        "zaiton": 0.000791389903128523
    },
    "sum": 0.006396420552987709
}