{
    "workers": {
        "lee": 0.0006189153323825616,
        "lsy": 0.00029219707923240455,
        "lsy_2": 0.0006250798277250174,
        "lsy_3": 0.0006854918820810842,
        "master": 0.000528913700382707,
        "niu": 0.0006078192407661412,
        "prol": 0.0006423404146838936,
        "putien": 0.0005659006724374418,
        "zaiton": 0.0005659006724374418
    },
    "sum": 0.005132558822128694
}