{
    "workers": {
        "lsy_2": 0.0006254535317705504,
        "lsy_3": 0.0007065793036738436,
        "master": 0.0005534871212111775,
        "niu": 0.0006071348090827101,
        "prol": 0.000692186021561969,
        "putien": 0.0006647079375302084,
        "zaiton": 0.0006529316158023111
    },
    "sum": 0.00450248034063277
}