{
    "workers": {
        "lee": 0.00046502072386334726,
        "lsy": 0.000300504189654024,
        "lsy_2": 0.00045456013498298563,
        "lsy_3": 0.0004583639854849353,
        "master": 0.00043363895722226247,
        "niu": 0.0004469524339790863,
        "prol": 0.0004945005652534573,
        "prol2": 0.0004678736117398095,
        "putien": 0.00042508029359287575,
        "yyl": 6.751834640960666e-05,
        "zaiton": 0.0004574130228594479
    },
    "sum": 0.004471426265041839
}