{
    "workers": {
        "putien": 0.0003188187577485326,
        "zaiton": 0.0003075272600782721
    },
    "sum": 0.0006263460178268048
}