{
    "workers": {
        "putien": 0.00029416040279582297,
        "zaiton": 0.00024729207866063945
    },
    "sum": 0.0005414524814564624
}