{
    "workers": {
        "lsy_2": 0.0003919283122264633,
        "putien": 0.00033327706831933406,
        "zaiton": 0.0003077465268538778
    },
    "sum": 0.0010329519073996752
}