{
    "workers": {
        "putien": 0.00032945035639571205,
        "zaiton": 0.0002905752143410181
    },
    "sum": 0.0006200255707367302
}