{
    "workers": {
        "putien": 0.000342436496587574,
        "zaiton": 0.0003328290598095659
    },
    "sum": 0.0006752655563971399
}