{
    "workers": {
        "1070": 0.00017572355882047307,
        "prol": 3.514471176409461e-05,
        "putien": 0.0002631948414333308,
        "zaiton": 0.0003522281112357038
    },
    "sum": 0.0008262912232536023
}