{
    "workers": {
        "lsy": 0.00030597815991063393,
        "lsy_2": 0.0005185200360901683,
        "master": 0.00041994989061560164,
        "prol": 0.0005493232065509703,
        "putien": 0.0004076286224312808,
        "zaiton": 0.0005216003531362485
    },
    "sum": 0.0027230002687349034
}