{
    "workers": {
        "putien": 0.00031785108205391885
    },
    "sum": 0.00031785108205391885
}