{
    "workers": {
        "putien": 0.0003523025531604026,
        "zaiton": 0.0003061522187058111
    },
    "sum": 0.0006584547718662137
}