{
    "workers": {
        "putien": 0.0002461211573985365,
        "zaiton": 8.619432938429761e-05
    },
    "sum": 0.0003323154867828341
}