{
    "workers": {
        "putien": 0.0003641012642781199,
        "zaiton": 0.00031978182199707543
    },
    "sum": 0.0006838830862751954
}