{
    "workers": {
        "putien": 0.00034913983764082177,
        "zaiton": 0.00032399602217286137
    },
    "sum": 0.0006731358598136832
}