{
    "workers": {
        "putien": 0.0002658213718912451,
        "zaiton": 0.00015641083621426884
    },
    "sum": 0.0004222322081055139
}