{
    "workers": {
        "1070": 0.00016922909848027053,
        "lsy": 0.0002366073506529708,
        "lsy_2": 0.00041053725742436,
        "lsy_3": 0.0004230727462006763,
        "master": 0.0003517771537853771,
        "prol": 0.00039878523669656336,
        "prol2": 0.0004301239586373542,
        "putien": 0.00035569449402797596,
        "zaiton": 0.00033924166500906084
    },
    "sum": 0.003115068960914609
}