{
    "workers": {
        "1070": 0.0002971192101303618,
        "banzhang": 0.0009486964253285236,
        "lsy": 0.0003935526379796898,
        "lsy_2": 0.0007414948708955081,
        "master": 0.0004144031088660309,
        "niu": 0.0006815497670972772,
        "prol": 0.0006698213772237104,
        "prot": 0.0011089844202672714,
        "putien": 0.0007831958126681905
    },
    "sum": 0.006038817630456564
}