{
    "workers": {
        "putien": 0.0002868008832530155,
        "zaiton": 0.0002424983077911676
    },
    "sum": 0.0005292991910441831
}