{
    "workers": {
        "putien": 0.00033132905260453596,
        "zaiton": 0.0002955974881079684
    },
    "sum": 0.0006269265407125044
}