{
    "workers": {
        "lee": 0.00037014241566123634,
        "lsy_2": 0.0008642020748264518,
        "lsy_3": 0.0008513275560208435,
        "master": 0.000870639334229256,
        "niu": 0.0007853456471421014,
        "prol": 0.00039428213842175174,
        "prol2": 0.0003765796750640404,
        "putien": 0.0006759122372944316,
        "zaiton": 0.0007290196273675656
    },
    "sum": 0.0059174507060276785
}