{
    "workers": {
        "lee": 0.0008110522582364506,
        "lsy": 0.0005104858331252953,
        "lsy_2": 0.0007935589742352723,
        "lsy_3": 0.0007633433018696005,
        "master": 0.0006806477775003938,
        "niu": 0.0007760656902340939,
        "prol": 0.0007983298698719572,
        "putien": 0.0007522112120506688,
        "yyl": 0.0007060925542293804,
        "zaiton": 0.0007426694207772988
    },
    "sum": 0.007334456892130412
}