{
    "workers": {
        "putien": 0.0003109184816295973,
        "zaiton": 0.00027407367195623545
    },
    "sum": 0.0005849921535858327
}