{
    "workers": {
        "1070": 0.00018278636840807973,
        "lsy_2": 0.0004128450734734215,
        "putien": 0.0001347261594731967,
        "zaiton": 0.0002410889169520362
    },
    "sum": 0.0009714465183067341
}