{
    "workers": {
        "1070": 0.0001982927405435888,
        "lsy_2": 0.000693595386836449,
        "lsy_3": 0.00042920506611166404,
        "master": 0.00033220472117042796,
        "niu": 0.0004094616330705275,
        "prol": 0.0004609662410039272,
        "prol2": 0.00046869193219393714,
        "putien": 0.0004000191216160709,
        "zaiton": 0.00038027568857493434
    },
    "sum": 0.003772712531121526
}