{
    "workers": {
        "1070": 0.0002187137928327963,
        "lsy": 0.0002852392381527719,
        "lsy_2": 0.0005021304160452949,
        "lsy_3": 0.0005112434907466614,
        "master": 0.0004064431316809465,
        "niu": 0.0004228466661434062,
        "prol2": 0.00048481557411269856,
        "putien": 0.0002250929451237529,
        "zaiton": 0.0004109996690316298
    },
    "sum": 0.0034675249238699584
}