{
    "workers": {
        "1070": 0.00018266777765603808,
        "lsy_2": 0.000446988893711319,
        "prol": 0.00014478736293473986,
        "putien": 0.00030304331777038576,
        "zaiton": 0.000397323461076728
    },
    "sum": 0.0014748108131492105
}