{
    "workers": {
        "lee": 0.000525628370381027,
        "lsy": 0.00034160093217322767,
        "lsy_2": 0.0006302939758617129,
        "lsy_3": 0.0006084407175745368,
        "master": 0.0005532324861121969,
        "niu": 0.0005750857443993731,
        "prol": 0.000625693289906518,
        "prol2": 0.000621092603951323,
        "putien": 0.0004957239116722596,
        "zaiton": 0.0005865874592873606
    },
    "sum": 0.005563379491319535
}