{
    "workers": {
        "1070": 0.00018692140202112057,
        "lee": 0.0004397694396098563,
        "lsy_2": 0.00039555981340569086,
        "lsy_3": 0.00018381897211205633,
        "prol": 0.00021484327120269874,
        "putien": 0.0002644821497477266,
        "zaiton": 0.00036375990683778234
    },
    "sum": 0.0020491549549369317
}