{
    "workers": {
        "1070": 0.0001772250482969596,
        "lsy_2": 0.0003414990353722183,
        "lsy_3": 0.00036603788821333577,
        "master": 0.000362629714207625,
        "prol": 0.00017177196988782238,
        "prol2": 0.0002017639011380771,
        "putien": 0.00032582143494594884,
        "zaiton": 0.00030537239091168425
    },
    "sum": 0.002252121382973671
}