{
    "workers": {
        "lee": 0.00051642578651118,
        "lsy_2": 0.0006986131329461587,
        "lsy_3": 0.0007931313803447565,
        "master": 0.0006890243252390545,
        "niu": 0.0005766982920986918,
        "prol": 0.0004958783414245282,
        "prol2": 0.0004397153248543469,
        "putien": 0.0006260121603066559,
        "yyl": 2.7396593448868966e-06,
        "zaiton": 0.0007355985341021318
    },
    "sum": 0.005573836937172391
}