{
    "workers": {
        "putien": 0.00029609513805232214,
        "zaiton": 0.0002772231402423939
    },
    "sum": 0.000573318278294716
}