{
    "workers": {
        "lee": 0.0005049191694200101,
        "lsy": 0.00031165351539351325,
        "lsy_2": 0.000529203858931193,
        "lsy_3": 0.000551464824316444,
        "master": 0.0004715277213421337,
        "prol": 0.0005312275830571248,
        "putien": 0.00045230234214578064,
        "zaiton": 0.0004846819281606911
    },
    "sum": 0.0038369809427668904
}