{
    "workers": {
        "putien": 0.00032735930393731194,
        "zaiton": 0.000310819044369953
    },
    "sum": 0.000638178348307265
}