{
    "workers": {
        "1070": 0.00016795701489006934,
        "lsy_2": 0.0003571657337050046,
        "prol2": 2.056616508857992e-06,
        "putien": 0.0003345429521075667,
        "zaiton": 0.0003359140297801387
    },
    "sum": 0.0011976363469916372
}