{
    "workers": {
        "lsy": 0.0003116642048196637,
        "lsy_2": 0.00045177013175694367,
        "lsy_3": 0.0005070500212968228,
        "putien": 0.0005089562243844049,
        "zaiton": 0.00043556740551249634
    },
    "sum": 0.0022150079877703314
}