{
    "workers": {
        "lee": 0.0006365447846572173,
        "lsy": 0.0003297471085605699,
        "lsy_2": 0.00067036500091984,
        "lsy_3": 0.000717471730714207,
        "master": 0.0005411234602019609,
        "prol": 0.0006667414063202732,
        "putien": 0.0006305054603246062,
        "zaiton": 0.0005870223251298058
    },
    "sum": 0.00477952127682848
}