{
    "workers": {
        "lsy_3": 0.00020169557783048585,
        "putien": 0.0002826049786793913,
        "zaiton": 0.00027509196288627867
    },
    "sum": 0.0007593925193961559
}