{
    "workers": {
        "1070": 0.00017323316285235526,
        "lsy": 0.0002191776103914582,
        "lsy_2": 0.0003848788965980589,
        "lsy_3": 0.00042856378114343544,
        "master": 0.0003329089477423523,
        "prol": 0.00038864483492093615,
        "prol2": 0.0004150064031810772,
        "putien": 0.0004187723415039545,
        "zaiton": 0.000391657585579238
    },
    "sum": 0.003152843563912866
}