{
    "workers": {
        "putien": 0.0002887532844138661,
        "zaiton": 0.000248403480478304
    },
    "sum": 0.0005371567648921701
}