{
    "workers": {
        "putien": 0.00029495982491216014,
        "zaiton": 0.0002637852092710375
    },
    "sum": 0.0005587450341831976
}