{
    "workers": {
        "1070": 0.0003998855769191017,
        "banzhang": 0.0011357345009895675,
        "lsy": 0.0002542023555879791,
        "niu": 0.0007135504718259063,
        "putien": 0.0007789592650766145
    },
    "sum": 0.003282332170399169
}