{
    "workers": {
        "lee": 0.00054138158677237,
        "lsy": 0.00031537788830952103,
        "lsy_2": 0.0005033718738490727,
        "lsy_3": 0.0005711729833879274,
        "master": 0.0005506271926185775,
        "prol": 0.0005465180344647075,
        "prol2": 0.0005228903750799552,
        "putien": 0.0004674167400027104,
        "yyl": 0.00048282608307972284,
        "zaiton": 0.0004910443993874628
    },
    "sum": 0.004992627156952028
}