{
    "workers": {
        "lee": 0.0007285630743511405,
        "lsy": 0.0004415984348618138,
        "lsy_2": 0.0007612740695260897,
        "lsy_3": 0.0008133142891225998,
        "master": 0.0006988258060102777,
        "prol": 0.0008073668354544271,
        "putien": 0.000712207576763666,
        "yyl": 0.0006423249961626382,
        "zaiton": 0.0005650080984763947
    },
    "sum": 0.006170483180729047
}