{
    "workers": {
        "lsy": 0.00039957350376257356,
        "lsy_2": 0.0006455650093362751,
        "lsy_3": 0.0006598819752691361,
        "master": 0.0006208357045431517,
        "prol": 0.0006468665516938079,
        "prol2": 0.0006494696364088737,
        "putien": 0.000472459875784411,
        "zaiton": 0.0005713770949569048
    },
    "sum": 0.004666029351755134
}