{
    "workers": {
        "1070": 0.00019958507582698497,
        "lsy": 0.00026361862098814266,
        "lsy_2": 0.0003966753382061327,
        "lsy_3": 0.0004424135847498167,
        "master": 0.0003891908978626207,
        "prol": 0.00030935686753182676,
        "prol2": 0.00041247582337576897,
        "putien": 0.00035675832304073564,
        "zaiton": 0.000385864479932171
    },
    "sum": 0.0031559390115142
}