{
    "workers": {
        "1070": 0.00018144381407778456,
        "lsy_2": 0.0004084383764596154,
        "lsy_3": 0.00037731203178518373,
        "master": 0.00032872456692753434,
        "prol": 0.0003879405397227946,
        "prol2": 0.0003894588979995961,
        "putien": 0.00033479800003474047,
        "zaiton": 0.0003378347165883436
    },
    "sum": 0.0027459509435955928
}