{
    "workers": {
        "1070": 0.0001724818502979748,
        "lsy_2": 0.00037250281955108843,
        "prol": 0.00023698136574553682,
        "putien": 0.0003340929957452369,
        "zaiton": 0.00034134013231237865
    },
    "sum": 0.0014573991636522155
}