{
    "workers": {
        "lee": 0.0007030493526524653,
        "lsy": 0.0003488514848712803,
        "lsy_2": 0.0006723076509205133,
        "lsy_3": 0.000700376161197513,
        "master": 0.000606814460274181,
        "prol": 0.0006616148851007039,
        "putien": 0.0006014680773642763,
        "yyl": 0.0005105795678958968,
        "zaiton": 0.000653595310735847
    },
    "sum": 0.005458656951012677
}