{
    "workers": {
        "lee": 0.0005130354387989209,
        "lsy": 0.0002901511581465522,
        "lsy_2": 0.0005220712880145576,
        "lsy_3": 0.0004226769466425553,
        "niu": 0.0005692585005851042,
        "prol": 0.0005130354387989209,
        "prol2": 0.0005541987518923765,
        "putien": 0.0004819119581672839,
        "zaiton": 0.00045279644402801053
    },
    "sum": 0.004319135925074282
}