{
    "workers": {
        "putien": 0.0003704918551003301,
        "zaiton": 0.0003867285499453645
    },
    "sum": 0.0007572204050456945
}