{
    "workers": {
        "lee": 0.00075582371751923,
        "lsy": 0.00041297584565483695,
        "lsy_2": 0.0008789372715068982,
        "lsy_3": 0.0009319228517041227,
        "master": 0.0006872541431463513,
        "prol": 0.0008524444814082861,
        "putien": 0.000715305332662529,
        "yyl": 0.0006747869478058279
    },
    "sum": 0.005909450591408082
}