{
    "workers": {
        "1070": 0.0013118032211095656,
        "niu": 0.0011008858404605766,
        "putien": 0.002644183747648301,
        "syl": 0.0013323805265387351
    },
    "sum": 0.006389253335757178
}