{
    "workers": {
        "1070": 0.0004377611164240749,
        "banzhang": 0.00127378610568509,
        "lsy": 0.0005628357211166677,
        "lsy_2": 0.000888687980710528,
        "master": 0.0008113392120190561,
        "niu": 0.0007043675106372334,
        "prol": 0.0008442535816750016,
        "putien": 0.0009759110602987835
    },
    "sum": 0.006498942288566434
}