{
    "workers": {
        "lee": 0.0006532908627380217,
        "lsy": 0.00042969800531908117,
        "lsy_2": 0.0006507926185210502,
        "lsy_3": 0.0006982592586435069,
        "master": 0.0006607855953889358,
        "niu": 0.000434694493753024,
        "prol": 0.0006720276943653072,
        "prol2": 0.0007045048691859355,
        "putien": 0.0005870873909882795,
        "yyl": 0.0005571084603846227,
        "zaiton": 0.0005995786120731364
    },
    "sum": 0.006647827861360901
}