{
    "workers": {
        "lee": 0.0005205961761141342,
        "lsy": 0.0003140438471295789,
        "lsy_2": 0.0005469421364437969,
        "lsy_3": 0.0005416729443778643,
        "master": 0.0005047885999163366,
        "niu": 0.0005469421364437969,
        "prol": 0.0005406191059646778,
        "prol2": 0.0005385114291383047,
        "putien": 0.0004995194078504041,
        "yyl": 0.0004636889018020629,
        "zaiton": 0.0005058424383295231
    },
    "sum": 0.005523167123510481
}