{
    "workers": {
        "1070": 0.0004155075313449666,
        "banzhang": 0.0011687121949066287,
        "lsy": 0.000510436218281457,
        "lsy_2": 0.0009041568378705078,
        "niu": 0.0005991400732876859,
        "prot": 0.0013788002725529601,
        "putien": 0.0008372398946201949
    },
    "sum": 0.005813993022864401
}