{
    "workers": {
        "1070": 0.00033177487718834557,
        "banzhang": 0.000656723110813145,
        "lsy": 0.0004355398593542479,
        "lsy_2": 0.0007017789583325499,
        "lsy_3": 0.0007045096157579684,
        "master": 0.000724989546448607,
        "niu": 0.0006225898929954139,
        "prol": 0.0006990483009071314,
        "prol2": 0.0007468348058519549,
        "putien": 0.0004341745306415387,
        "yyl": 0.0005584194434980796,
        "zaiton": 0.0006580884395258542
    },
    "sum": 0.007274471381314837
}