{
    "workers": {
        "putien": 0.00028546518595573073,
        "zaiton": 0.0002614765148670139
    },
    "sum": 0.0005469417008227447
}