{
    "workers": {
        "1070": 0.00016830619596998352,
        "lsy_2": 0.0003785083548852849,
        "putien": 0.00028460361035267603,
        "zaiton": 0.00036117209435618784
    },
    "sum": 0.0011925902555641322
}