{
    "workers": {
        "lee": 0.000643727476240155,
        "lsy": 0.0003926100251128074,
        "master": 0.000558322048699382,
        "prol": 0.0006959904990636132,
        "prol2": 0.0006195080266390403,
        "putien": 0.000591464453416697,
        "zaiton": 0.0006539251392300981
    },
    "sum": 0.004155547668401793
}