{
    "workers": {
        "lee": 0.0007431343586330595,
        "lsy": 0.0004020235054900158,
        "lsy_2": 0.0007507484401764309,
        "lsy_3": 0.0008010013783626828,
        "master": 0.0006867901552121101,
        "prol": 0.0007827275826585912,
        "putien": 0.0006944042367554818,
        "yyl": 0.0006837445225947615
    },
    "sum": 0.005544574179883134
}