{
    "workers": {
        "1070": 0.00017592506128747117,
        "lee": 0.0003399733251884464,
        "lsy_2": 0.00043053390526047805,
        "putien": 0.00033700412584182244,
        "zaiton": 0.0003459117238816944
    },
    "sum": 0.0016293481414599122
}