{
    "workers": {
        "lsy": 0.0004899948138994194,
        "lsy_2": 0.0007919855753359196,
        "lsy_3": 0.0007357323942840225,
        "master": 0.0007298110068048755,
        "niu": 0.0006705971320134049,
        "prol": 0.0008334352876899491,
        "prol2": 0.0007416537817631696,
        "putien": 0.0007194485787163681,
        "yyl": 0.0006335884602687357,
        "zaiton": 0.0007357323942840225
    },
    "sum": 0.007081979425059887
}