{
    "workers": {
        "putien": 0.00037176369541780445,
        "zaiton": 0.0003035102044621919
    },
    "sum": 0.0006752738998799964
}