{
    "workers": {
        "lsy": 0.00039015609630793944,
        "lsy_2": 0.0005934413115363481,
        "lsy_3": 0.000678038264457487,
        "putien": 0.0005353598214710884,
        "zaiton": 0.0005063190764384586
    },
    "sum": 0.002703314570211322
}