{
    "workers": {
        "lee": 0.0007011270539211196,
        "lsy": 0.0004161160563922092,
        "lsy_2": 0.0006968518889581859,
        "lsy_3": 0.0007666795833527689,
        "master": 0.0006099235347118683,
        "niu": 0.0005244202354531951,
        "prol": 0.0007424536485628115,
        "putien": 0.0006426997994276929,
        "yyl": 0.000601373204786001,
        "zaiton": 0.0006598004592794275
    },
    "sum": 0.006361445464845279
}