{
    "workers": {
        "lee": 0.0006582407340171554,
        "lsy_2": 0.0009786542130096332,
        "lsy_3": 0.0009455680385484534,
        "master": 0.0009386025281355733,
        "prol": 0.0007017751740976551,
        "prol2": 0.0006861027756686752,
        "putien": 0.0007958095646715344,
        "yyl": 0.0006564993564139354,
        "zaiton": 0.000983878345819293
    },
    "sum": 0.007345130730381908
}