{
    "workers": {
        "1070": 0.00019077920023265204,
        "lsy": 0.00022420632505974064,
        "lsy_2": 0.0004459667629370114,
        "lsy_3": 0.00045493501593940107,
        "master": 0.0003734054431904044,
        "prol": 0.0003856348791027539,
        "prol2": 0.00038889606201271377,
        "putien": 0.00038889606201271377,
        "zaiton": 0.0003962337235601235
    },
    "sum": 0.003248953474047514
}