{
    "workers": {
        "1070": 0.00035670516674971497,
        "lee": 0.0006679614126394277,
        "lsy": 0.00024239424458667892,
        "lsy_2": 0.0007285599737860974,
        "lsy_3": 0.0007519730542291289,
        "master": 0.000785026814854585,
        "prol": 0.0006927517331085198,
        "prol2": 0.0007313144538382188,
        "putien": 0.00043383060820911286,
        "yyl": 0.0006431710921703355,
        "zaiton": 0.0006817338129000344
    },
    "sum": 0.006715422367071854
}