{
    "workers": {
        "lee": 0.0008864822144589813,
        "lsy_2": 0.0009153523248915535,
        "lsy_3": 0.0009136540831014021,
        "master": 0.0009374294681635205,
        "prol": 0.00088478397266883,
        "prol2": 0.0008253455100135343,
        "putien": 0.0006742019906900681,
        "yyl": 0.0007353386951355151,
        "zaiton": 0.0008593103458165603
    },
    "sum": 0.007631898604939966
}