{
    "workers": {
        "1070": 0.00018384714594070004,
        "lsy_2": 0.0003616167002800546,
        "prol": 0.00023170817980129547,
        "putien": 0.00034718242022685914,
        "zaiton": 0.0003243914517218137
    },
    "sum": 0.001448745897970723
}