{
    "workers": {
        "1070": 0.00014372283506945352,
        "lsy_2": 0.00039453327273967636,
        "putien": 0.00033817137663400834,
        "zaiton": 0.0003261944737115538
    },
    "sum": 0.001202621958154692
}