{
    "workers": {
        "putien": 0.0003132242687857606,
        "zaiton": 0.0002770323889890865
    },
    "sum": 0.0005902566577748471
}