{
    "workers": {
        "lee": 0.0006185822430739893,
        "lsy": 0.0003660996948805243,
        "lsy_2": 0.000523327463528273,
        "lsy_3": 0.0005646427895962946,
        "niu": 0.0005910386923619749,
        "putien": 0.0005600521978109588,
        "zaiton": 0.0005577569019182909
    },
    "sum": 0.0037814999831703054
}