{
    "workers": {
        "1070": 0.00028252065528637694,
        "banzhang": 0.0006504545319384028,
        "lsy": 0.00039027271916304167,
        "lsy_2": 0.0006635950275331179,
        "lsy_3": 0.0007595206453745389,
        "master": 0.000731925604625637,
        "niu": 0.0007200991585903933,
        "prol": 0.000635999986784216,
        "prol2": 0.0007069586629956782,
        "putien": 0.0006478264328194597,
        "zaiton": 0.0006386280859031591
    },
    "sum": 0.0068278015110140216
}