{
    "workers": {
        "lsy": 0.00021815972531176697,
        "lsy_2": 0.0005225686443514417,
        "lsy_3": 0.0005793916425721811,
        "zaiton": 0.0004728485209082949
    },
    "sum": 0.0017929685331436846
}