{
    "workers": {
        "1070": 0.0004582475512602743,
        "banzhang": 0.001217733532631884,
        "lsy_2": 0.0009840455383636965,
        "lsy_3": 0.0010114308501919997,
        "master": 0.000912843727610108,
        "niu": 0.0009749171010875954,
        "prol": 0.000887284103237025,
        "prol2": 0.0009365776645279709,
        "prot": 0.0015299260874745409,
        "putien": 0.0008635501663191623,
        "yyl": 0.0008106052301177759,
        "zaiton": 0.0009146694150653283
    },
    "sum": 0.011501830967887362
}