{
    "workers": {
        "putien": 0.00035280461310626575
    },
    "sum": 0.00035280461310626575
}