{
    "workers": {
        "lee": 0.000502922631845511,
        "lsy": 0.00027640787504207645,
        "lsy_2": 0.0005218820167761949,
        "lsy_3": 0.000502922631845511,
        "master": 0.0005288670533296049,
        "niu": 0.00046600172434891593,
        "prol": 0.0005228798791409678,
        "prol2": 0.0005168927049523307,
        "putien": 0.0004370637157705036,
        "yyl": 0.0004370637157705036,
        "zaiton": 0.0004879546963739184
    },
    "sum": 0.005200858645196038
}