{
    "workers": {
        "prol": 2.794614160668624e-05,
        "putien": 0.000360433569952902,
        "zaiton": 0.0003117069640745773
    },
    "sum": 0.0007000866756341655
}