{
    "workers": {
        "1070": 0.0004301948851242874,
        "banzhang": 0.0011427051636113883,
        "lsy": 0.0004854629780048381,
        "lsy_2": 0.0008514273768084853,
        "master": 0.0007767407648077411,
        "niu": 0.0007289413331272647,
        "prol": 0.0007319287976072944,
        "prot": 0.00017327293984172685,
        "putien": 0.0008603897702485748
    },
    "sum": 0.0061810640091816
}