{
    "workers": {
        "lee": 0.0005898693949512715,
        "lsy": 0.0005032133240434816,
        "lsy_2": 0.0007418975895263414,
        "lsy_3": 0.0008224725326511285,
        "master": 0.0004180775350814424,
        "niu": 0.0007358164617433387,
        "prol": 0.0007692626645498541,
        "prol2": 0.0007449381534178429,
        "putien": 0.0006081127783002799,
        "yyl": 0.0007008499769910726,
        "zaiton": 0.000754059845092347
    },
    "sum": 0.0073885702563484005
}