{
    "workers": {
        "1070": 0.0001844124454220498,
        "lsy": 0.00023498969838590315,
        "lsy_2": 0.00037971845302092955,
        "lsy_3": 0.00038594334569340384,
        "master": 0.00034937210124261756,
        "prol": 0.00029568240194252713,
        "prol2": 0.00041784592063983435,
        "putien": 0.00038516523410934457,
        "zaiton": 0.0003579313286672697
    },
    "sum": 0.0029910609291238796
}