{
    "workers": {
        "1070": 0.00029086786532247756,
        "lee": 0.000616540432478414,
        "lsy": 0.0003977680209538155,
        "lsy_2": 0.0006314567332641821,
        "lsy_3": 0.0006973370617346579,
        "master": 0.0006488590841809115,
        "niu": 0.0005742775802520711,
        "prol": 0.0006923649614727351,
        "prol2": 0.0006501021092463923,
        "putien": 0.0005071542267161147,
        "yyl": 0.0005543891792043804,
        "zaiton": 0.0006314567332641821
    },
    "sum": 0.006892573988090333
}