{
    "workers": {
        "lee": 0.0004355076444070554,
        "lsy": 0.0002805417341272442,
        "lsy_2": 0.0004809286870752759,
        "lsy_3": 0.0005103187735076538,
        "niu": 0.0004444137312047457,
        "prol": 0.00043194520968797926,
        "prol2": 0.00047469442631689265,
        "putien": 0.00042392973157005803,
        "zaiton": 0.000453319818002436
    },
    "sum": 0.003935599755899341
}