{
    "workers": {
        "1070": 0.00019782591699885605,
        "lsy": 0.0002501689611853238,
        "lsy_2": 0.00036101305475666733,
        "lsy_3": 0.0004133560989431351,
        "master": 0.00035716430150766235,
        "prol": 0.00036717105995507526,
        "prol2": 0.0003856450755502992,
        "putien": 0.00036948031190447826,
        "zaiton": 0.00037409881580328426
    },
    "sum": 0.0030759235966047816
}