{
    "workers": {
        "lsy": 0.0002909486031529495,
        "lsy_3": 0.0005166018102187684,
        "niu": 0.0004100166783706581,
        "prol": 0.0003956132821749676,
        "prol2": 0.00045994845184905205,
        "putien": 0.0004301814330446249,
        "zaiton": 0.00045514731978382197
    },
    "sum": 0.0029584575785948425
}