{
    "workers": {
        "lsy": 0.00028107631430428616,
        "lsy_2": 0.0004900583791603951,
        "lsy_3": 0.0004937087209046066,
        "master": 0.00034495729482798756,
        "prol": 0.00040336276273537176,
        "prol2": 0.00043530325299722246,
        "putien": 0.00039514949381089584,
        "zaiton": 0.0003841984685782613
    },
    "sum": 0.0032278146873190266
}