{
    "workers": {
        "putien": 0.0002731152261161777,
        "zaiton": 0.00025985135200016026
    },
    "sum": 0.000532966578116338
}