{
    "workers": {
        "lsy_2": 0.000355902149835836,
        "lsy_3": 0.00011112863045894473,
        "putien": 0.0003733340918686117,
        "zaiton": 0.00036679711360632083
    },
    "sum": 0.0012071619857697133
}