{
    "workers": {
        "1070": 0.0001827541571000225,
        "lee": 0.00042199596275823375,
        "lsy_2": 0.0004236573641864158,
        "lsy_3": 0.000367169715628227,
        "prol": 4.1535035704550564e-05,
        "putien": 0.00016614014281820226,
        "zaiton": 0.0003696618177705
    },
    "sum": 0.001972914195966152
}