{
    "workers": {
        "putien": 4.1100703800151916e-05,
        "zaiton": 0.00035711944857465326
    },
    "sum": 0.0003982201523748052
}