{
    "workers": {
        "lee": 0.00069076917025715,
        "lsy": 0.000348624590617586,
        "master": 0.0005352489067846209,
        "niu": 0.0005857929924131929,
        "prol": 0.0006531851065846221,
        "prol2": 0.0006518891043890177,
        "putien": 0.0006350410758461603,
        "yyl": 0.0005663529594791267,
        "zaiton": 0.0005637609550879179
    },
    "sum": 0.005230664861459394
}