{
    "workers": {
        "putien": 0.0003418199634965065,
        "zaiton": 0.0003002840715178473
    },
    "sum": 0.0006421040350143538
}