{
    "workers": {
        "1070": 0.00018949727164729245,
        "lsy_2": 0.000652896713230191,
        "lsy_3": 0.0004327819784783142,
        "master": 0.00040712950939068946,
        "niu": 0.0004195419944330885,
        "prol": 0.0003632720622408794,
        "prol2": 0.0004451944635207133,
        "putien": 0.0003649270602465326,
        "zaiton": 0.00039057952933415735
    },
    "sum": 0.003665820582521859
}