{
    "workers": {
        "1070": 0.00030213925262549413,
        "banzhang": 0.00045134382182326904,
        "lsy": 0.0004127993081138439,
        "lsy_2": 0.0006216857049907286,
        "lsy_3": 0.0006229290764007101,
        "master": 0.0006602302187001538,
        "niu": 0.0006440663903703949,
        "prol": 0.0006726639327999684,
        "prol2": 0.000625415819220673,
        "putien": 0.00020391291123695899,
        "yyl": 0.0005483267918018227,
        "zaiton": 0.0006030351338410069
    },
    "sum": 0.006368548361925025
}