{
    "workers": {
        "1070": 0.00023223100491041727,
        "lsy": 0.00031100539864654996,
        "lsy_2": 7.877439373613273e-05,
        "lsy_3": 0.00027929103233719784,
        "master": 0.00013094964153538948,
        "prol": 1.0230440744952303e-06,
        "prol2": 0.0005084529050241295,
        "putien": 0.0004583237453738631,
        "zaiton": 0.0005851812106112716
    },
    "sum": 0.0025852323762494468
}