{
    "workers": {
        "lsy": 0.00027948828562760126,
        "lsy_2": 0.00042272603201174683,
        "lsy_3": 0.00047338328378174953,
        "putien": 0.0004043846132674355,
        "zaiton": 0.00039215700077122794
    },
    "sum": 0.001972139215459761
}