{
    "workers": {
        "putien": 0.0003553229605021517,
        "zaiton": 0.0003093822140937927
    },
    "sum": 0.0006647051745959444
}