{
    "workers": {
        "putien": 0.00028564321911456344,
        "zaiton": 0.0002506288890295525
    },
    "sum": 0.0005362721081441159
}