{
    "workers": {
        "putien": 0.00028739233615740565,
        "zaiton": 0.00026039305614261805
    },
    "sum": 0.0005477853923000237
}