{
    "workers": {
        "1070": 0.00018888190459711115,
        "lsy_2": 0.0003700856829910877,
        "lsy_3": 0.00010519032898294401,
        "putien": 0.00011824314352827283,
        "zaiton": 0.0003470513043816839
    },
    "sum": 0.0011294523644810996
}