{
    "workers": {
        "1070": 0.00017299552293904285,
        "lsy": 0.00024961911072482896,
        "lsy_2": 0.0004044461540857988,
        "lsy_3": 0.0004455227166101378,
        "master": 0.0003341420374576033,
        "prol": 7.820345557518376e-05,
        "prol2": 0.00039496694734941296,
        "putien": 0.00041392536082218473,
        "zaiton": 0.00040918575745399173
    },
    "sum": 0.002903007063018185
}