{
    "workers": {
        "lee": 0.001018659260682761,
        "prol": 0.0009324235560746965,
        "prol2": 0.0009988969117100796,
        "putien": 0.0008659502004393136,
        "zaiton": 0.0008641536232599789
    },
    "sum": 0.004680083552166829
}