{
    "workers": {
        "putien": 0.00033778786647324714,
        "zaiton": 0.000314992366281801
    },
    "sum": 0.0006527802327550481
}