{
    "workers": {
        "putien": 0.0003876203228929151,
        "zaiton": 0.0003408522266747515
    },
    "sum": 0.0007284725495676665
}