{
    "workers": {
        "1070": 0.00019163764915300135,
        "lsy_2": 0.0004148391464017911,
        "putien": 0.00012550387219039695,
        "zaiton": 0.00033592952616232004
    },
    "sum": 0.0010679101939075094
}