{
    "workers": {
        "lee": 0.0007686861511308018,
        "lsy": 0.0005352215556427278,
        "lsy_3": 0.0007146875372083902,
        "master": 0.0006908646193014438,
        "niu": 0.0008338021267431218,
        "prol": 0.0007861562909292292,
        "putien": 0.0007194521207897794,
        "yyl": 0.0006797472576115355,
        "zaiton": 0.0008115674033633052
    },
    "sum": 0.006540185062720335
}