{
    "workers": {
        "lee": 0.0005311775851245852,
        "lsy": 0.00030066655761768976,
        "lsy_2": 0.0005301753632658596,
        "lsy_3": 0.0005792842343434156,
        "niu": 0.000556233131592726,
        "prol": 0.00020445325918002903,
        "prol2": 0.000567257572038708,
        "putien": 0.0004850753796232061,
        "zaiton": 0.0004580153894376141
    },
    "sum": 0.004212338472223833
}