{
    "workers": {
        "1070": 0.00018674261741799625,
        "putien": 0.0003879117031343785,
        "zaiton": 0.00037909552806314256
    },
    "sum": 0.0009537498486155173
}