{
    "workers": {
        "lsy": 0.0002992083650523685,
        "lsy_2": 0.0004294520063104583,
        "lsy_3": 0.00048401353170236084,
        "master": 0.00040745139123307835,
        "prol": 0.0004479325229754576,
        "prol2": 0.0004549727198002192,
        "putien": 0.0002666474547378461,
        "zaiton": 0.0003977711205990311
    },
    "sum": 0.00318744911241082
}