{
    "workers": {
        "1070": 0.0002054842668521053,
        "lsy_2": 0.0004566317041157896,
        "putien": 0.00023846322326046788,
        "zaiton": 0.00020971233818651075
    },
    "sum": 0.0011102915324148735
}