{
    "workers": {
        "lsy": 0.00033869136283542714,
        "lsy_2": 0.0005573115401840473,
        "lsy_3": 0.0005697717575458857,
        "master": 0.0005165326469998488,
        "niu": 0.0004304438724998739,
        "prol": 0.00063773657951955,
        "putien": 0.0005210636351314263,
        "zaiton": 0.000559577034249836
    },
    "sum": 0.004131128428965895
}