{
    "workers": {
        "1070": 0.00012940653140906791,
        "lsy": 9.448730864789085e-05,
        "lsy_2": 0.00015456891251638665,
        "lsy_3": 0.00016432575417024497,
        "putien": 0.00015765002040707873,
        "zaiton": 0.00022389384005695875
    },
    "sum": 0.000924332367207628
}