{
    "workers": {
        "lee": 0.0005942426025717763,
        "lsy": 0.00035290734152732017,
        "lsy_2": 0.0006197101426819952,
        "lsy_3": 0.0006973255030179007,
        "master": 0.00040141694173726107,
        "niu": 0.00046811764202592986,
        "prol": 0.0006973255030179007,
        "prol2": 0.0006451776827922143,
        "putien": 0.0005481584823723324,
        "zaiton": 0.0006160719226662497
    },
    "sum": 0.00564045376441088
}