{
    "workers": {
        "lsy_2": 0.0005249696213018163,
        "lsy_3": 0.00019761213881703353,
        "master": 0.0004411341684703476,
        "niu": 0.00027945150943822924,
        "prol": 0.0004600969494679417,
        "prol2": 0.00047207344272958015,
        "putien": 0.00037925561995188253,
        "zaiton": 0.00037326737332106334
    },
    "sum": 0.0031278608234978945
}