{
    "workers": {
        "putien": 0.00033086264123173564,
        "zaiton": 0.000300539181241047
    },
    "sum": 0.0006314018224727827
}