{
    "workers": {
        "putien": 0.00032929343212462713,
        "zaiton": 0.00031791540703089
    },
    "sum": 0.0006472088391555171
}