{
    "workers": {
        "lsy": 0.00027235645037175445,
        "lsy_2": 0.00047774000311111037,
        "lsy_3": 0.0004822048629532703,
        "putien": 0.0003670114790255446,
        "zaiton": 0.0003714763388677045
    },
    "sum": 0.001970789134329384
}