{
    "workers": {
        "lsy": 0.00029022566511009034,
        "lsy_2": 0.000454062734123851,
        "lsy_3": 0.00048308530063486007,
        "putien": 0.00040725214297706225,
        "zaiton": 0.0004156780493834842
    },
    "sum": 0.002050303892229348
}