{
    "workers": {
        "putien": 0.00030302923566665884,
        "zaiton": 0.00030302923566665884
    },
    "sum": 0.0006060584713333177
}