{
    "workers": {
        "1070": 0.00017334466871358995,
        "lee": 0.00039362108179505145,
        "lsy_2": 0.0003921071545573781,
        "lsy_3": 0.00020589410432356536,
        "prol": 0.00020740803156123864,
        "putien": 0.00034290451933299674,
        "zaiton": 0.0003625855734227493
    },
    "sum": 0.0020778651337065696
}