{
    "workers": {
        "putien": 0.00040129115692414915
    },
    "sum": 0.00040129115692414915
}