{
    "workers": {
        "lsy_2": 0.00035418192598117435,
        "putien": 0.0003449652959370546,
        "zaiton": 0.0003048071221733898
    },
    "sum": 0.001003954344091619
}