{
    "workers": {
        "putien": 0.00039824671664047927,
        "zaiton": 0.0003430369130396735
    },
    "sum": 0.0007412836296801528
}