{
    "workers": {
        "putien": 0.00035450338903662143,
        "zaiton": 0.00031308616140660034
    },
    "sum": 0.0006675895504432217
}