{
    "workers": {
        "1070": 0.00021449333885091587,
        "lsy": 0.0002590108242728041,
        "lsy_2": 0.0004281772688759793,
        "master": 0.0003731374687180084,
        "niu": 0.0004055138217521089,
        "prol": 0.00025496378014354154,
        "prol2": 0.0004314149041793893,
        "putien": 0.0004038950041004039,
        "zaiton": 0.00035371165689754806
    },
    "sum": 0.0031243180677906998
}