{
    "workers": {
        "1070": 0.00038913415283753627,
        "banzhang": 0.0010713005017389664,
        "lsy": 0.000512018622154653,
        "lsy_2": 0.000838135098419309,
        "lsy_3": 0.0009090299845637993,
        "master": 0.0008334087726763429,
        "niu": 0.0007766928637607505,
        "prol": 0.0007436085835599883,
        "prol2": 0.0007514857931315985,
        "prot": 0.00133282385951642,
        "putien": 0.0008160789116188009,
        "yyl": 0.0006994962099589721,
        "zaiton": 0.0008239561211904108
    },
    "sum": 0.010497169475127547
}