{
    "workers": {
        "putien": 0.00032762181706800885,
        "zaiton": 0.00030431817317614214
    },
    "sum": 0.000631939990244151
}