{
    "workers": {
        "niu": 0.0013466054765251434
    },
    "sum": 0.0013466054765251434
}