{
    "workers": {
        "lsy_2": 0.00037427524784543057,
        "putien": 0.00035806647726944736,
        "zaiton": 0.0003308062722098392
    },
    "sum": 0.0010631479973247171
}