{
    "workers": {
        "putien": 0.00032636229243899323,
        "zaiton": 0.0002762015509940896
    },
    "sum": 0.0006025638434330829
}