{
    "workers": {
        "lsy": 3.445183263937511e-05,
        "lsy_2": 0.000821922292967949,
        "lsy_3": 0.0008760608871155385,
        "master": 0.00048232565695125156,
        "niu": 0.0007809082064925024,
        "prol": 0.0008924665217057171,
        "prol2": 0.000787470460328574,
        "putien": 0.0007710648257383954,
        "yyl": 0.0005610727029841089
    },
    "sum": 0.006007743386923411
}