{
    "workers": {
        "syl": 0.000252889417870372,
        "1070": 0.0003477620439858658,
        "banzhang": 0.0009189957263453204,
        "lsy": 0.0004080240588281819,
        "niu": 0.0006327511558443189,
        "prol": 0.0006540939527676392,
        "prot": 0.0010533298010979833,
        "putien": 0.00066790399783567
    },
    "sum": 0.004935750154575352
}