{
    "workers": {
        "lsy": 0.0003402225658360406,
        "lsy_3": 0.0006698131764897049,
        "master": 0.0005339604158260082,
        "niu": 0.0006107467588098368,
        "prol": 0.0006532745795393419,
        "prol2": 0.0006012961319810578,
        "putien": 0.0005339604158260082,
        "zaiton": 0.000517421818875645
    },
    "sum": 0.004460695863183643
}