{
    "workers": {
        "putien": 0.0003451121287525459,
        "zaiton": 0.0002994552712522091
    },
    "sum": 0.000644567400004755
}