{
    "workers": {
        "putien": 0.00028110617219002975,
        "zaiton": 0.0002590813586988522
    },
    "sum": 0.0005401875308888819
}