{
    "workers": {
        "lee": 0.0004250664470003655,
        "lsy_2": 0.0007723038262401008,
        "lsy_3": 0.0008246887756943711,
        "master": 0.0007693104005569995,
        "niu": 0.0007812841032894043,
        "prol": 0.0004325500112081184,
        "prol2": 0.00045051056530672536,
        "putien": 0.0004445237139405231,
        "yyl": 0.000624129254926593,
        "zaiton": 0.0005013988019194452
    },
    "sum": 0.006025765900082645
}