{
    "workers": {
        "putien": 0.000384433348964386,
        "zaiton": 0.0002919484858383039
    },
    "sum": 0.0006763818348026899
}