{
    "workers": {
        "putien": 0.00034167157201585633,
        "zaiton": 0.00029878686853238457
    },
    "sum": 0.0006404584405482409
}