{
    "workers": {
        "lee": 0.0007484707134291987,
        "lsy": 0.00042543133036919775,
        "lsy_2": 0.0007773135154881273,
        "lsy_3": 0.0007571235540468772,
        "master": 0.0006085831234433947,
        "niu": 0.0007542392738409844,
        "prol": 0.0007556814139439309,
        "putien": 0.0007340493123997343,
        "yyl": 0.0006114674036492875,
        "zaiton": 0.0007657763946645558
    },
    "sum": 0.006938136035275288
}