{
    "workers": {
        "putien": 0.00033039033125304703,
        "zaiton": 0.0003226316541981809
    },
    "sum": 0.0006530219854512279
}