{
    "workers": {
        "1070": 0.00018059187351143123,
        "lsy_2": 0.00037490872940973115,
        "lsy_3": 0.00039441265174896574,
        "master": 0.0003922455492668286,
        "prol": 0.00032506537232057615,
        "prol2": 0.0004110271041120174,
        "putien": 0.00037418636191568545,
        "zaiton": 0.00033301141475507916
    },
    "sum": 0.0027854490570403145
}