{
    "workers": {
        "lee": 0.00047845941932817644,
        "lsy": 0.00026458160567858694,
        "lsy_2": 0.0004369744985771785,
        "lsy_3": 0.000507959807417775,
        "master": 0.0005171786786957745,
        "niu": 0.0004517246926219777,
        "prol": 0.0004683186609223769,
        "prol2": 0.0004729280965613767,
        "putien": 0.0004397401599605783,
        "yyl": 0.00042591185304357903,
        "zaiton": 0.0003770518352701814
    },
    "sum": 0.004840829308077561
}