{
    "workers": {
        "putien": 0.0003474973709040861,
        "zaiton": 0.0003242368978009728
    },
    "sum": 0.0006717342687050589
}