{
    "workers": {
        "lsy_3": 9.330073655040672e-05,
        "putien": 0.0003592078357190659,
        "zaiton": 0.0003085588644488451
    },
    "sum": 0.0007610674367183177
}