{
    "workers": {
        "lee": 0.0006116540312678726,
        "lsy": 0.00034439489860020535,
        "lsy_2": 0.0005410367807662532,
        "lsy_3": 0.0006051355158369539,
        "master": 0.0005605923270590094,
        "prol": 0.0005584194885820365,
        "prol2": 0.0005312590076198752,
        "putien": 0.0005073577843731732,
        "yyl": 0.000466073853310688,
        "zaiton": 0.0005182219767580378
    },
    "sum": 0.005244145664174105
}