{
    "workers": {
        "lee": 0.0007880417697852126,
        "lsy_2": 0.0008038659017086105,
        "lsy_3": 0.0008070307280932901,
        "master": 0.0008750744953639008,
        "niu": 0.0008101955544779697,
        "prol": 0.0007548110927460772,
        "prol2": 0.0007294924816686406,
        "putien": 0.0006883497386678063,
        "yyl": 0.0007057562837835438,
        "zaiton": 0.0007848769434005331
    },
    "sum": 0.007747494989695586
}