{
    "workers": {
        "lee": 0.0008818971790650686,
        "lsy": 0.0005335141331366922,
        "lsy_2": 0.0008751651395302207,
        "lsy_3": 0.0009509005842972592,
        "master": 0.0007287432796472801,
        "prol": 0.0008818971790650686,
        "putien": 0.0007893316354609107,
        "yyl": 0.0007236942499961441,
        "zaiton": 0.000819625813367726
    },
    "sum": 0.007184769193566369
}