{
    "workers": {
        "lee": 0.0006930727632065829,
        "lsy": 0.0003946066457180337,
        "lsy_2": 0.0008107372902934148,
        "lsy_3": 0.000787778358178911,
        "master": 0.000622761033605915,
        "prol": 0.0007791687586359721,
        "putien": 0.0006528946320062013,
        "yyl": 0.0006342404996631669
    },
    "sum": 0.005375259981308197
}