{
    "workers": {
        "1070": 0.00017725058478722963,
        "lsy_2": 0.00039040969321669974,
        "putien": 0.0003804775483794843,
        "zaiton": 0.00036290529212902617
    },
    "sum": 0.00131104311851244
}