{
    "workers": {
        "putien": 0.0003072248759730691,
        "zaiton": 0.0002570054250928558
    },
    "sum": 0.0005642303010659249
}