{
    "workers": {
        "lsy_2": 0.0010790652073122899,
        "lsy_3": 0.0011072335761778717,
        "niu": 0.001068231219287066,
        "prol": 0.001219907051640199,
        "prol2": 0.0010422296480265287,
        "putien": 0.0009880597079004098
    },
    "sum": 0.006504726410344365
}