{
    "workers": {
        "lsy": 0.0002864626293683108,
        "lsy_2": 0.0005022906377964902,
        "lsy_3": 0.0005287786206490394,
        "putien": 0.00038064212395515267,
        "zaiton": 0.0004061490704057557
    },
    "sum": 0.0021043230821747487
}