{
    "workers": {
        "lee": 0.0004912596269563958,
        "lsy": 0.00026421530038759126,
        "lsy_2": 0.0005193890125489912,
        "lsy_3": 0.000522402875291055,
        "master": 0.0005334537053452888,
        "prol": 0.000507333561580736,
        "prol2": 0.0005093428034087786,
        "putien": 0.0004711672086759707,
        "yyl": 0.0004691579668479282,
        "zaiton": 0.0005203936334630125
    },
    "sum": 0.004808115694505748
}