{
    "workers": {
        "1070": 8.037598893782863e-05,
        "lsy_2": 0.00038945820094420596,
        "putien": 0.0003405019167729831,
        "zaiton": 0.00032077326494278885
    },
    "sum": 0.0011311093715978067
}