{
    "workers": {
        "1070": 0.00020989369041793008,
        "lsy": 0.00022132758795042433,
        "lsy_2": 0.0004393883480344217,
        "lsy_3": 0.0004491888316337025,
        "master": 0.0003658847210398158,
        "niu": 0.0004173372599360399,
        "prol": 0.00042223750173568035,
        "prol2": 0.0004410217619676352,
        "putien": 0.00041652055296943324,
        "zaiton": 0.00040590336240354575
    },
    "sum": 0.003788703618088629
}