{
    "workers": {
        "putien": 0.00024525276801052833,
        "zaiton": 0.00011752813171620504
    },
    "sum": 0.0003627808997267334
}