{
    "workers": {
        "lee": 0.0007055106342518844,
        "lsy": 0.00039549158757857183,
        "master": 0.0005070404968956049,
        "niu": 0.0006345249646864998,
        "prol": 0.0008011239850950558,
        "prol2": 0.0007837397394872064,
        "putien": 0.0006968185114479599,
        "zaiton": 0.0007156514441897966
    },
    "sum": 0.005239901363632579
}