{
    "workers": {
        "1070": 0.00016926650298918047,
        "lsy": 0.0002351827854032363,
        "lsy_2": 0.000448393476668454,
        "lsy_3": 0.0004654828832202463,
        "master": 0.0003564361937945242,
        "niu": 0.00037678072540380073,
        "prol": 0.00044513835161096976,
        "prol2": 0.00037678072540380073,
        "putien": 0.0004011941633349325,
        "zaiton": 0.00039305635069122196
    },
    "sum": 0.0036677121585203666
}