{
    "workers": {
        "putien": 0.00033352787237657123,
        "zaiton": 0.0003216907662588224
    },
    "sum": 0.0006552186386353936
}