{
    "workers": {
        "lee": 0.0006451115871326794,
        "lsy": 0.00029268951638427123,
        "lsy_2": 0.0006092720545141973,
        "lsy_3": 0.0006307757740852865,
        "master": 0.0005220625251425573,
        "prol": 0.000665420655616486,
        "putien": 0.0005710432197211496,
        "zaiton": 0.0005590967088483222
    },
    "sum": 0.004495472041444949
}