{
    "workers": {
        "lsy": 0.00020983992465588498,
        "lsy_3": 0.00047860041928903815,
        "master": 0.0004837688903396757,
        "niu": 0.0005209818819042661,
        "prol": 0.000550959013997964,
        "prol2": 0.0005313188240055412,
        "putien": 0.0004589602292966154,
        "zaiton": 0.00036902883301552183
    },
    "sum": 0.0036034580165045078
}