{
    "workers": {
        "lee": 0.0005361921762535073,
        "lsy": 0.00039117656494858154,
        "lsy_2": 0.0005898113938788581,
        "lsy_3": 0.0006531795601633635,
        "master": 0.0006556167973281522,
        "niu": 0.0005788438266373092,
        "prol": 0.00018035555019436158,
        "putien": 0.0005812810638020978,
        "zaiton": 0.0005581273107366055
    },
    "sum": 0.004724584243942837
}