{
    "workers": {
        "lee": 0.0008321605717961014,
        "lsy": 0.00042476507364924346,
        "lsy_2": 0.0006474114505434566,
        "lsy_3": 0.0007611032174681612,
        "master": 0.000674255339956234,
        "prol": 0.0009205875016264273,
        "putien": 0.0006268837704042737,
        "yyl": 0.0005637216776683268,
        "zaiton": 0.0007768937406521479
    },
    "sum": 0.006227782343764371
}