{
    "workers": {
        "1070": 0.0003200996033115559,
        "banzhang": 0.0006874270169477676,
        "lsy": 0.0004040601549998329,
        "lsy_2": 0.000688738900567897,
        "lsy_3": 0.0007228478746912595,
        "master": 0.0007123528057302249,
        "niu": 0.0007084171548698368,
        "prol": 0.0007215359910711301,
        "prol2": 0.0006244566031815598,
        "putien": 0.0006638131117854398,
        "zaiton": 0.0006756200643666037
    },
    "sum": 0.006929369281523108
}