{
    "workers": {
        "putien": 0.0003112376081550673,
        "zaiton": 0.00030253634169051703
    },
    "sum": 0.0006137739498455843
}