{
    "workers": {
        "putien": 0.0003095131187406178,
        "zaiton": 0.0003133739892446588
    },
    "sum": 0.0006228871079852766
}