{
    "workers": {
        "lee": 0.00047250837042930166,
        "lsy": 0.00029925530127189107,
        "lsy_2": 0.00047250837042930166,
        "lsy_3": 0.0005000713587043443,
        "master": 0.0004744771553060904,
        "niu": 0.00047250837042930166,
        "prol": 0.0005177904225954431,
        "prol2": 0.0005246811696642037,
        "putien": 0.00045675809141499155,
        "zaiton": 0.00045380491409980847
    },
    "sum": 0.004644363524344677
}