{
    "workers": {
        "1070": 0.00015969042988992247,
        "lsy_2": 0.00038553832359138426,
        "putien": 0.0002471399510201181,
        "zaiton": 0.00035968368256158724
    },
    "sum": 0.001152052387063012
}