{
    "workers": {
        "lee": 0.0003461388774165426,
        "lsy_2": 0.0008317175869677114,
        "lsy_3": 0.0008579650847812879,
        "master": 0.0009383480468353666,
        "niu": 0.0008497627417145453,
        "prol": 0.00038879106136360467,
        "prol2": 0.00039207199859030183,
        "putien": 0.0007578964993670269,
        "zaiton": 0.0008809316453681677
    },
    "sum": 0.006243623542404555
}