{
    "workers": {
        "lee": 0.0006581115988504348,
        "lsy": 7.018091496795381e-05,
        "lsy_2": 0.000719023336369791,
        "lsy_3": 0.0007335891866461587,
        "master": 0.0005958756931241362,
        "niu": 0.0006475182531948946,
        "prol": 0.0007031333178864807,
        "putien": 0.0005826340110547109,
        "zaiton": 0.0006647324398851474
    },
    "sum": 0.005374798751979709
}