{
    "workers": {
        "1070": 0.00032695465662185884,
        "lee": 0.0006971640148979713,
        "lsy": 0.00042873042522010283,
        "lsy_2": 0.0006322819624165907,
        "lsy_3": 0.0007124303801877079,
        "master": 0.0007022528033278835,
        "niu": 0.0006666312843184981,
        "prol": 0.0006271931739866785,
        "prol2": 0.0006450039334913713,
        "putien": 0.0005941160491922493,
        "yyl": 0.0005839384723324249,
        "zaiton": 0.0006742644669633665
    },
    "sum": 0.007290961622956703
}