{
    "workers": {
        "lee": 0.0008879720616676,
        "lsy": 0.0005625458364892347,
        "lsy_2": 0.0008961485999886645,
        "lsy_3": 0.0008847014463391743,
        "master": 0.0007735005251726976,
        "prol": 0.0008274656780917231,
        "prol2": 0.0007898536018148265,
        "putien": 0.0007179000645894593,
        "yyl": 0.0007685946021800589,
        "zaiton": 0.0008356422164127875
    },
    "sum": 0.007944324632746226
}