{
    "workers": {
        "1070": 0.000300369001783697,
        "banzhang": 0.0006895971665950709,
        "lee": 8.885916302767701e-05,
        "lsy": 0.0004029950773931267,
        "lsy_2": 0.0006608118039241333,
        "lsy_3": 0.0006858425540727746,
        "master": 0.000673327178998454,
        "niu": 0.0006245172162086033,
        "prol": 0.0006820879415504785,
        "prol2": 0.0006357810537754918,
        "yyl": 0.0005193880655843093,
        "zaiton": 0.0005857195534782091
    },
    "sum": 0.006549295776392026
}