{
    "workers": {
        "putien": 0.00032343777167727843,
        "zaiton": 0.0002728017213168435
    },
    "sum": 0.0005962394929941219
}