{
    "workers": {
        "lsy": 0.0002447987912312836,
        "lsy_2": 0.00041549182593336904,
        "lsy_3": 0.00045129573077331875,
        "master": 0.000403002091686875,
        "prol": 0.0004038347406366413,
        "prol2": 0.0004246509643807981,
        "putien": 0.00038551646374178334,
        "zaiton": 0.0003780226231938869
    },
    "sum": 0.003106613231577956
}