{
    "workers": {
        "putien": 0.0002624017162869805,
        "zaiton": 0.00032342537123744114
    },
    "sum": 0.0005858270875244217
}