{
    "workers": {
        "banzhang": 0.0007280431372520721,
        "lsy": 0.0004115026427946495,
        "lsy_2": 0.0006792431443565528,
        "lsy_3": 0.0007399134057942254,
        "master": 0.000639675582549375,
        "niu": 0.0006581404447260579,
        "prol": 0.0007372755683404136,
        "prol2": 0.0006462701761839046,
        "putien": 0.0006172539641919742,
        "yyl": 0.0006014269394691031
    },
    "sum": 0.006458745005658328
}