{
    "workers": {
        "lee": 0.0007109198715093779,
        "lsy": 0.000530419057807665,
        "lsy_3": 0.0008993373875664291,
        "master": 0.0007552534046992724,
        "niu": 0.0007188365738647162,
        "prol": 0.000877170620971482,
        "putien": 0.0007346699785753928,
        "yyl": 0.00031191807280032843,
        "zaiton": 0.0007995869378891667
    },
    "sum": 0.006338111905683831
}