{
    "workers": {
        "lsy": 0.0002390363260738429,
        "lsy_2": 0.0004828919329153036,
        "lsy_3": 0.0005561450005830942,
        "prol2": 0.0005002413436787276,
        "putien": 0.00033349422911915175,
        "zaiton": 0.0004424099744673141
    },
    "sum": 0.002554218806837434
}