{
    "workers": {
        "1070": 0.00017020082668465375,
        "lsy_2": 0.000335747724514649,
        "putien": 0.00021607526825200184,
        "zaiton": 0.000317132009096015
    },
    "sum": 0.0010391558285473197
}