{
    "workers": {
        "lee": 0.0008271455329100767,
        "lsy": 0.0004920221125781855,
        "lsy_2": 0.000824098956361605,
        "lsy_3": 0.0007951564791511234,
        "master": 0.0007844934612314723,
        "niu": 0.0006946194530515562,
        "prol": 0.0007951564791511234,
        "prol2": 0.000766214001940642,
        "putien": 0.0006732934172122539,
        "yyl": 0.000696142741325792
    },
    "sum": 0.007348342634913829
}