{
    "workers": {
        "putien": 0.00034554985104829185,
        "zaiton": 0.0002992117484172949
    },
    "sum": 0.0006447615994655868
}