{
    "workers": {
        "putien": 0.000344599864378417,
        "zaiton": 0.00032839169079824606
    },
    "sum": 0.0006729915551766631
}