{
    "workers": {
        "lee": 0.0005550056043267231,
        "lsy": 0.0002829055115860111,
        "lsy_2": 0.0004950846452755195,
        "lsy_3": 0.0005402709422649516,
        "niu": 0.0004990138884919918,
        "prol": 0.000511783928945527,
        "prol2": 0.00047543842919315753,
        "putien": 0.00046561532115197655,
        "zaiton": 0.0004449867942654966
    },
    "sum": 0.004270105065501354
}