{
    "workers": {
        "lsy_2": 0.00020558649771537296,
        "putien": 0.0003919951504946104,
        "zaiton": 0.00036514616758402067
    },
    "sum": 0.000962727815794004
}