{
    "workers": {
        "lsy_2": 0.00032769333029799994,
        "putien": 0.00034574990155931826,
        "zaiton": 0.00032368075890659584
    },
    "sum": 0.000997123990763914
}