{
    "workers": {
        "1070": 0.00017286519235933546,
        "lsy": 0.00022162204148632752,
        "lsy_2": 0.00039522597398395075,
        "lsy_3": 0.0004063070760582671,
        "master": 0.00036863132900559145,
        "prol": 0.00039965841481367733,
        "prol2": 5.245054981843084e-05,
        "putien": 0.0003132258186340096,
        "zaiton": 0.0003738025099736057
    },
    "sum": 0.0027037889061331953
}