{
    "workers": {
        "lee": 0.0006222881698003982,
        "lsy": 0.00029421504463358406,
        "lsy_2": 0.0005931001693407171,
        "lsy_3": 0.0005720848090097468,
        "master": 0.0004354849668584399,
        "niu": 0.0005440643285684532,
        "prol": 0.000607110409561364,
        "putien": 0.000553404488715551,
        "zaiton": 0.0005370592084581297
    },
    "sum": 0.004758811594946384
}