{
    "workers": {
        "putien": 0.0003347850576126635,
        "zaiton": 0.0003027992240827912
    },
    "sum": 0.0006375842816954547
}