{
    "workers": {
        "lee": 0.0005959202319878305,
        "lsy": 0.0003025441177784371,
        "lsy_2": 0.0005718542226190914,
        "lsy_3": 0.0006440522507253092,
        "niu": 0.0005787302252958739,
        "prol": 0.0005535182154810043,
        "putien": 0.0005042401962973952,
        "zaiton": 0.000527160205220004
    },
    "sum": 0.004278019665404946
}