{
    "workers": {
        "banzhang": 0.0009390333539427137,
        "lsy": 0.0004310317034491145,
        "lsy_2": 0.0007123218735571406,
        "lsy_3": 0.0007683000168622204,
        "master": 0.0007431098523749345,
        "niu": 0.0007053246056440057,
        "prol": 0.0006619415445825687,
        "prol2": 0.0007836940062711172,
        "putien": 0.0006591426374173147,
        "yyl": 0.0006143601227732509,
        "zaiton": 3.4986339565674875e-05
    },
    "sum": 0.007053246056440056
}