{
    "workers": {
        "1070": 0.00046904904196195526,
        "banzhang": 0.0011430898874480243,
        "lsy": 0.0005559099756586136,
        "lsy_2": 0.0009363608652499773,
        "lsy_3": 0.0010093240495551703,
        "master": 0.000851237150227252,
        "niu": 0.0009328864279021111,
        "prol": 0.0009693680200547074,
        "prol2": 0.0008946676170755813,
        "prot": 0.0014471031553863285,
        "putien": 0.000726157405704064,
        "yyl": 0.0007070480002907991,
        "zaiton": 0.0008842443050319823
    },
    "sum": 0.011526445901546566
}