{
    "workers": {
        "1070": 0.00017764639785058294,
        "lsy": 0.00024635868381165743,
        "lsy_2": 0.00044076417579908786,
        "lsy_3": 0.00047931009231383696,
        "master": 0.00036786211630380144,
        "niu": 0.00036786211630380144,
        "prol": 0.00024300686498428798,
        "prol2": 0.0004508196322811963,
        "putien": 0.00041981530812802855,
        "zaiton": 0.0003980284857501269
    },
    "sum": 0.003591473873526408
}