{
    "workers": {
        "1070": 0.00022103295528761412,
        "lsy_2": 0.00045284800595511184,
        "lsy_3": 7.188063586589076e-06,
        "putien": 0.00021654041554599595,
        "zaiton": 0.00042140022776378466
    },
    "sum": 0.0013190096681390956
}