{
    "workers": {
        "lsy": 0.0007235332367391401,
        "lsy_2": 0.001194369790796252,
        "lsy_3": 0.001196529591502936,
        "master": 0.0010906993568754202,
        "niu": 0.001073420951221948,
        "prol": 0.001129575769595732,
        "prol2": 0.001105817961822208,
        "putien": 0.001062621947688528,
        "yyl": 0.000958951513767696,
        "zaiton": 0.001185730587969516
    },
    "sum": 0.010721250707979376
}