{
    "workers": {
        "1070": 0.0001913604757350116,
        "lsy": 0.0002540183306216968,
        "lsy_2": 0.00042759752321318967,
        "lsy_3": 0.0004487657174316644,
        "master": 0.00038102749593254523,
        "niu": 0.0004326778898256236,
        "prol": 0.00043945171197553554,
        "prol2": 0.0004165900622195828,
        "putien": 0.0003666331238639824,
        "zaiton": 0.0003522387517954196
    },
    "sum": 0.0037103610826142515
}