{
    "workers": {
        "1070": 0.00016568481410872814,
        "lee": 0.0003960791478908222,
        "lsy_2": 0.0003633688412427471,
        "lsy_3": 8.177576662018771e-05,
        "prol": 9.670873269865676e-05,
        "prol2": 4.053233649870173e-05,
        "putien": 0.0003199921302529084,
        "zaiton": 0.00033065853459467203
    },
    "sum": 0.001794800303907424
}