{
    "workers": {
        "putien": 0.0002995252767131922,
        "zaiton": 0.0002870968419948025
    },
    "sum": 0.0005866221187079948
}