{
    "workers": {
        "putien": 0.00034795447793114977,
        "zaiton": 0.0003214569425375953
    },
    "sum": 0.0006694114204687451
}