{
    "workers": {
        "putien": 8.947265496856884e-05,
        "zaiton": 0.00041660704969739864
    },
    "sum": 0.0005060797046659675
}