{
    "workers": {
        "lee": 0.0007742754111495376,
        "lsy": 0.0004386579325523996,
        "lsy_2": 0.0007713313981793873,
        "lsy_3": 0.0007698593916943122,
        "master": 0.00079488350194059,
        "prol": 0.0007963555084256651,
        "prol2": 0.0007198111712017565,
        "putien": 0.0005416983865076613,
        "yyl": 0.0006668189377390505,
        "zaiton": 0.0006668189377390505
    },
    "sum": 0.006940510577129411
}