{
    "workers": {
        "1070": 0.00020960071988387224,
        "lsy_2": 0.0005130227143824302,
        "prol": 0.00019662543722439443,
        "putien": 0.00039225277578267524,
        "zaiton": 0.0004800854584006788
    },
    "sum": 0.001791587105674051
}