{
    "workers": {
        "1070": 0.00023846360224490698,
        "lee": 0.0003091194843915461,
        "lsy_2": 0.000517161804045539,
        "lsy_3": 0.0003768313714487418,
        "putien": 0.00039351401028892057,
        "zaiton": 0.0004553379071672298
    },
    "sum": 0.002290428179586884
}