{
    "workers": {
        "putien": 0.00034013809807324373,
        "zaiton": 0.00032017047693129214
    },
    "sum": 0.0006603085750045358
}