{
    "workers": {
        "banzhang": 0.0009272406702139445,
        "lsy": 0.00038073063883027115,
        "lsy_2": 0.0008064184010648548,
        "lsy_3": 0.0007783201989371595,
        "master": 0.0007586514574477727,
        "niu": 0.0007249336148945385,
        "prol": 0.0007165041542562298,
        "prol2": 0.0007783201989371595,
        "putien": 0.0004439515936175856,
        "yyl": 0.0005268412898942866,
        "zaiton": 0.000715099244149845
    },
    "sum": 0.007557011462243647
}