{
    "workers": {
        "1070": 0.00020106508556112893,
        "lsy": 0.00029966431021129794,
        "lsy_2": 0.0004949294413812404,
        "lsy_3": 0.0005393957583803362,
        "master": 0.00044369651092576046,
        "prol": 0.0005084626682940088,
        "prol2": 0.0005055626910984155,
        "putien": 0.0004069634664482465,
        "zaiton": 0.0004011635120570601
    },
    "sum": 0.003800903444357495
}