{
    "workers": {
        "banzhang": 0.0009157663708998984,
        "lsy": 0.0003920915521269522,
        "lsy_2": 0.000735005519749846,
        "lsy_3": 0.0007629171217656629,
        "master": 0.0007243725285057252,
        "niu": 0.0006525998376079102,
        "prol": 0.000721714280694695,
        "prol2": 0.0007084230416395442,
        "putien": 0.0006366503507417292,
        "yyl": 0.0005981057574817915,
        "zaiton": 0.0006539289615134253
    },
    "sum": 0.007501575322727179
}