{
    "workers": {
        "lsy": 0.0003892571382637255,
        "lsy_2": 0.0007184083948837876,
        "master": 0.0005180554560715759,
        "prol": 0.000632542849678554,
        "zaiton": 0.0007012352858427408
    },
    "sum": 0.0029594991247403834
}