{
    "workers": {
        "putien": 0.0003557728712211987,
        "zaiton": 0.00032804152574578203
    },
    "sum": 0.0006838143969669808
}