{
    "workers": {
        "lsy_2": 0.00037747369588966823,
        "lsy_3": 0.00015368066042787618,
        "putien": 0.00036685060876331737,
        "zaiton": 0.00032719108349160735
    },
    "sum": 0.0012251960485724692
}