{
    "workers": {
        "1070": 0.0003265719287185387,
        "lee": 0.0006362297734795434,
        "lsy": 0.0003773141805911403,
        "lsy_2": 0.0006505416906743798,
        "lsy_3": 0.0007572305279449781,
        "master": 0.0007103915262164228,
        "niu": 7.676391949957682e-05,
        "prol": 0.0006895741921148426,
        "prol2": 0.0006947785256402377,
        "putien": 0.00047489543419229727,
        "yyl": 0.0005386485198783865,
        "zaiton": 0.0006648536078692162
    },
    "sum": 0.006597793826819559
}