{
    "workers": {
        "putien": 0.0002899120202723975,
        "zaiton": 0.0002478086148386468
    },
    "sum": 0.0005377206351110443
}