{
    "workers": {
        "lsy_2": 0.0006085960442468438,
        "lsy_3": 0.0006386650187649685,
        "master": 0.0005123753257888448,
        "niu": 0.0005460525772491445,
        "prol": 0.0006735450292059932,
        "putien": 0.0005857436236130691,
        "zaiton": 0.0005725132748250942
    },
    "sum": 0.004137490893693959
}