{
    "workers": {
        "1070": 0.00020812916625373722,
        "lsy": 0.000307993833469656,
        "lsy_2": 0.0004675906380857504,
        "lsy_3": 0.0005142563704296376,
        "master": 0.0004125250739199635,
        "prol": 0.0005235895168984151,
        "prol2": 0.0004302580522106406,
        "zaiton": 0.00036025945369480973
    },
    "sum": 0.00322460210496261
}