{
    "workers": {
        "lee": 0.0007745500868080071,
        "lsy": 0.0006211738319945404,
        "lsy_2": 0.0009816080308061872,
        "lsy_3": 0.0009586015925841672,
        "niu": 0.0011215638633234755,
        "prol": 0.0008493210110295721,
        "putien": 0.0006154222224390353,
        "yyl": 0.000699779162586442
    },
    "sum": 0.006622019801571426
}