{
    "workers": {
        "1070": 0.00030726999870731486,
        "niu": 0.0006157172771031635,
        "putien": 0.0006792903802839873
    },
    "sum": 0.0016022776560944657
}