{
    "workers": {
        "1070": 0.00020117376470325197,
        "lsy": 0.0002502202610565241,
        "lsy_2": 0.00041897346037371474,
        "master": 0.0003524697365048712,
        "niu": 0.0004156482741802726,
        "prol": 0.0002568706334434085,
        "prol2": 0.0004355993913409257,
        "putien": 0.0004073353086966672,
        "zaiton": 0.0004031788259548645
    },
    "sum": 0.003141469656254501
}