{
    "workers": {
        "lee": 0.0004929849109626869,
        "lsy": 0.0002639307362706546,
        "lsy_2": 0.0004637640080184359,
        "lsy_3": 0.0005344597409480755,
        "niu": 0.00041097786076430497,
        "prol": 0.0004807309839215494,
        "prol2": 0.0004816735936939446,
        "putien": 0.0004411413734809512,
        "yyl": 0.0004232317878054425,
        "zaiton": 0.0004119204705367002
    },
    "sum": 0.004404815466402746
}