{
    "workers": {
        "lsy": 0.0003717087371018386,
        "lsy_2": 0.000624190143435163,
        "lsy_3": 0.0005973055492422627,
        "master": 0.0005330163022592403,
        "prol": 0.000598474444641954,
        "putien": 0.0005762654320478189,
        "zaiton": 0.000524834034461401
    },
    "sum": 0.003825794643189678
}