{
    "workers": {
        "putien": 0.00036641292683888064,
        "zaiton": 0.00034554130442400764
    },
    "sum": 0.0007119542312628883
}