{
    "workers": {
        "lee": 0.0007734887093576748,
        "lsy_2": 0.000770394754520244,
        "lsy_3": 0.000867854331899311,
        "master": 0.0008121631448255584,
        "niu": 0.0008601194448057344,
        "prol": 0.0007750356867763901,
        "prol2": 0.0007177975222839222,
        "putien": 0.000539895119131657,
        "yyl": 0.0006187909674861397,
        "zaiton": 0.0007425491609833678
    },
    "sum": 0.00747808884207
}