{
    "workers": {
        "lee": 0.0006312091513454441,
        "lsy": 0.00016739248212475867,
        "lsy_2": 0.000578899000681457,
        "lsy_3": 0.0006637576895363695,
        "master": 0.0004754411471460159,
        "niu": 0.0005998230609470519,
        "prol": 0.0005812238962665231,
        "prol2": 0.0005893610308142544,
        "putien": 0.0005091521331294743,
        "zaiton": 0.0005417006713203995
    },
    "sum": 0.0053379602633117475
}