{
    "workers": {
        "lee": 0.0006020452946813953,
        "lsy": 0.0003470037034518022,
        "lsy_2": 0.0006032714561776915,
        "lsy_3": 0.0007062690218665657,
        "master": 0.00026239856020736986,
        "niu": 0.000557903480814735,
        "prol": 0.0006118545866517644,
        "prol2": 0.0006277946861036139,
        "putien": 0.0005321540893925165,
        "zaiton": 0.0006216638786221333
    },
    "sum": 0.005472358757969587
}