{
    "workers": {
        "lsy_2": 0.0008127465105126221,
        "lsy_3": 0.0008733747784339266,
        "master": 0.0008815677876124812,
        "prol": 0.0008815677876124812,
        "prol2": 0.0008258553251983095,
        "putien": 0.000696405780177146,
        "yyl": 0.0007291778168913647,
        "zaiton": 0.0008471571490625517
    },
    "sum": 0.006547852935500882
}