{
    "workers": {
        "putien": 0.0002998328823910033,
        "zaiton": 0.00026625159956321094
    },
    "sum": 0.0005660844819542143
}