{
    "workers": {
        "putien": 0.0003148557820255201,
        "zaiton": 0.0002882391076687235
    },
    "sum": 0.0006030948896942436
}