{
    "workers": {
        "lsy": 0.00030692012194574275,
        "lsy_2": 0.0005158238178507484,
        "lsy_3": 0.0005465158300453225,
        "prol2": 0.0005158238178507484,
        "putien": 0.00030989031667425,
        "zaiton": 0.0004316683005430447
    },
    "sum": 0.0026266422049098567
}