{
    "workers": {
        "putien": 0.0003870111783177206,
        "zaiton": 0.00034271909224383514
    },
    "sum": 0.0007297302705615557
}