{
    "workers": {
        "1070": 0.0001912221016241952,
        "lee": 0.0003754268784181447,
        "lsy_2": 0.0004315654770601103,
        "lsy_3": 0.00020788824809602873,
        "prol": 5.789292984952699e-05,
        "putien": 0.0003912158592861975,
        "zaiton": 0.0004184079930033996
    },
    "sum": 0.002073619487337603
}