{
    "workers": {
        "putien": 0.00031361779055090786,
        "zaiton": 0.0003164368268704666
    },
    "sum": 0.0006300546174213745
}