{
    "workers": {
        "lee": 0.0005123941172755363,
        "lsy": 0.00023243684755442672,
        "lsy_2": 0.0005433856969494598,
        "lsy_3": 0.0005464848549168522,
        "master": 0.0005630136974096114,
        "prol": 0.0005103280119639413,
        "prol2": 0.0005547492761632318,
        "putien": 0.00048036948494581524,
        "zaiton": 0.00045557622120667637
    },
    "sum": 0.004398738208385551
}