{
    "workers": {
        "putien": 0.00033688813585436067,
        "zaiton": 0.00033073804818156303
    },
    "sum": 0.0006676261840359237
}