{
    "workers": {
        "1070": 0.0001864229081121652,
        "lsy_2": 0.00042623878505257184,
        "lsy_3": 0.0004751069260140132,
        "master": 0.00046153244241361286,
        "prol": 0.00019275766712568534,
        "prol2": 0.00021538180645968598,
        "putien": 0.0004361934063595321,
        "zaiton": 0.00042623878505257184
    },
    "sum": 0.0028198727265898384
}