{
    "workers": {
        "lsy": 0.00038254731770841276,
        "lsy_2": 0.0005773850820071075,
        "lsy_3": 0.000684308245341757,
        "master": 0.0005001627973765273,
        "prol": 0.0006344107691189206,
        "putien": 0.0005666927656736426,
        "zaiton": 0.0006082739958593395
    },
    "sum": 0.003953780973085707
}