{
    "workers": {
        "putien": 0.0002818274744712941,
        "zaiton": 0.00024511885384688177
    },
    "sum": 0.0005269463283181758
}