{
    "workers": {
        "putien": 0.0003292128210831001,
        "zaiton": 0.00032505434334310305
    },
    "sum": 0.0006542671644262032
}