{
    "workers": {
        "lee": 0.0005228681953883529,
        "lsy": 0.0003050064473098725,
        "lsy_2": 0.0004952369492905944,
        "lsy_3": 0.0005579386231278155,
        "master": 0.0005366838184372321,
        "prol": 0.0005706915059421656,
        "prol2": 0.0005143662735121195,
        "putien": 0.0004909859883524776,
        "zaiton": 0.000499487910228711
    },
    "sum": 0.00449326571158934
}