{
    "workers": {
        "lee": 0.000701199194791115,
        "lsy": 0.0003371666626294442,
        "lsy_3": 0.0007119455426040056,
        "master": 0.0005923924231855971,
        "prol": 0.0007092589556507829,
        "putien": 0.0006528406296331072,
        "zaiton": 0.0006313479340073257
    },
    "sum": 0.004336151342501378
}