{
    "workers": {
        "putien": 0.00029960146987324885,
        "zaiton": 0.0002692453738067963
    },
    "sum": 0.0005688468436800451
}