{
    "workers": {
        "putien": 0.00031400086942112964,
        "zaiton": 0.00026401705755409275
    },
    "sum": 0.0005780179269752224
}