{
    "workers": {
        "1070": 0.00013684024795766078,
        "lsy_2": 0.0003091345601588973,
        "putien": 0.00027990050718612434,
        "zaiton": 0.0002854985173298468
    },
    "sum": 0.0010113738326325292
}