{
    "workers": {
        "lee": 0.00044594424176095195,
        "lsy": 0.0002812178993961921,
        "lsy_2": 0.00045504514465403257,
        "lsy_3": 0.0004996395688301278,
        "master": 0.0004122709010565535,
        "niu": 0.00045140478349680035,
        "prol": 0.00036403611572322607,
        "putien": 0.0004641460475471132,
        "zaiton": 0.000404990178742089
    },
    "sum": 0.0037786948812070864
}