{
    "workers": {
        "putien": 0.0004240626342720748,
        "zaiton": 0.0002608962499429398
    },
    "sum": 0.0006849588842150146
}