{
    "workers": {
        "1070": 0.00018633755055474455,
        "lsy_2": 0.0004076133918385037,
        "prol": 0.00022826349942956206,
        "putien": 0.00033074915223467157,
        "zaiton": 0.00034084243622305356
    },
    "sum": 0.0014938060302805355
}