{
    "workers": {
        "1070": 0.00010646496284669166,
        "lee": 0.0005974563209161403,
        "lsy": 0.000320647417514742,
        "lsy_2": 0.0006613352986241552,
        "lsy_3": 0.0007202041604335025,
        "master": 0.0007414971530028408,
        "niu": 0.0005298197562841244,
        "prol": 0.0006425473640041509,
        "prol2": 0.0006137391975868108,
        "putien": 0.0004108295036907631,
        "yyl": 0.0005699006834734672,
        "zaiton": 0.0006312746032321483
    },
    "sum": 0.006545716421609537
}