{
    "workers": {
        "1070": 0.00018645857182628575,
        "lsy": 6.112127458206048e-05,
        "lsy_2": 0.00041314886869392784,
        "lsy_3": 0.00041624361677403214,
        "master": 0.0003597644643121281,
        "prol": 0.00031334324311056325,
        "prol2": 0.0003860698229930149,
        "putien": 0.0002506745944884506,
        "zaiton": 0.00036904870855244113
    },
    "sum": 0.002755873165332904
}