{
    "workers": {
        "1070": 0.00016569021146484379,
        "lsy": 0.00026310606443663635,
        "lsy_2": 0.0004521094714844732,
        "lsy_3": 0.00046293345514800577,
        "master": 0.0003888307977592063,
        "prol": 0.00013904655936999453,
        "prol2": 0.00041380922159812744,
        "putien": 0.00031556075449837084,
        "zaiton": 0.0003921612542710624
    },
    "sum": 0.0029932477900307206
}