{
    "workers": {
        "lsy": 0.000525435809082012,
        "lsy_2": 0.0008774104376016932,
        "lsy_3": 0.000904355863708463,
        "master": 0.0008285718527831728,
        "niu": 0.0008572013680216157,
        "prol": 0.0004614404220784336,
        "prol2": 0.0004648086003417799,
        "putien": 0.0007713128223062869,
        "yyl": 0.0007224742374877665
    },
    "sum": 0.006413011413411223
}