{
    "workers": {
        "putien": 0.00034946709585595556,
        "zaiton": 0.00032947785368667994
    },
    "sum": 0.0006789449495426355
}