{
    "workers": {
        "1070": 0.0001733029819086191,
        "lsy_2": 0.000379791641203995,
        "putien": 0.00041518969708320236,
        "zaiton": 0.00030678315095312997
    },
    "sum": 0.0012750674711489464
}