{
    "workers": {
        "lee": 0.0005215220873074092,
        "lsy": 0.00033816590082248846,
        "lsy_2": 0.0005171303223616626,
        "lsy_3": 0.0005950841501486648,
        "master": 0.00046662502548557657,
        "niu": 0.0005720273841834951,
        "prol": 0.0005083467924701694,
        "prol2": 0.0005797129728385517,
        "putien": 0.0005325014996717757,
        "zaiton": 0.0005401870883268322
    },
    "sum": 0.005171303223616625
}