{
    "workers": {
        "1070": 0.00018475471708121624,
        "lee": 0.0002938925246397406,
        "lsy_2": 0.0004038098879665401,
        "lsy_3": 0.0004287556725513457,
        "master": 0.000399132553356889,
        "putien": 0.0003531387630286538,
        "zaiton": 0.000367170766857607
    },
    "sum": 0.0024306548854819924
}