{
    "workers": {
        "lee": 0.0006041234999375268,
        "lsy_2": 0.000569771379352844,
        "lsy_3": 0.0006029389440552964,
        "master": 0.0005839860499396094,
        "prol": 0.0005863551617040703,
        "prol2": 0.000657428514637897,
        "putien": 0.0002961389705576112,
        "zaiton": 0.0005804323822929181
    },
    "sum": 0.004481174902477774
}