{
    "workers": {
        "1070": 0.0007209816346044386,
        "banzhang": 0.0018910993694542652,
        "lsy": 0.0009041818860203207,
        "lsy_2": 0.00154833760874068,
        "lsy_3": 0.001563111822564541,
        "master": 0.0015867505646827195,
        "niu": 0.001530608552152046,
        "prol": 0.0015453827659759074,
        "prol2": 0.0013917309422077483,
        "putien": 0.0014124148415611544,
        "zaiton": 0.0014892407534452341
    },
    "sum": 0.015583840741409056
}