{
    "workers": {
        "putien": 0.0003030436250274355,
        "zaiton": 0.00031189658485969766
    },
    "sum": 0.0006149402098871331
}