{
    "workers": {
        "1070": 0.00017712698575900226,
        "lsy": 0.0002527113460613351,
        "lsy_2": 0.0003970087611839706,
        "master": 0.0003450922308752975,
        "niu": 0.0003512000579704355,
        "prol": 0.00036188875538692704,
        "prol2": 0.0003855565853805868,
        "putien": 0.00038021223667234107,
        "zaiton": 0.0003573078850655735
    },
    "sum": 0.0030081048443554694
}