{
    "workers": {
        "lee": 0.0004900876090257338,
        "lsy": 0.00031232036006048766,
        "lsy_2": 0.0004969625855050526,
        "lsy_3": 0.0005254446309193738,
        "master": 0.00019937431790024838,
        "niu": 0.00044490919216163806,
        "prol": 0.00037615942736844894,
        "prol2": 0.0005146410964518727,
        "putien": 0.00043410565769413695,
        "yyl": 0.00043606993668822804,
        "zaiton": 0.0004832126325464149
    },
    "sum": 0.004713287446321635
}