{
    "workers": {
        "1070": 0.00019598950626259541,
        "lsy": 0.0001581030589553279,
        "lsy_2": 0.0003446209533911064,
        "lsy_3": 0.0003941647691006101,
        "master": 0.0003468067099665257,
        "prol": 0.0001253167103240387,
        "prol2": 0.00038323598622351366,
        "putien": 0.0001522743747542098,
        "zaiton": 0.00033369217051401005
    },
    "sum": 0.0024342042394919377
}