{
    "workers": {
        "putien": 0.0003048317780723103,
        "zaiton": 0.00027232456632616853
    },
    "sum": 0.0005771563443984788
}