{
    "workers": {
        "putien": 0.00014676132274902312,
        "zaiton": 0.00017122154320719363
    },
    "sum": 0.00031798286595621675
}