{
    "workers": {
        "lee": 0.0001577337428782054,
        "lsy": 0.00035195812776554785,
        "lsy_2": 0.0005132232230962504,
        "lsy_3": 0.0005355884552953989,
        "master": 0.0004543673488879648,
        "prol": 0.0005991527994403474,
        "putien": 0.0005450053951687247,
        "zaiton": 0.0005685477448520389
    },
    "sum": 0.0037255768373844786
}