{
    "workers": {
        "lee": 0.0006527362563262035,
        "lsy": 0.00036861841117108305,
        "lsy_2": 0.0006074243586074989,
        "lsy_3": 0.000642939089251889,
        "master": 0.0006343665680618639,
        "niu": 0.0006539609022104928,
        "prol": 0.0006282433386404173,
        "prol2": 0.000662533423400518,
        "putien": 0.0005400688349715868,
        "zaiton": 0.0006343665680618639
    },
    "sum": 0.006025257750703417
}