{
    "workers": {
        "putien": 0.00032851756305700446,
        "zaiton": 0.0003299366454028231
    },
    "sum": 0.0006584542084598276
}