{
    "workers": {
        "lee": 0.0007303645348113163,
        "lsy": 0.0003697227218849469,
        "lsy_2": 0.0006732845356431139,
        "lsy_3": 0.0007096081714774244,
        "master": 0.0007511208981452079,
        "niu": 0.0006136099910581751,
        "prol": 0.0006914463535602691,
        "prol2": 0.0006616090812677997,
        "putien": 6.226909000167527e-05,
        "yyl": 0.0005811781733489692,
        "zaiton": 0.00045274817522051393
    },
    "sum": 0.006296961726419412
}