{
    "workers": {
        "putien": 0.00038909146144863553,
        "zaiton": 0.00033871109293436995
    },
    "sum": 0.0007278025543830055
}