{
    "workers": {
        "putien": 0.00033217376087202625,
        "zaiton": 0.00032285425655898345
    },
    "sum": 0.0006550280174310098
}