{
    "workers": {
        "lee": 0.0008024441994869591,
        "lsy": 0.0005734032403519588,
        "lsy_2": 0.0008440880102387773,
        "lsy_3": 0.0007976391444002108,
        "master": 0.0007704104989086374,
        "niu": 0.000725563318098987,
        "prol": 0.0008344779000652808,
        "prol2": 0.0008104526246315394,
        "putien": 0.000762402073764057,
        "yyl": 0.0006855211923760847
    },
    "sum": 0.007606402202322492
}