{
    "workers": {
        "putien": 0.00031146400619308853,
        "zaiton": 0.00033640963597972035
    },
    "sum": 0.0006478736421728088
}