{
    "workers": {
        "lsy": 0.00028825832619257534,
        "lsy_3": 0.000522996376837995,
        "master": 0.000417833730148847,
        "niu": 0.0003934209728817234,
        "prol": 0.00046384238807534926,
        "prol2": 0.0004732319101011661,
        "putien": 0.00037745878543783484,
        "zaiton": 0.00040374944711012183
    },
    "sum": 0.0033407919367856127
}