{
    "workers": {
        "lsy": 0.00041685711084622946,
        "lsy_2": 0.0006634863982922303,
        "lsy_3": 0.0007640146404577197,
        "master": 0.0005642985326889473,
        "prol": 0.0006701882811032629,
        "putien": 0.0006205943483016214,
        "zaiton": 0.0006742094107898825
    },
    "sum": 0.0043736487224798936
}