{
    "workers": {
        "putien": 0.00031237025158764256,
        "zaiton": 0.00028596369423693457
    },
    "sum": 0.0005983339458245771
}