{
    "workers": {
        "1070": 0.0002582082201875077,
        "banzhang": 0.000609074892595413,
        "lee": 0.0006770244242237045,
        "lsy": 0.00036939836285198474,
        "lsy_2": 0.0006696117480460728,
        "lsy_3": 0.0006164875687730448,
        "master": 0.0006288420290690978,
        "niu": 0.0006016622164177811,
        "prol": 0.0006881434384901522,
        "prol2": 0.0006350192592171243,
        "yyl": 0.0005460671450855427,
        "zaiton": 0.000605368554506597
    },
    "sum": 0.0069049078594640234
}