{
    "workers": {
        "lee": 0.0006421797131347524,
        "lsy_2": 0.000535149760945627,
        "lsy_3": 0.0007106291011626815,
        "master": 0.000553817775862335,
        "prol": 0.0006508914534292162,
        "putien": 0.0006035991489735561,
        "zaiton": 0.0006322234385125082
    },
    "sum": 0.004328490392020676
}