{
    "workers": {
        "1070": 0.00019740294776581438,
        "lsy": 0.0002606731233317805,
        "lsy_2": 0.00041252154469009923,
        "lsy_3": 0.00048085333430134274,
        "master": 0.00041842676107625606,
        "niu": 0.00040914713532658105,
        "prol": 0.0004656684921655108,
        "prol2": 0.00042939359150769024,
        "putien": 0.0004023983165995447,
        "zaiton": 0.0003661234159417241
    },
    "sum": 0.0038426086627063438
}