{
    "workers": {
        "1070": 0.00015261947040432421,
        "lsy_2": 0.0003797740310061091,
        "putien": 0.0003662867289703781,
        "zaiton": 0.00034925013692524426
    },
    "sum": 0.0012479303673060558
}