{
    "workers": {
        "putien": 0.00034656149139963415,
        "zaiton": 0.00034509611511464625
    },
    "sum": 0.0006916576065142805
}