{
    "workers": {
        "putien": 0.00030250796591101343,
        "zaiton": 0.0005879176554879261
    },
    "sum": 0.0008904256213989395
}