{
    "workers": {
        "1070": 0.00020586431167189575,
        "lsy": 0.0002364887547305249,
        "lsy_2": 0.00039981911770988024,
        "lsy_3": 7.315839175116957e-05,
        "master": 0.0003734480695205051,
        "niu": 0.0003938643648929245,
        "prol": 0.0001811946214302223,
        "prol2": 0.00043639831358546495,
        "putien": 0.0004049231915529851,
        "zaiton": 0.00039131232797137206
    },
    "sum": 0.0030964714648169444
}