{
    "workers": {
        "niu": 0.000499645850536293
    },
    "sum": 0.000499645850536293
}