{
    "workers": {
        "1070": 0.00019504266827084804,
        "lsy": 9.838435479148971e-05,
        "lsy_2": 0.00044359261721776944,
        "lsy_3": 0.00016224788334035146,
        "master": 0.0004315103280328496,
        "prol": 0.0004893327119892515,
        "prol2": 0.000467757195587609,
        "putien": 0.0003175916014321773,
        "zaiton": 0.0004056197083508786
    },
    "sum": 0.0030110790690132247
}