{
    "workers": {
        "1070": 0.000856873671377181,
        "banzhang": 0.0019632584501285606,
        "lsy": 0.0009422327344262489,
        "lsy_2": 0.0016579356476838177,
        "lsy_3": 0.0017597099151653987,
        "master": 0.0016185391570457863,
        "niu": 0.0017367286289598804,
        "prol": 0.001598840911726771,
        "prol2": 0.0017695590378249064,
        "prot": 0.0027446221811161815,
        "putien": 0.0014149906220826249,
        "yyl": 0.0015233309713372108,
        "zaiton": 0.0016119730752727813
    },
    "sum": 0.02119859500414735
}