{
    "workers": {
        "putien": 0.00030136820310087725,
        "zaiton": 0.0003313054418195074
    },
    "sum": 0.0006326736449203847
}