{
    "workers": {
        "lsy": 0.00029388798592195985,
        "lsy_2": 0.0004907832372162102,
        "lsy_3": 0.000510181784141752,
        "putien": 0.000448106433980018,
        "zaiton": 0.00037633181035551293
    },
    "sum": 0.002119291251615453
}