{
    "workers": {
        "putien": 0.0003641765907671779,
        "zaiton": 0.00032307151022514
    },
    "sum": 0.0006872481009923179
}