{
    "workers": {
        "lee": 0.0005586852224797529,
        "lsy": 0.00033198794951200706,
        "lsy_2": 0.0005833962996278959,
        "lsy_3": 0.0006070329821174239,
        "master": 0.0005801731156520511,
        "prol": 0.0005790987209934363,
        "prol2": 0.0005393461186246846,
        "putien": 0.0005318253560143803,
        "yyl": 0.0004619897032044111,
        "zaiton": 0.0005210814094282311
    },
    "sum": 0.005294616877654274
}