{
    "workers": {
        "lee": 0.0005871272320703977,
        "lsy": 0.00030957617690984603,
        "lsy_2": 0.0005835688852093649,
        "lsy_3": 0.0006144078913383151,
        "master": 0.0006345718568841673,
        "prol": 0.0005586604571821359,
        "prol2": 0.000603732850755217,
        "putien": 0.0005764521914872995,
        "zaiton": 0.0005598465728024802
    },
    "sum": 0.005027944114639224
}