{
    "workers": {
        "1070": 0.00038033528048626685,
        "lsy": 0.00042079648053799733,
        "lsy_2": 0.0007269528942627582,
        "lsy_3": 0.0007363938409414954,
        "master": 0.000708071000905284,
        "niu": 0.0007121171209104571,
        "prol": 0.0006891891075478098,
        "prol2": 0.0007026761742317199,
        "putien": 9.036334678219815e-05,
        "yyl": 0.0006042205874391757,
        "zaiton": 0.0006783994542006816
    },
    "sum": 0.006449515288245844
}