{
    "workers": {
        "putien": 0.0003450865833857106,
        "zaiton": 0.000308587040912222
    },
    "sum": 0.0006536736242979326
}