{
    "workers": {
        "putien": 0.00030093621727372735,
        "zaiton": 0.0002829314863257266
    },
    "sum": 0.0005838677035994539
}