{
    "workers": {
        "lsy_2": 0.0008915009046482934,
        "lsy_3": 0.0008587136559659568,
        "master": 0.0008087521341643011,
        "niu": 0.0004996152180165568,
        "prol": 0.0007931391586012838,
        "prol2": 0.0007447389343559299,
        "putien": 0.0007275646612366107,
        "yyl": 0.0006822870321038603,
        "zaiton": 0.0008056295390516978
    },
    "sum": 0.006811941238144491
}