{
    "workers": {
        "lsy": 0.00036376896034269685,
        "lsy_2": 0.0005920161511459576,
        "lsy_3": 0.000664532185724077,
        "master": 0.0004743261933880263,
        "niu": 0.0005634852522955501,
        "prol": 0.0006241134123526662,
        "putien": 0.0005397095032535437,
        "zaiton": 0.0005872610013375564
    },
    "sum": 0.004409212659840074
}