{
    "workers": {
        "lee": 0.0008727633720090308,
        "lsy_2": 0.0009065259782763047,
        "lsy_3": 0.0009200310207832143,
        "master": 0.0009082141085896685,
        "niu": 0.0004709883574284712,
        "prol": 0.0008947090660827589,
        "prol2": 0.0009082141085896685,
        "putien": 0.0008947090660827589,
        "yyl": 0.0007529061197602084,
        "zaiton": 0.0007900449866542097
    },
    "sum": 0.008319106184256292
}