{
    "workers": {
        "banzhang": 0.0009696453428533723,
        "lsy": 0.0005230776004120447,
        "lsy_2": 0.0007947656674917336,
        "lsy_3": 0.0008213099039305537,
        "master": 0.0008291170322949126,
        "niu": 0.0006963958501008117,
        "prol": 0.0008103799242204513,
        "prol2": 0.0007885199648002464,
        "putien": 0.0007198172351938883,
        "yyl": 0.0007198172351938883,
        "zaiton": 0.0007541685999970674
    },
    "sum": 0.008427014356488969
}