{
    "workers": {
        "putien": 0.0003423226359645633,
        "zaiton": 0.00033227402629828454
    },
    "sum": 0.0006745966622628478
}