{
    "workers": {
        "zaiton": 0.00013586262605394888
    },
    "sum": 0.00013586262605394888
}