{
    "workers": {
        "lee": 0.0006870258028014803,
        "lsy": 0.0002113925547081478,
        "lsy_2": 0.0006782177796886409,
        "lsy_3": 0.0006945755368982,
        "niu": 0.0006039787277375651,
        "prol": 0.0006316610860922035,
        "prol2": 0.0006505354213340025,
        "putien": 0.0005410642769315688,
        "zaiton": 0.0005901375485602459
    },
    "sum": 0.0052885887347520555
}