{
    "workers": {
        "1070": 0.0003709634650508521,
        "banzhang": 0.0009841030789839585,
        "lsy": 0.000424158226077012,
        "lsy_2": 0.0008049207260537357,
        "master": 0.0007111299631918221,
        "niu": 0.0006733336856206032,
        "prol": 0.0007825229319374578,
        "prot": 0.0008889124539897776,
        "putien": 0.0007685243106147841
    },
    "sum": 0.006408568841520004
}