{
    "workers": {
        "lsy_2": 0.00034593142457777903,
        "lsy_3": 0.00023149783545889396,
        "putien": 0.00030581390195564114,
        "zaiton": 0.0003137058736190126
    },
    "sum": 0.0011969490356113265
}