{
    "workers": {
        "putien": 0.0003220180609144976,
        "zaiton": 0.00025162341504016557
    },
    "sum": 0.0005736414759546632
}