{
    "workers": {
        "putien": 0.00029829812770073254,
        "zaiton": 0.0002755946761209728
    },
    "sum": 0.0005738928038217053
}