{
    "workers": {
        "1070": 0.00013024903497269196,
        "lee": 0.0007059497695519904,
        "lsy": 0.0003334375295300914,
        "lsy_2": 0.0007502344414427056,
        "lsy_3": 0.000729394595847075,
        "master": 0.000726789615147621,
        "niu": 0.0006681775494099097,
        "prol": 0.0006694800397596366,
        "prol2": 0.0006864124143060866,
        "yyl": 0.0005405334951366716,
        "zaiton": 0.0003086902128852799
    },
    "sum": 0.00624934869798976
}