{
    "workers": {
        "1070": 0.00014944488784619073,
        "lee": 0.00037431714833173246,
        "lsy": 6.062386959798304e-05,
        "lsy_2": 0.00035175942941155275,
        "lsy_3": 0.0003841861503593111,
        "master": 0.0003609235027228757,
        "putien": 0.00018046175136143786,
        "zaiton": 0.00033413621150516236
    },
    "sum": 0.002195852951136246
}