{
    "workers": {
        "lee": 0.0008288363571354275,
        "lsy": 0.000586643915115335,
        "lsy_2": 0.0008342184114025406,
        "lsy_3": 0.0008162782305121634,
        "master": 0.0007732217963752581,
        "prol": 0.0009203312796763513,
        "putien": 0.0007068431270808624,
        "yyl": 0.0008216602847792765,
        "zaiton": 0.0007427234888616168
    },
    "sum": 0.007030756890938831
}