{
    "workers": {
        "putien": 0.00028783971669323435,
        "zaiton": 0.00023780622810647584
    },
    "sum": 0.0005256459447997102
}