{
    "workers": {
        "lsy": 0.00031084129175103985,
        "lsy_2": 0.0005170628607120857,
        "lsy_3": 0.0005190747784580471,
        "prol2": 0.0005492535446474685,
        "putien": 0.00019917985685018088,
        "zaiton": 0.0004295444387627638
    },
    "sum": 0.002524956771181586
}