{
    "workers": {
        "1070": 0.00017306188528962895,
        "lsy": 0.00028985734482006814,
        "lsy_2": 0.00045439401408557743,
        "lsy_3": 0.0004185881067842749,
        "master": 0.00037681454826608856,
        "prol": 0.000146633715614858,
        "prol2": 0.00044245871165181,
        "putien": 0.00027536447757906473,
        "zaiton": 0.00041347297716980315
    },
    "sum": 0.002990645781261174
}