{
    "workers": {
        "putien": 0.00033301658479671956,
        "zaiton": 0.0003013342458625708
    },
    "sum": 0.0006343508306592904
}