{
    "workers": {
        "lee": 0.0005048863795302503,
        "lsy": 0.00029757546927126736,
        "lsy_2": 0.0004493389585996137,
        "lsy_3": 0.0005435711905355151,
        "niu": 0.0004473551221378052,
        "prol": 0.0005118298071465798,
        "prol2": 0.0004800884237576447,
        "putien": 0.0004800884237576447,
        "yyl": 0.00044041169452147563,
        "zaiton": 0.000464217732063177
    },
    "sum": 0.004619363201320973
}