{
    "workers": {
        "putien": 0.00034591964233128645,
        "zaiton": 0.0003043260981631959
    },
    "sum": 0.0006502457404944824
}