{
    "workers": {
        "putien": 0.0003017835995870834,
        "zaiton": 0.0002879518512726754
    },
    "sum": 0.0005897354508597588
}