{
    "workers": {
        "1070": 0.00021453134577324753,
        "lsy": 0.00027107449117084765,
        "lsy_2": 0.00043322027576690687,
        "lsy_3": 0.00044236696105181276,
        "master": 0.0003858238156542126,
        "niu": 0.0003966335346272833,
        "prol": 0.000375014096681142,
        "prol2": 0.0004323887589228245,
        "putien": 0.00038499229881013025,
        "zaiton": 0.0003450794902941772
    },
    "sum": 0.0036811250687525843
}