{
    "workers": {
        "lsy": 0.0005896931788391355,
        "lsy_2": 0.0009561586559095131,
        "lsy_3": 0.0010342883515285786,
        "master": 0.0010342883515285786,
        "niu": 0.0008092004189117476,
        "prol": 0.0010435895057689434,
        "prol2": 0.0009561586559095131,
        "putien": 9.115131155557616e-05,
        "yyl": 0.0008129208806078934,
        "zaiton": 0.0009617393484537321
    },
    "sum": 0.008289188659013211
}