{
    "workers": {
        "putien": 0.00033571437165014694,
        "zaiton": 0.0003407464928526117
    },
    "sum": 0.0006764608645027587
}