{
    "workers": {
        "lee": 0.0004884505993082818,
        "lsy": 0.0002660583306003531,
        "lsy_2": 0.0005219617630861889,
        "lsy_3": 0.0005605503759213545,
        "master": 0.0005107913751602199,
        "prol": 0.0005178998038403819,
        "prol2": 0.0005067294159144129,
        "putien": 0.0004498619864731161,
        "zaiton": 0.00045290845590747125
    },
    "sum": 0.00427521210621178
}