{
    "workers": {
        "lsy": 0.00036552819864217416,
        "lsy_2": 0.0006271436986736967,
        "lsy_3": 0.000661373764098382,
        "master": 0.00045110336220388717,
        "prol": 0.0006919363225132795,
        "putien": 0.0005220084977264495,
        "zaiton": 0.0006357012150298682
    },
    "sum": 0.003954795058887737
}