{
    "workers": {
        "lee": 0.0007087423948965845,
        "lsy": 0.00043730913727661595,
        "lsy_2": 0.0008005910224750586,
        "lsy_3": 0.0007402725207817322,
        "master": 0.0007101132699350692,
        "niu": 0.0007389016457432476,
        "prol": 0.0006662452687035591,
        "prol2": 0.0006648743936650744,
        "putien": 0.00068406664420386,
        "yyl": 0.0006196355173950796
    },
    "sum": 0.006770751815075881
}