{
    "workers": {
        "1070": 0.0001720767175715129,
        "putien": 0.00035224251161006275,
        "zaiton": 0.0003595962174891873
    },
    "sum": 0.000883915446670763
}