{
    "workers": {
        "putien": 0.00012681906235280458,
        "zaiton": 0.0002385705133369591
    },
    "sum": 0.0003653895756897637
}