{
    "workers": {
        "lee": 0.0005352911999348684,
        "lsy": 0.00030259931638109165,
        "lsy_2": 0.0005053308715803049,
        "lsy_3": 0.0005113229372512175,
        "master": 0.0005542660745594252,
        "prol": 0.00050932558202758,
        "prol2": 0.0005243057462048618,
        "putien": 0.00044441153725935904,
        "zaiton": 0.0004923480626266607
    },
    "sum": 0.004379201327825369
}