{
    "workers": {
        "lee": 0.00023999650994445976,
        "lsy_2": 0.0007821573004816429,
        "lsy_3": 0.0007705912036168497,
        "master": 0.000763362393076354,
        "niu": 0.0007864945868059403,
        "prol": 0.00033252528486280567,
        "prol2": 0.0002934897079441285,
        "putien": 0.0006505929486446197,
        "yyl": 0.0006043285611854468,
        "zaiton": 0.0007228810540495775
    },
    "sum": 0.005946419550611824
}