{
    "workers": {
        "lee": 0.0005065469343356891,
        "lsy": 0.0002795070654620657,
        "lsy_2": 0.0004788824124981467,
        "lsy_3": 0.0004807903105559083,
        "master": 0.0005132245775378544,
        "prol": 0.0005208561697689006,
        "prol2": 0.000515132475595616,
        "putien": 0.00044358629842955824,
        "yyl": 0.0004245073178519428,
        "zaiton": 0.00042546126688082356
    },
    "sum": 0.004588494828916504
}