{
    "workers": {
        "putien": 0.0003167416484796209,
        "zaiton": 0.0002711093770884891
    },
    "sum": 0.00058785102556811
}