{
    "workers": {
        "putien": 0.0002902040824596407,
        "zaiton": 0.00026904336811362525
    },
    "sum": 0.0005592474505732659
}