{
    "workers": {
        "1070": 0.0002881387523505039,
        "lee": 0.0006960063926640025,
        "lsy": 0.0003999734279203342,
        "lsy_2": 0.0006907435844018929,
        "lsy_3": 0.0007012692009261123,
        "master": 0.0007157419236469138,
        "niu": 0.0006828493720087284,
        "prol": 0.0007315303484332427,
        "prol2": 0.0007039006050571671,
        "putien": 0.0006696923513534543,
        "yyl": 0.0005657518881767885,
        "zaiton": 0.0006894278823363655
    },
    "sum": 0.007535025729275507
}