{
    "workers": {
        "putien": 0.00043352932226320764,
        "zaiton": 6.903333157057446e-05
    },
    "sum": 0.0005025626538337821
}