{
    "workers": {
        "putien": 0.0003562029945379669,
        "zaiton": 0.00030818367736685267
    },
    "sum": 0.0006643866719048196
}