{
    "workers": {
        "1070": 0.00017680318443447294,
        "lsy": 5.9197494788327994e-05,
        "lsy_2": 0.0003985964649080751,
        "lsy_3": 0.00043885076136413815,
        "master": 0.00032045577178748216,
        "prol": 0.00038281046629785436,
        "prol2": 0.0004278005623369836,
        "putien": 0.00011444848992410079,
        "zaiton": 0.0003536063688689459
    },
    "sum": 0.0026725695647103814
}