{
    "workers": {
        "lee": 0.0007009004351159938,
        "lsy": 0.0004328669353886097,
        "lsy_2": 0.0006693670822068898,
        "lsy_3": 0.0007768671489424716,
        "master": 0.0006048670421655406,
        "niu": 0.000657900408421761,
        "prol": 0.0006994671008928527,
        "putien": 0.0007439004618102265,
        "yyl": 0.0004816002989754067,
        "zaiton": 0.0006994671008928527
    },
    "sum": 0.006467204014812606
}