{
    "workers": {
        "putien": 0.0003420767007881668,
        "zaiton": 0.0003380204553242755
    },
    "sum": 0.0006800971561124423
}