{
    "workers": {
        "putien": 0.00024069413053514032,
        "zaiton": 0.00022346843840786722
    },
    "sum": 0.00046416256894300757
}