{
    "workers": {
        "putien": 0.00028122068337309145,
        "zaiton": 0.0002400073073615177
    },
    "sum": 0.0005212279907346091
}