{
    "workers": {
        "lee": 0.0008248561326083228,
        "lsy": 0.0004844644464071915,
        "lsy_2": 0.0008881848184131844,
        "lsy_3": 0.0008739358641070905,
        "master": 0.000737779189626638,
        "prol": 0.0008074407440119858,
        "putien": 0.0007631106639485826,
        "yyl": 0.0006807833724022625,
        "zaiton": 0.0007963582239961351
    },
    "sum": 0.006856913455521394
}