{
    "workers": {
        "1070": 0.00017332208294949884,
        "lee": 0.00042207136866405734,
        "lsy": 2.6479762672840103e-05,
        "lsy_2": 0.0004341076244244392,
        "lsy_3": 4.974985714291171e-05,
        "master": 0.0004124423640557519,
        "putien": 0.0003450393317976135,
        "zaiton": 0.0003675070092169929
    },
    "sum": 0.0022307194009241055
}