{
    "workers": {
        "putien": 0.0003239215083079564,
        "zaiton": 0.00029139382546531647
    },
    "sum": 0.0006153153337732729
}