{
    "workers": {
        "lee": 0.0005576243367482676,
        "lsy": 0.0003465713009272101,
        "lsy_2": 0.00047431392787153435,
        "lsy_3": 0.0004798679551299832,
        "master": 0.0003976683517049398,
        "prol": 0.000539851449521231,
        "putien": 0.0005342974222627823,
        "zaiton": 0.0005420730604246107
    },
    "sum": 0.003872267804590559
}