{
    "workers": {
        "putien": 0.00032191429623342036,
        "zaiton": 0.00030484308355437534
    },
    "sum": 0.0006267573797877958
}