{
    "workers": {
        "lsy": 0.00036192736510241706,
        "lsy_2": 0.0006007501842516309,
        "lsy_3": 0.0007004648664737255,
        "putien": 0.00044810054726965916,
        "zaiton": 0.0004998044565700045
    },
    "sum": 0.002611047419667437
}