{
    "workers": {
        "lee": 0.0007075092112390311,
        "lsy": 0.0003744017615895262,
        "lsy_2": 0.0007088856883036985,
        "lsy_3": 0.0007763330644723999,
        "master": 0.0006331794497469928,
        "prol": 0.0007130151194977006,
        "putien": 0.0006882385323336879,
        "yyl": 0.000619414679100319,
        "zaiton": 0.0007102621653683658
    },
    "sum": 0.005931239671651722
}