{
    "workers": {
        "lee": 0.0004013121268639821,
        "lsy_2": 0.0008388081340189791,
        "lsy_3": 0.0009292678347465161,
        "master": 0.0009062417291067794,
        "niu": 0.0008305845248619303,
        "prol": 0.00043585128532358714,
        "prol2": 0.00038650963038129425,
        "putien": 0.0007236776058202957,
        "yyl": 0.0006019681902959732,
        "zaiton": 0.0008355186903561595
    },
    "sum": 0.006889739751775497
}