{
    "workers": {
        "lee": 0.0007067072261848611,
        "lsy": 0.0004301696159386111,
        "lsy_2": 0.0006866682689206401,
        "lsy_3": 0.0007240743224805194,
        "master": 0.000539715915649686,
        "niu": 0.0006425825629393538,
        "prol": 0.0006679652421407005,
        "putien": 0.0006572777982664492,
        "zaiton": 0.000646590354392198
    },
    "sum": 0.005701751306913019
}