{
    "workers": {
        "lsy": 0.0006773186727579606,
        "lsy_2": 0.0011204243465248508,
        "lsy_3": 0.0011246444005607258,
        "master": 0.0011204243465248508,
        "niu": 0.0010360232658073478,
        "prol": 0.0011330845086324761,
        "prol2": 0.0010866639142378494,
        "putien": 0.0010233631036997224,
        "yyl": 0.0009389620229822194,
        "zaiton": 0.0011351945356504137
    },
    "sum": 0.010396103117378416
}