{
    "workers": {
        "lee": 0.0008562061295947309,
        "lsy": 0.0005137236777568386,
        "master": 0.0007545316517053566,
        "niu": 0.0008312334508148847,
        "prol": 0.000932907928704259,
        "putien": 0.0008312334508148847,
        "yyl": 0.0007420453123154335,
        "zaiton": 0.0008936651477645004
    },
    "sum": 0.006355546749470888
}