{
    "workers": {
        "putien": 0.00043582100187115647,
        "zaiton": 0.00013987210236178014
    },
    "sum": 0.0005756931042329366
}