{
    "workers": {
        "1070": 0.00015327892863873613,
        "lsy_2": 0.0005793219350125461,
        "putien": 0.000628805683628201,
        "zaiton": 0.0005346658691886623
    },
    "sum": 0.0018960724164681455
}