{
    "workers": {
        "lee": 0.0005480233723085418,
        "lsy": 0.0003217100167070514,
        "lsy_2": 0.00042421068449068603,
        "niu": 0.0005328005008555268,
        "prol": 0.0004861170283996139,
        "prol2": 0.000528741068468056,
        "putien": 0.00045465642739671617,
        "zaiton": 0.000489161602690217
    },
    "sum": 0.003785420701316409
}