{
    "workers": {
        "1070": 0.0001448827059723241,
        "lsy_2": 0.0003551963114160203,
        "lsy_3": 0.0001936220494561013,
        "putien": 0.00023034347262881018,
        "zaiton": 0.00033182813303338747
    },
    "sum": 0.0012558726725066434
}