{
    "workers": {
        "1070": 0.00016025516478917137,
        "lsy_2": 0.00035738319935284236,
        "prol": 0.0002290372487916033,
        "putien": 0.00032192851687736195,
        "zaiton": 0.000329019453372458
    },
    "sum": 0.001397623583183437
}