{
    "workers": {
        "1070": 0.00047106157129028206,
        "banzhang": 0.0011757993551103892,
        "lsy": 0.0005433899227876089,
        "lsy_2": 0.0010255789327697875,
        "lsy_3": 0.0010292880790004197,
        "master": 0.0009235774114274035,
        "niu": 0.0009736508855409374,
        "prol2": 0.0008735039373138696,
        "prot": 0.0015986420254024535,
        "putien": 0.0008920496684670302,
        "zaiton": 0.0010107423478472588
    },
    "sum": 0.01051728413695744
}