{
    "workers": {
        "lee": 0.0005708909402961704,
        "lsy": 0.00032987278067697005,
        "lsy_2": 0.0005342384091098403,
        "lsy_3": 0.0005575627471375049,
        "master": 0.00043649832594629367,
        "prol": 0.0005642268437168376,
        "putien": 0.0005064713400292874,
        "zaiton": 0.0005497879677949501
    },
    "sum": 0.004049549354707855
}