{
    "workers": {
        "banzhang": 0.0009247273461283488,
        "lsy": 0.0004654256841440696,
        "lsy_2": 0.0008129639417121743,
        "lsy_3": 0.0008190879638719646,
        "master": 0.0007333516536348992,
        "niu": 0.000730289642555004,
        "prol": 0.0008466460635910214,
        "prol2": 0.0007639717644338511,
        "putien": 0.0007639717644338511,
        "yyl": 0.0007103865705356851,
        "zaiton": 0.0006935455095962616
    },
    "sum": 0.00826436790463713
}