{
    "workers": {
        "banzhang": 0.0011309643523000049,
        "lsy": 0.0006256818493527079,
        "lsy_2": 0.0010776728383172824,
        "lsy_3": 0.0010559614807687655,
        "master": 0.0009316146148090792,
        "niu": 0.0010401714025516625,
        "prol": 0.0010401714025516625,
        "prol2": 0.001032276363443111,
        "prot": 0.0015454539054989597,
        "putien": 0.0008763493410492186,
        "yyl": 0.00045791226829598806,
        "zaiton": 0.0010678040394315929
    },
    "sum": 0.011882033858370035
}