{
    "workers": {
        "zaiton": 0.00034316366536859167
    },
    "sum": 0.00034316366536859167
}