{
    "workers": {
        "putien": 0.00033984868640527975,
        "zaiton": 0.0003162877480620566
    },
    "sum": 0.0006561364344673363
}