{
    "workers": {
        "putien": 0.0003280089571602266,
        "zaiton": 0.0003361079437567754
    },
    "sum": 0.000664116900917002
}