{
    "workers": {
        "1070": 0.00014358974281649374,
        "lsy": 0.00026010256270187724,
        "lsy_2": 0.00035364102373662174,
        "lsy_3": 0.0004898461512082672,
        "master": 0.00036102563908146993,
        "niu": 0.0003725128185067895,
        "prol": 0.0004455384591391777,
        "prol2": 0.00044061538224261223,
        "putien": 0.00035364102373662174,
        "zaiton": 0.00035117948528833894
    },
    "sum": 0.0035716922884582703
}