{
    "workers": {
        "lee": 0.0006959682683157543,
        "lsy": 0.0004991772407230238,
        "lsy_2": 0.0008495612654613002,
        "lsy_3": 0.0008863595876940872,
        "master": 0.0008623606818900956,
        "niu": 0.0007951637456389193,
        "prol": 0.0007615652775133312,
        "prol2": 0.0007647651316205301,
        "putien": 0.0007679649857277289,
        "yyl": 0.0006767691436725611
    },
    "sum": 0.007559655328257331
}