{
    "workers": {
        "lee": 0.000593904562222622,
        "lsy": 0.000332729664377734,
        "lsy_2": 0.0005211572162475619,
        "lsy_3": 0.0006606890109866116,
        "master": 0.000617756151066904,
        "prol": 0.0005962897211070502,
        "prol2": 0.0006082155155291912,
        "putien": 0.0005187720573631337,
        "yyl": 0.0005151943190364913,
        "zaiton": 0.0005927119827804078
    },
    "sum": 0.005557420200717708
}