{
    "workers": {
        "1070": 0.00021446141312792176,
        "lsy": 0.00027098612666551355,
        "lsy_2": 0.0004330790551924312,
        "lsy_3": 0.00044222275885292395,
        "master": 0.0003856980453153321,
        "niu": 0.00039650424055046003,
        "prol": 0.00037489185008020433,
        "prol2": 0.00043224780940511365,
        "putien": 0.00038486679952801463,
        "zaiton": 0.0003449670017367734
    },
    "sum": 0.0036799251004546885
}