{
    "workers": {
        "putien": 0.0002852427727079981,
        "zaiton": 0.00022961451413008977
    },
    "sum": 0.0005148572868380879
}