{
    "workers": {
        "lsy": 0.0005149767611985101,
        "lsy_2": 0.0008010749618643493,
        "lsy_3": 0.000858294601997517,
        "master": 0.0007082863562429961,
        "niu": 0.0008026214386247051,
        "prol": 0.0007237511238465549,
        "prol2": 0.0007856101942607904,
        "putien": 0.0008242721132696875,
        "yyl": 0.0006758103442755224,
        "zaiton": 0.0007887031477815022
    },
    "sum": 0.007483401043362136
}