{
    "workers": {
        "1070": 0.00027837883486419375,
        "banzhang": 0.0006448522377233855,
        "lsy": 0.00038644150493805795,
        "lsy_2": 0.0006342808895639857,
        "lsy_3": 0.0007000581670002509,
        "master": 0.0004169809551763239,
        "niu": 0.0006037414393257198,
        "prol": 0.0006166619759649861,
        "prol2": 0.0005919954969263868,
        "putien": 1.0571348159399762e-05,
        "yyl": 0.00048040904413272254,
        "zaiton": 0.0005825987430069202
    },
    "sum": 0.005946970636782333
}