{
    "workers": {
        "1070": 0.00017754574109108036,
        "lsy_2": 0.0003472794695741532,
        "putien": 0.0002741306242446281,
        "zaiton": 0.0003394674569661456
    },
    "sum": 0.0011384232918760073
}