{
    "workers": {
        "1070": 0.00017837924949299183,
        "lsy": 0.00017589023670936866,
        "lsy_2": 0.0003916046779567077,
        "lsy_3": 0.00044138493362917046,
        "master": 0.00029868153403477703,
        "prol": 0.0004198134895044366,
        "prol2": 3.9824204537970264e-05,
        "putien": 0.0002099067447522183,
        "zaiton": 0.00038081895589434073
    },
    "sum": 0.0025363040265119815
}