{
    "workers": {
        "lee": 0.0006057057128066743,
        "lsy": 0.000432226892148452,
        "lsy_2": 0.000686564485147371,
        "lsy_3": 0.0007688934169851714,
        "master": 0.0006174669887835029,
        "niu": 0.0006718628901763353,
        "prol": 0.0007497813435228249,
        "putien": 0.0007512515030199285,
        "yyl": 0.0006262879457661244,
        "zaiton": 0.0006968556016270961
    },
    "sum": 0.006606896779983479
}