{
    "workers": {
        "lsy": 0.00025232900174102446,
        "lsy_2": 0.00043903397738822935,
        "lsy_3": 0.00042332118240801897,
        "master": 0.0004501253620801425,
        "prol": 0.0004464282338495048,
        "prol2": 0.00042886687475397555,
        "putien": 0.0004260940285809973,
        "zaiton": 0.0003946684386205767
    },
    "sum": 0.0032608670994224696
}