{
    "workers": {
        "lee": 0.0007797684905186075,
        "lsy_2": 0.0008176053582019999,
        "lsy_3": 0.000870247956718024,
        "master": 0.0008126701145911225,
        "niu": 0.0008241856830165029,
        "prol": 0.0008126701145911225,
        "prol2": 0.0008143151957947483,
        "putien": 0.0007254808107989576,
        "yyl": 0.000702449673948197,
        "zaiton": 0.0008406364950527604
    },
    "sum": 0.008000029893232041
}