{
    "workers": {
        "lsy": 0.00028011369788550543,
        "lsy_2": 0.00048399973372347985,
        "lsy_3": 0.0004858365448571553,
        "niu": 0.00040409844940859804,
        "prol": 0.0004527739444509973,
        "prol2": 0.0004481819166168087,
        "putien": 0.00039399598817338303,
        "zaiton": 0.00039583279930705846
    },
    "sum": 0.003344833074422986
}