{
    "workers": {
        "lee": 0.0003968665069494047,
        "lsy": 0.0004509846669879599,
        "lsy_2": 0.000842931341206587,
        "lsy_3": 0.0008478511739373647,
        "master": 0.0007625740732705505,
        "prol": 0.0008511310624245498,
        "putien": 0.0007133757459627729,
        "yyl": 0.0007002561920140323
    },
    "sum": 0.005565970762753222
}