{
    "workers": {
        "lee": 0.0006389094437530774,
        "lsy": 0.00036349605246534304,
        "lsy_2": 0.0006165786282432611,
        "lsy_3": 0.0006934958816659616,
        "master": 0.0006240222334131999,
        "prol": 0.0006091350230733223,
        "prol2": 0.0006575184566779243,
        "putien": 0.0005582703877454074,
        "yyl": 0.0005520673834371251,
        "zaiton": 0.0006140974265199482
    },
    "sum": 0.00592759091699457
}