{
    "workers": {
        "1070": 0.0001635500123421512,
        "lsy": 0.00012104141882590925,
        "lsy_2": 0.0003789749184668349,
        "lsy_3": 0.00038906170336899397,
        "master": 0.00038257734164617743,
        "prol": 0.00037177007210814985,
        "putien": 0.0003271000246843024,
        "zaiton": 0.0003566398947549112
    },
    "sum": 0.00249071538619743
}