{
    "workers": {
        "putien": 0.00031842913609994784,
        "zaiton": 0.0003082448353718045
    },
    "sum": 0.0006266739714717523
}