{
    "workers": {
        "putien": 5.612340128709822e-05,
        "zaiton": 0.00026292593429064497
    },
    "sum": 0.0003190493355777432
}