{
    "workers": {
        "putien": 0.0003894186188791289,
        "zaiton": 0.0003408424917840193
    },
    "sum": 0.0007302611106631482
}