{
    "workers": {
        "lsy": 0.00029669482903195947,
        "lsy_2": 0.0005298121946999276,
        "lsy_3": 0.0005066931171130217,
        "putien": 0.0004450422435479391,
        "zaiton": 0.0004228864608604876
    },
    "sum": 0.0022011288452533353
}