{
    "workers": {
        "putien": 0.00044829289584782136
    },
    "sum": 0.00044829289584782136
}