{
    "workers": {
        "1070": 0.0001995977219842294,
        "lsy": 0.00026437943876858453,
        "lsy_2": 0.00020835200803616928,
        "lsy_3": 0.0004517211602800981,
        "prol2": 0.00043508801678141234,
        "putien": 0.00046135087493723195,
        "zaiton": 0.0004762331612255298
    },
    "sum": 0.002496722382013255
}