{
    "workers": {
        "lsy": 0.00036480907141211224,
        "lsy_3": 0.0006250622718899119,
        "prol2": 0.0006034692115882604,
        "putien": 0.00046254608119853486,
        "zaiton": 0.00041822348373725014
    },
    "sum": 0.0024741101198260695
}