{
    "workers": {
        "1070": 0.000337447995139575,
        "banzhang": 0.0010782820994115155,
        "lsy": 0.000487424881868275,
        "lsy_2": 0.0007110973077653879,
        "master": 0.0007279050623125698,
        "niu": 0.0005934430259351147,
        "prol": 0.0007460057210556888,
        "prot": 0.0012062796148092853,
        "putien": 0.0007110973077653879
    },
    "sum": 0.0065989830160628
}