{
    "workers": {
        "lee": 0.000751642553389601,
        "lsy": 0.0003514359266802523,
        "lsy_2": 0.0006885275298225353,
        "lsy_3": 0.0007832000651731338,
        "master": 0.0007674213092813675,
        "prol": 0.000778896768111743,
        "prol2": 0.0007473392563282101,
        "putien": 0.0007129128798370833,
        "yyl": 0.0005924205621181397,
        "zaiton": 0.0006784865033459567
    },
    "sum": 0.006852283354088023
}