{
    "workers": {
        "putien": 0.0003933718756977647,
        "zaiton": 0.00034381321419253453
    },
    "sum": 0.0007371850898902992
}