{
    "workers": {
        "putien": 0.00033552488057758624,
        "zaiton": 0.0002959738141047863
    },
    "sum": 0.0006314986946823725
}