{
    "workers": {
        "lsy": 0.0003236883533012805,
        "lsy_2": 0.0005250067193789062,
        "lsy_3": 0.0005338884119999778,
        "master": 0.00041743955319037087,
        "prol": 0.00047566398259517436,
        "prol2": 0.0005003353509870402,
        "zaiton": 0.0004519794689389831
    },
    "sum": 0.003228001840391733
}