{
    "workers": {
        "zaiton": 0.0002576946924489967
    },
    "sum": 0.0002576946924489967
}