{
    "workers": {
        "putien": 0.00029166724772418834,
        "zaiton": 0.0002676693096202994
    },
    "sum": 0.0005593365573444877
}