{
    "workers": {
        "1070": 0.00042441682641779417,
        "banzhang": 0.001176453659193184,
        "lsy": 0.0005331271012546327,
        "lsy_2": 0.000810114924811509,
        "master": 0.0008205391977410688,
        "niu": 0.0006984262862805105,
        "prol": 0.0005822701022082721,
        "prot": 0.001328350207595342,
        "putien": 0.0008503228346826684
    },
    "sum": 0.007224021140184981
}