{
    "workers": {
        "lee": 0.0006017439359233211,
        "lsy": 0.00043195162894721476,
        "lsy_2": 0.0007199193815786912,
        "lsy_3": 0.0007239943969461178,
        "master": 0.0006669441818021461,
        "niu": 0.0006438524280533956,
        "prol": 0.0006778108894486169,
        "prol2": 0.0006669441818021461,
        "putien": 0.0007009026431973673,
        "yyl": 0.000668302520257955
    },
    "sum": 0.006502366187956972
}