{
    "workers": {
        "1070": 0.00014411163674965538,
        "lee": 0.00035174167263541485,
        "lsy_2": 0.00035583963387000216,
        "lsy_3": 0.00023085181621508778,
        "putien": 0.0003257879181496949,
        "zaiton": 0.0002909552476557024
    },
    "sum": 0.0016992879252755574
}