{
    "workers": {
        "1070": 0.00017821633938457966,
        "lsy": 0.0002613268438091192,
        "lsy_2": 0.0004472544671093778,
        "lsy_3": 0.0002827470769082273,
        "master": 0.00040184357293926855,
        "niu": 0.0002510451319215473,
        "prol": 0.0004352591365738772,
        "prol2": 0.00041640933144666207,
        "putien": 0.0003495782041774447
    },
    "sum": 0.0030236801042701038
}