{
    "workers": {
        "lee": 0.0009025676584273201,
        "lsy_2": 0.0009168657599469609,
        "lsy_3": 0.0009454619629862422,
        "master": 0.0009669091152657033,
        "niu": 3.574525379910179e-05,
        "prol": 0.0009740581660255237,
        "prol2": 0.0008846950315277692,
        "putien": 0.0008060554731697452,
        "zaiton": 0.0008721841926980835
    },
    "sum": 0.007304542613846451
}