{
    "workers": {
        "lee": 0.0006390863583430893,
        "lsy_2": 0.0006865686781396642,
        "lsy_3": 0.0006711690068542885,
        "master": 0.0006249699929981616,
        "niu": 0.0006621858652711527,
        "prol": 0.0006634691712116006,
        "putien": 0.0006198367692363697,
        "zaiton": 0.0006339531345812974
    },
    "sum": 0.0052012389766356235
}