{
    "workers": {
        "1070": 0.00017196288394960216,
        "lee": 0.0007639413074575246,
        "lsy": 0.00043675528932332586,
        "lsy_2": 0.0007243746261947844,
        "lsy_3": 0.0008917721238448395,
        "master": 0.0008111169658861766,
        "prol": 0.000742636171392972,
        "prol2": 0.0007867682389552594,
        "yyl": 0.0006391540819365743,
        "zaiton": 0.0008430746699830052
    },
    "sum": 0.006811556358924064
}