{
    "workers": {
        "zaiton": 0.00026326676103955273
    },
    "sum": 0.00026326676103955273
}