{
    "workers": {
        "putien": 0.00034682827704917617,
        "zaiton": 0.0003108558725802792
    },
    "sum": 0.0006576841496294554
}