{
    "workers": {
        "1070": 0.0001953205655805096,
        "lsy": 0.00014835417004015807,
        "lsy_2": 0.0003019268284736885,
        "lsy_3": 0.0003764766626647228,
        "master": 0.0003697671775875297,
        "prol": 0.0003466567289883091,
        "prol2": 0.00030267232681559887,
        "putien": 0.0003369652505434746,
        "zaiton": 0.00035336621406550217
    },
    "sum": 0.0027315059247594938
}