{
    "workers": {
        "lee": 0.0005880587968253086,
        "lsy": 0.00033184124043501097,
        "lsy_2": 0.0005632271393777907,
        "lsy_3": 0.0005846726617188289,
        "master": 0.0005677419861864303,
        "niu": 0.0006275637064009051,
        "prol": 0.0005880587968253086,
        "prol2": 0.0005756429681015497,
        "putien": 0.0004740589149071585,
        "yyl": 0.00048647474363091745,
        "zaiton": 0.000514692536184915
    },
    "sum": 0.005902033490594124
}