{
    "workers": {
        "lee": 0.0006688647621583805,
        "lsy": 0.00042216316349246894,
        "lsy_2": 0.0006754610615879504,
        "lsy_3": 0.0006675455022724665,
        "master": 0.0005778358300303169,
        "niu": 0.0007348277564540788,
        "prol": 0.0006992077395344018,
        "prol2": 0.000687334400561176,
        "putien": 0.0004973609769895651,
        "yyl": 0.0006002632480908544
    },
    "sum": 0.006230864441171659
}