{
    "workers": {
        "1070": 0.00019295528692716727,
        "lsy": 0.0002572737159028897,
        "lsy_2": 0.00040134699680850793,
        "lsy_3": 0.0004785291115793748,
        "master": 0.00040992278733860426,
        "prol": 0.00042450163123976796,
        "prol2": 0.0004613775305191822,
        "putien": 0.0003799075204832671,
        "zaiton": 0.0003773347833242382
    },
    "sum": 0.0033831493641229998
}