{
    "workers": {
        "1070": 0.00019085453282846187,
        "lsy": 4.348584292294068e-05,
        "lsy_2": 0.000433247842454483,
        "lsy_3": 0.00040667316066824143,
        "master": 0.0004123102143804745,
        "prol": 0.0004195578548676313,
        "putien": 0.000314869714497589,
        "zaiton": 0.00039378846646885167
    },
    "sum": 0.0026147876290886734
}