{
    "workers": {
        "lsy": 0.0003118802638873102,
        "lsy_2": 0.0005185248559108041,
        "lsy_3": 0.0005146981042066653,
        "putien": 0.00045921020449665305,
        "zaiton": 0.00040085224100853674
    },
    "sum": 0.0022051656695099694
}