{
    "workers": {
        "putien": 0.00028466568397055025,
        "zaiton": 0.00025356775210822125
    },
    "sum": 0.0005382334360787716
}