{
    "workers": {
        "1070": 0.0001340288427372241,
        "lsy": 7.011694087641815e-05,
        "lsy_2": 0.00034624117707116227,
        "lsy_3": 6.01888784514386e-05,
        "putien": 0.0001451979129653261,
        "zaiton": 0.000289775322029091
    },
    "sum": 0.0010455490741306602
}