{
    "workers": {
        "putien": 0.0003395521635474356,
        "zaiton": 0.0003532205769105739
    },
    "sum": 0.0006927727404580095
}