{
    "workers": {
        "1070": 0.00017903506096477955,
        "lsy_2": 0.000406608516235566,
        "putien": 0.00013208808942290402,
        "zaiton": 0.0003747800609529385
    },
    "sum": 0.001092511727576188
}