{
    "workers": {
        "lee": 0.0006109157102001591,
        "lsy_2": 0.0005185393427303769,
        "lsy_3": 0.000559184944417081,
        "master": 0.00042369960546140056,
        "niu": 0.0005185393427303769,
        "prol": 0.0005751968481118433,
        "prol2": 0.0006072206555013677,
        "putien": 0.0005480997803207072,
        "zaiton": 0.0006527929967864601
    },
    "sum": 0.005014189226259773
}