{
    "workers": {
        "putien": 0.00030409724117161477,
        "zaiton": 0.0002826630743929987
    },
    "sum": 0.0005867603155646135
}