{
    "workers": {
        "putien": 0.00027294969815216675,
        "zaiton": 0.00024057529632634742
    },
    "sum": 0.0005135249944785142
}