{
    "workers": {
        "lee": 0.000756921864857563,
        "lsy": 0.000539244988689375,
        "lsy_2": 0.000514508980033899,
        "lsy_3": 0.00047328229894143915,
        "master": 0.0007816578735130389,
        "prol": 0.0008525677649920698,
        "putien": 0.00036609292810104355,
        "yyl": 0.0005573847283700573,
        "zaiton": 0.0005095617783028039
    },
    "sum": 0.005351223205801289
}