{
    "workers": {
        "lee": 0.0006860855858387313,
        "lsy": 0.00048541233148273867,
        "lsy_2": 0.0006711706817987587,
        "lsy_3": 0.0007321861983259187,
        "master": 0.0007471011023658911,
        "niu": 0.0004149055123846872,
        "prol": 0.0007796427111803764,
        "prol2": 0.0007321861983259187,
        "putien": 0.0005911725601298158,
        "yyl": 0.0006291377704133821,
        "zaiton": 0.000660323478860597
    },
    "sum": 0.007129324131106815
}