{
    "workers": {
        "lsy": 0.0004401957134390731,
        "lsy_2": 0.0007950022918297642,
        "master": 0.0006801686274543538,
        "prol": 0.0007596688566373302,
        "putien": 0.0007243354214448963,
        "zaiton": 0.0007567244037046274
    },
    "sum": 0.004156095314510045
}