{
    "workers": {
        "1070": 0.0001325567584706166,
        "lsy_2": 0.0003795309295158707,
        "putien": 0.0003620892507697369,
        "zaiton": 0.00030557821163226356
    },
    "sum": 0.0011797551503884877
}