{
    "workers": {
        "lee": 0.00037447844685959276,
        "lsy_2": 0.0008513783492705271,
        "lsy_3": 0.0008209719796537226,
        "master": 0.0008785840484013522,
        "niu": 0.0007745622576070209,
        "prol": 0.00029606201995309683,
        "prol2": 0.00026885632082227173,
        "putien": 0.0006881441544855765,
        "yyl": 0.0006865438192425867,
        "zaiton": 0.0009089904180181567
    },
    "sum": 0.006548571814313904
}