{
    "workers": {
        "1070": 0.00018675666657714588,
        "lsy_2": 0.00026726954061262654,
        "putien": 0.0004199949923912703,
        "zaiton": 0.00038098359981737756
    },
    "sum": 0.0012550047993984204
}