{
    "workers": {
        "lee": 0.0008223357184665118,
        "lsy": 0.0005052157060522047,
        "lsy_2": 0.0006513396333411502,
        "lsy_3": 0.0008347717973847199,
        "master": 0.000854980425626808,
        "niu": 0.0007290651265799509,
        "prol": 0.0007554917942811431,
        "prol2": 0.0007663733633345752,
        "putien": 0.0007803639521175593,
        "yyl": 0.0006933113996901026,
        "zaiton": 0.0007570463041459191
    },
    "sum": 0.008150295221020645
}