{
    "workers": {
        "1070": 0.00015528371626938122,
        "lee": 0.00034802622374409566,
        "lsy": 0.00011101423575398745,
        "lsy_2": 0.00037799325670836217,
        "lsy_3": 0.0003711825673983016,
        "master": 0.00033304270726196235,
        "putien": 0.00026016833164431414,
        "zaiton": 0.00032691308688290784
    },
    "sum": 0.0022836241256633124
}