{
    "workers": {
        "1070": 0.00016439703752634885,
        "lee": 0.00037953390144971906,
        "lsy_2": 0.00034570735051837155,
        "lsy_3": 0.0003741216533007034,
        "master": 0.00031796957875466656,
        "prol": 0.00024963994587334456,
        "prol2": 0.00023543279448217863,
        "putien": 0.00035382572274189486,
        "zaiton": 0.0003172930477360396
    },
    "sum": 0.002737921032383267
}