{
    "workers": {
        "lsy": 0.00037943637926747434,
        "lsy_2": 0.00057818876840758,
        "lsy_3": 0.0005849644180373562,
        "master": 0.0005149493718630009,
        "niu": 0.0005409226954438102,
        "prol": 0.0006120670165564616,
        "putien": 0.0005194664716161851,
        "zaiton": 0.0005635081942097313
    },
    "sum": 0.0042935033154015995
}