{
    "workers": {
        "lee": 0.0005094916682140543,
        "lsy": 0.0003136832068163011,
        "lsy_2": 0.0005007241251663938,
        "lsy_3": 0.0005387168117062563,
        "niu": 0.0004198678948379683,
        "prol": 0.00042571292353640866,
        "prol2": 0.00046857646732497153,
        "putien": 0.0004052553230918673,
        "yyl": 0.00029614812072097996,
        "zaiton": 0.0004880598963197729
    },
    "sum": 0.004366236437734974
}