{
    "workers": {
        "1070": 0.0001396505468919579,
        "lsy_2": 0.00038549369714967543,
        "lsy_3": 0.00022256805910905787,
        "putien": 0.00021311255332991493,
        "zaiton": 0.00035639983321385086
    },
    "sum": 0.001317224689694457
}