{
    "workers": {
        "putien": 0.00031925613895657164,
        "zaiton": 0.000299589436351444
    },
    "sum": 0.0006188455753080157
}