{
    "workers": {
        "1070": 0.0001681409658420405,
        "lsy_2": 0.00039005674508401283,
        "putien": 0.0003718793433713598,
        "zaiton": 0.00038324021944176795
    },
    "sum": 0.001313317273739181
}