{
    "workers": {
        "lee": 0.0007673104865981357,
        "lsy": 0.00042693566271521515,
        "lsy_2": 0.0007467706265362354,
        "lsy_3": 0.0007555734237056212,
        "master": 0.0007482377593977998,
        "prol": 0.000721829367889642,
        "prol2": 0.000721829367889642,
        "putien": 0.0006602097877039408,
        "yyl": 0.0006220643333032687,
        "zaiton": 0.0007232965007512064
    },
    "sum": 0.006894057316490707
}