{
    "workers": {
        "putien": 0.00032854054661077785,
        "zaiton": 0.00028756129563567006
    },
    "sum": 0.0006161018422464479
}