{
    "workers": {
        "1070": 0.00016222615114554802,
        "lsy_2": 0.0003492466922041711,
        "lsy_3": 0.00022031586465618094,
        "putien": 0.0003513719256252918,
        "zaiton": 0.0003584560370290275
    },
    "sum": 0.0014416166706602194
}