{
    "workers": {
        "1070": 0.00017129025265952418,
        "lee": 0.00039241039700181905,
        "lsy_2": 0.00039396758111690563,
        "lsy_3": 0.00023202043314790095,
        "prol": 0.0002257916966875546,
        "putien": 0.00037683855585095316,
        "zaiton": 0.00037372418762078005
    },
    "sum": 0.0021660431040854376
}