{
    "workers": {
        "lee": 0.0005467287413821065,
        "lsy": 0.0002989922804433395,
        "lsy_2": 0.0004641499210691842,
        "lsy_3": 0.0005097106495176931,
        "master": 0.00027905946174711685,
        "niu": 0.0004584548300131206,
        "prol": 0.00048313355792272957,
        "prol2": 0.0005068631039896613,
        "putien": 0.00046604828475453874,
        "yyl": 0.0004090973741939026,
        "zaiton": 0.00045086137527170243
    },
    "sum": 0.004873099580305095
}