{
    "workers": {
        "putien": 0.0002885968657582308,
        "zaiton": 0.0002811811004710814
    },
    "sum": 0.0005697779662293122
}