{
    "workers": {
        "1070": 0.0001907555520207062,
        "lee": 0.0004247917755082952,
        "lsy_2": 0.00040956339110328094,
        "lsy_3": 0.00043360820858488253,
        "master": 0.0002019764668454536,
        "putien": 0.00043360820858488253,
        "zaiton": 0.0003823125979574657
    },
    "sum": 0.0024766162006049667
}