{
    "workers": {
        "lee": 0.0007584476460192493,
        "lsy": 0.00047742919550215686,
        "lsy_2": 0.000806794906323265,
        "lsy_3": 0.0007826212761712572,
        "master": 0.0006315360877212076,
        "prol": 0.0007267197564447389,
        "putien": 0.0007101003857152334,
        "yyl": 0.00066930738483372,
        "zaiton": 0.0007221872007912373
    },
    "sum": 0.006285143839522065
}