{
    "workers": {
        "lee": 0.0006018559405943349,
        "lsy": 0.0003848680303231326,
        "lsy_2": 0.0005653106083381325,
        "lsy_3": 0.0006132763569243983,
        "master": 0.0006018559405943349,
        "niu": 0.0005653106083381325,
        "prol": 0.0006372592312175311,
        "prol2": 0.0006201286067224361,
        "putien": 0.0005755889830351894,
        "yyl": 0.0005059244434218033,
        "zaiton": 0.0005972877740623096
    },
    "sum": 0.0062686665235717354
}