{
    "workers": {
        "1070": 0.00016583949717987082,
        "lsy_2": 0.0003942201606690997,
        "putien": 0.00033238170409355465,
        "zaiton": 0.00032324647755398547
    },
    "sum": 0.0012156878394965105
}