{
    "workers": {
        "putien": 0.0003751923005576384,
        "zaiton": 0.0003426897660460539
    },
    "sum": 0.0007178820666036924
}