{
    "workers": {
        "putien": 0.0002933316103265311,
        "zaiton": 0.0002455799528315144
    },
    "sum": 0.0005389115631580455
}