{
    "workers": {
        "1070": 0.00019901082294183602,
        "lsy": 0.00029470538886705935,
        "lsy_2": 0.0004522203380891083,
        "master": 0.00036076004499243465,
        "prol2": 0.0004589951746147878,
        "putien": 0.0003633006086895645,
        "zaiton": 0.0004090307552379013
    },
    "sum": 0.002538023133432692
}