{
    "workers": {
        "1070": 0.00032436275367567604,
        "banzhang": 0.0010947242936554067,
        "niu": 0.0007853783341313823,
        "putien": 0.0006892708515608116
    },
    "sum": 0.0028937362330232765
}