{
    "workers": {
        "1070": 0.00020542867465654099,
        "lsy": 0.00025125507131069246,
        "lsy_2": 0.00041085734931308197,
        "lsy_3": 0.0004306101064915955,
        "master": 0.0003721419452431954,
        "niu": 0.00037135183495605483,
        "prol": 0.00036029029093608727,
        "prol2": 0.0004250793344816117,
        "putien": 0.0003705617246689143,
        "zaiton": 0.000355549629213244
    },
    "sum": 0.003553125961271019
}