{
    "workers": {
        "lee": 0.000625660874358269,
        "lsy": 0.0003860724839790113,
        "niu": 0.0006194539212396354,
        "prol": 0.0006157297493684554,
        "prol2": 0.000657937030575164,
        "putien": 0.0005673155150431131,
        "yyl": 0.0005102115463516837,
        "zaiton": 0.0005697982962905665
    },
    "sum": 0.004552179417205898
}