{
    "workers": {
        "1070": 0.0003893967609030583,
        "banzhang": 0.0007564143976162857,
        "lsy": 0.00043713889250803097,
        "lsy_2": 0.0007713338137428396,
        "lsy_3": 0.000916052150170413,
        "niu": 0.0007862532298693936,
        "prol": 0.0008250437117984339,
        "prol2": 0.0008190759453478122,
        "zaiton": 0.0007683499305175289
    },
    "sum": 0.006469058832473796
}