{
    "workers": {
        "lee": 0.0005408817111161149,
        "lsy": 0.00032993784378083013,
        "lsy_2": 0.0005895610651165653,
        "lsy_3": 0.000583070484583172,
        "master": 0.0004900388302712001,
        "prol": 0.0005408817111161149,
        "prol2": 0.0005462905282272761,
        "putien": 0.0005430452379605793,
        "zaiton": 0.0004748941423599489
    },
    "sum": 0.0046386015545318016
}