{
    "workers": {
        "putien": 0.0003580102860702459,
        "zaiton": 0.000339541501471384
    },
    "sum": 0.0006975517875416299
}