{
    "workers": {
        "lee": 0.0005529661807812939,
        "lsy": 0.0003151094044893403,
        "lsy_2": 0.0005285706139821192,
        "lsy_3": 0.0005560156266311907,
        "niu": 0.0004340377926353171,
        "prol": 0.0005194222764324287,
        "prol2": 0.0004665652150342167,
        "putien": 0.00045436743163462936,
        "zaiton": 0.0004665652150342167
    },
    "sum": 0.004293619756654752
}