{
    "workers": {
        "1070": 0.00028912512450682693,
        "lee": 0.000635835336052358,
        "lsy": 0.00035990679399190077,
        "lsy_2": 0.0006010443459664743,
        "lsy_3": 0.0006670272581983227,
        "master": 0.000657429743691872,
        "niu": 0.000603443724593087,
        "prol": 0.0006946201124043684,
        "prol2": 0.0005734514917604286,
        "putien": 0.00035030927948545007,
        "yyl": 0.0005446589482410765,
        "zaiton": 0.000563853977253978
    },
    "sum": 0.006540706136146144
}