{
    "workers": {
        "putien": 0.0002958204350651123,
        "zaiton": 0.00025471696408764413
    },
    "sum": 0.0005505373991527565
}