{
    "workers": {
        "lsy_2": 5.4549683561584454e-05,
        "putien": 0.0004091226267118834,
        "zaiton": 0.00033487444630861564
    },
    "sum": 0.0007985467565820835
}