{
    "workers": {
        "putien": 0.0002901204397648745,
        "zaiton": 0.0002521133952541923
    },
    "sum": 0.0005422338350190668
}