{
    "workers": {
        "zaiton": 0.0002516105295583339
    },
    "sum": 0.0002516105295583339
}