{
    "workers": {
        "putien": 0.00035643444808105385,
        "zaiton": 0.0003437549617856804
    },
    "sum": 0.0007001894098667342
}