{
    "workers": {
        "lee": 0.0010550847501144657,
        "lsy_2": 0.001118771958370872,
        "lsy_3": 0.0012631296304187265,
        "master": 0.0011124032375452314,
        "prol": 0.0011145261444871115,
        "prol2": 0.0010253640529281427,
        "putien": 0.001008380797393101,
        "zaiton": 0.0010826825403589084
    },
    "sum": 0.00878034311161656
}