{
    "workers": {
        "putien": 0.0003714133858155927,
        "zaiton": 0.0002838610591408305
    },
    "sum": 0.0006552744449564232
}