{
    "workers": {
        "1070": 0.00010310235552169144,
        "lee": 0.0004009536048065778,
        "lsy_2": 0.00034582248414567334,
        "lsy_3": 0.000408829479186707,
        "prol": 0.00019832883666325365,
        "putien": 0.00036372219864596705,
        "zaiton": 0.0003350826554454972
    },
    "sum": 0.0021558416144153675
}