{
    "workers": {
        "lsy": 0.0003860086353383696,
        "lsy_2": 0.0005528156910524573,
        "master": 0.0004768970951825841,
        "prol": 0.0005603006230396279,
        "putien": 0.0004897284071605908,
        "zaiton": 0.0004982826151459286
    },
    "sum": 0.0029640330669195585
}