{
    "workers": {
        "putien": 0.00039499727768995964,
        "zaiton": 0.00032364767631952
    },
    "sum": 0.0007186449540094796
}