{
    "workers": {
        "lsy": 0.00037340907052732167,
        "lsy_2": 0.0005655728027285164,
        "lsy_3": 0.0005120726727406838,
        "master": 0.0004967869213155887,
        "prol": 0.000552470730078435,
        "putien": 0.0004902358849905481,
        "zaiton": 0.0005044297970281362
    },
    "sum": 0.00349497787940923
}