{
    "workers": {
        "lee": 0.000562970366569975,
        "lsy": 0.0003016323845426042,
        "lsy_2": 0.0005917520826522846,
        "lsy_3": 0.0006285926792376408,
        "master": 0.0004984993225456016,
        "niu": 0.0005123145462651101,
        "prol": 0.000632046485167518,
        "putien": 0.0005433987996340045,
        "zaiton": 0.0005698779784297293
    },
    "sum": 0.004841084645044468
}