{
    "workers": {
        "putien": 0.0002978746993991004,
        "zaiton": 0.0002661339527418192
    },
    "sum": 0.0005640086521409196
}