{
    "workers": {
        "lee": 0.0006338279476942803,
        "lsy": 0.00045783814175829013,
        "lsy_2": 0.0006933733707553295,
        "lsy_3": 0.0007343935510862747,
        "master": 0.00073968647758059,
        "niu": 0.0005875148408690197,
        "prol": 0.0007211612348504858,
        "prol2": 0.0006602925801658577,
        "putien": 0.0006205956314584914,
        "yyl": 0.0005716360613860732,
        "zaiton": 0.0006497067271772266
    },
    "sum": 0.007070026564781919
}