{
    "workers": {
        "lee": 0.0005758839912254418,
        "lsy": 0.0003497226536752204,
        "lsy_2": 0.0005758839912254418,
        "lsy_3": 0.0006001549640357095,
        "master": 0.0003806129827064702,
        "niu": 0.00040047105136941643,
        "prol": 0.0005714710870781204,
        "putien": 0.00048541945620535323,
        "zaiton": 0.0005019678467578085
    },
    "sum": 0.004441588024278982
}