{
    "workers": {
        "1070": 0.00021779246869116337,
        "lsy": 0.0001170742124189653,
        "lsy_2": 0.0004407499761655164,
        "lsy_3": 0.00047862692724224046,
        "master": 0.0003675785934036631,
        "niu": 0.0004002905056971975,
        "prol": 0.00044505417515150773,
        "prol2": 0.00046657517008146464,
        "putien": 0.00041148142306077505,
        "zaiton": 0.0003908212679280165
    },
    "sum": 0.00373604471984051
}