{
    "workers": {
        "lsy": 0.00035244646548572307,
        "lsy_2": 0.0006644268553045668,
        "lsy_3": 0.0007296947192834046,
        "master": 0.0005221429118307009,
        "niu": 0.0005652197020567337,
        "prol": 0.0006526786397883761,
        "putien": 0.0005665250593363104,
        "zaiton": 0.0007048929309714461
    },
    "sum": 0.004758027284057262
}