{
    "workers": {
        "putien": 0.0002888792287303477,
        "zaiton": 0.00027217743178019907
    },
    "sum": 0.0005610566605105467
}