{
    "workers": {
        "lee": 0.0005932827855051116,
        "lsy_2": 0.0006401209001502519,
        "lsy_3": 0.0006749492418094588,
        "master": 0.0003542883030850362,
        "niu": 0.00047558701024296384,
        "prol": 0.0005608563984430912,
        "prol2": 0.0005560524892487178,
        "putien": 0.0005692632395332447,
        "zaiton": 0.000563258353040278
    },
    "sum": 0.004987658721058154
}