{
    "workers": {
        "putien": 0.0002849525736430498,
        "zaiton": 0.0002831679019918407
    },
    "sum": 0.0005681204756348905
}