{
    "workers": {
        "1070": 0.0001786009002263855,
        "lsy": 0.0002367304385076147,
        "lsy_2": 0.0004288106519586331,
        "lsy_3": 0.0004380776798005681,
        "master": 0.0001196289048686167,
        "prol": 0.00041617379581053974,
        "prol2": 0.0001566970162363571,
        "putien": 0.0003142364895492537,
        "zaiton": 0.00040269448258590683
    },
    "sum": 0.002691650359543876
}