{
    "workers": {
        "1070": 0.00032344989859679215,
        "banzhang": 0.0006468997971935843,
        "lsy": 0.0003815388599774405,
        "lsy_2": 0.0007102695732452007,
        "lsy_3": 0.0007353534429322988,
        "master": 0.0006799048888871345,
        "niu": 0.0007076291659097166,
        "prol": 0.0006733038705484245,
        "prol2": 0.0006561412228677782,
        "yyl": 0.000605973483493582,
        "zaiton": 0.0007102695732452007
    },
    "sum": 0.006830733776897153
}