{
    "workers": {
        "1070": 0.00017079907212050853,
        "lsy_2": 0.00034662164636220847,
        "putien": 0.00035666865060459134,
        "zaiton": 0.00035308043480374035
    },
    "sum": 0.0012271698038910487
}