{
    "workers": {
        "putien": 0.00028558129316909526,
        "zaiton": 0.0002569036737713619
    },
    "sum": 0.0005424849669404572
}