{
    "workers": {
        "1070": 0.00018601270299975413,
        "lsy": 0.0002463974237496743,
        "lsy_2": 0.00039007141449948435,
        "lsy_3": 0.00040395295949946606,
        "master": 0.00031719330324958073,
        "prol2": 0.00034079192974954955,
        "putien": 0.0002894302132496174,
        "zaiton": 0.00029220652224961377
    },
    "sum": 0.0024660564692467403
}