{
    "workers": {
        "lee": 0.0008786839480216416,
        "lsy": 0.0004755230777528884,
        "lsy_2": 0.0009114192323597028,
        "lsy_3": 0.0009820585301418348,
        "master": 0.000897635954743677,
        "niu": 0.0004031608702687532,
        "prol": 0.0009338170584857445,
        "prol2": 0.0008821297674256479,
        "yyl": 0.0007425740815633873,
        "zaiton": 0.0008390570248755676
    },
    "sum": 0.007946059545638845
}