{
    "workers": {
        "putien": 0.00022428868909324276,
        "zaiton": 0.00021080439916779732
    },
    "sum": 0.0004350930882610401
}