{
    "workers": {
        "lsy": 0.00014786910591936127,
        "lsy_2": 0.00041074751644267025,
        "lsy_3": 0.0005065886036126267,
        "putien": 0.0003934048435262019,
        "zaiton": 0.0004052708828901013
    },
    "sum": 0.0018638809523909617
}