{
    "workers": {
        "1070": 0.00015441986019082847,
        "lsy_2": 0.0003931365522732686,
        "putien": 0.0003991044695753295,
        "zaiton": 0.00033271138958990094
    },
    "sum": 0.0012793722716293275
}