{
    "workers": {
        "lee": 0.0005614758585033257,
        "lsy": 0.0003217445930749395,
        "lsy_2": 0.0005236235534356858,
        "lsy_3": 0.0005351895355396869,
        "master": 0.0004899770600422281,
        "niu": 0.0005583214997476891,
        "prol": 0.0005393953472138691,
        "prol2": 0.0005341380826211412,
        "putien": 0.0004815654366938636,
        "yyl": 0.0004731538133454992,
        "zaiton": 0.0005173148359244125
    },
    "sum": 0.0055358996161423415
}