{
    "workers": {
        "1070": 0.00020219899606171217,
        "lsy_2": 0.0003868846932519375,
        "lsy_3": 0.00018388963815061226,
        "putien": 0.0001512512175264776,
        "zaiton": 0.00036300292206354625
    },
    "sum": 0.0012872274670542858
}