{
    "workers": {
        "lsy": 0.00037262421277735195,
        "lsy_2": 0.0005630504666257148,
        "lsy_3": 0.0006312277673862397,
        "master": 0.0005007505193790281,
        "prol": 0.0005865598806810682,
        "putien": 0.0005360146404620582,
        "zaiton": 0.0005759806443561592
    },
    "sum": 0.0037662081316676196
}