{
    "workers": {
        "1070": 0.00021533348061530098,
        "lsy": 0.00025929739957425825,
        "lsy_2": 0.0004477141951126467,
        "lsy_3": 0.0004800142172049418,
        "master": 0.00042079751003573407,
        "prol": 0.0004665558746664855,
        "prol2": 0.0004557892006357205,
        "putien": 0.0003732446997331884,
        "zaiton": 0.0004252836242152195
    },
    "sum": 0.003544030201793495
}