{
    "workers": {
        "putien": 0.0002898595231475609,
        "zaiton": 0.00029439871031094556
    },
    "sum": 0.0005842582334585065
}