{
    "workers": {
        "lee": 0.0005168803451747492,
        "lsy": 0.0003409631340062877,
        "lsy_2": 0.0005326931282011278,
        "lsy_3": 0.0005040324589658165,
        "niu": 0.0003567759170326662,
        "prol": 0.0005623420963755875,
        "prol2": 0.0004951377685134785,
        "putien": 0.00045857070776497824,
        "zaiton": 0.0004526409141300862
    },
    "sum": 0.0042200364701647786
}