{
    "workers": {
        "lee": 0.0008081165220889945,
        "lsy": 0.0005381784401306959,
        "lsy_2": 0.0008963981589558595,
        "lsy_3": 0.0009558184914624031,
        "master": 0.0008997936065276619,
        "prol": 0.0009286549108879832,
        "prol2": 0.0008352801026634144,
        "putien": 0.000859048235666032,
        "yyl": 0.0007622779798696607,
        "zaiton": 0.0008624436832378345
    },
    "sum": 0.00834601013149054
}