{
    "workers": {
        "zaiton": 0.00046554109241318673
    },
    "sum": 0.00046554109241318673
}