{
    "workers": {
        "putien": 0.00029840114204945055,
        "zaiton": 0.00024268308648005106
    },
    "sum": 0.0005410842285295016
}