{
    "workers": {
        "zaiton": 0.00012231101303461652
    },
    "sum": 0.00012231101303461652
}