{
    "workers": {
        "1070": 0.0004228158702191807,
        "banzhang": 0.0008488593425011031,
        "lsy": 0.0005390095444778867,
        "master": 0.0008569283476579577,
        "niu": 0.0008230385259991685,
        "prol": 0.0008682249548775541,
        "prol2": 0.0008472455414697322,
        "putien": 0.0007568726837129608,
        "yyl": 0.0006761826321444148,
        "zaiton": 0.0007826935002148954
    },
    "sum": 0.007421870943274854
}