{
    "workers": {
        "1070": 0.00041183052967505075,
        "banzhang": 0.001046668105063469,
        "lsy": 0.000449269668736419,
        "lsy_2": 0.0008301722139694699,
        "lsy_3": 0.0008562168324469434,
        "master": 0.0008513334664824171,
        "niu": 0.0008871448168889432,
        "prol": 0.0007927330749081015,
        "prol2": 0.0008301722139694699,
        "prot": 0.0013429256402447307,
        "putien": 0.0007308771060241018,
        "yyl": 0.0005485647766817869,
        "zaiton": 0.000848077889172733
    },
    "sum": 0.010425986334263636
}