{
    "workers": {
        "1070": 0.0003076145241320123,
        "banzhang": 0.0006728189820056342,
        "lsy": 0.00046633800005400954,
        "lsy_2": 0.0007486691386409249,
        "lsy_3": 0.0007683339940648892,
        "master": 0.0007739525241860218,
        "niu": 0.0007009116326112975,
        "prol": 0.0007599061988831902,
        "prol2": 0.0006995070000810142,
        "putien": 0.00043122218679693045,
        "yyl": 0.0006320846386274225,
        "zaiton": 0.0007121486928535627
    },
    "sum": 0.00767350751293691
}