{
    "workers": {
        "1070": 0.0006700549063425603,
        "banzhang": 0.0016972986148988587,
        "lsy": 0.0007534858674435793,
        "lsy_2": 0.001207141718430371,
        "master": 0.0012306066762400327,
        "niu": 0.0012983943321346106,
        "prol": 0.001327073725013086,
        "putien": 0.0012827510269281697
    },
    "sum": 0.009466806867431269
}