{
    "workers": {
        "lsy": 0.00029237127123080733,
        "lsy_2": 0.0005040522633047252,
        "lsy_3": 0.0005679757312082351,
        "zaiton": 0.00046947071509462977
    },
    "sum": 0.0018338699808383974
}