{
    "workers": {
        "putien": 0.0002819421135490061,
        "zaiton": 0.00026929086486411483
    },
    "sum": 0.0005512329784131209
}