{
    "workers": {
        "putien": 0.00034718694375965303,
        "zaiton": 0.00033770494739646925
    },
    "sum": 0.0006848918911561223
}