{
    "workers": {
        "lsy_2": 0.0005248054353725147,
        "lsy_3": 0.0005412376994937675,
        "putien": 0.0004231308011222623,
        "zaiton": 0.0004303199166753104
    },
    "sum": 0.0019194938526638549
}