{
    "workers": {
        "lee": 0.0005612789001476044,
        "lsy": 0.000331858817387652,
        "lsy_2": 0.0005260655851193326,
        "lsy_3": 0.0006103641271567104,
        "master": 0.0005666142509094637,
        "niu": 0.0005634130404523481,
        "prol": 0.0005666142509094637,
        "prol2": 0.0005666142509094637,
        "putien": 0.0005015229716147795,
        "zaiton": 0.0005089924626813826
    },
    "sum": 0.005303338657288201
}