{
    "workers": {
        "1070": 0.0005774511527927189,
        "banzhang": 0.0015391028733797967,
        "lsy": 0.0007108860805296818,
        "lsy_2": 0.0007568981245769104,
        "master": 0.0012285215760610036,
        "prol": 0.0012216197694539192
    },
    "sum": 0.006034479576794031
}