{
    "workers": {
        "1070": 0.00015872461959368358,
        "lee": 0.00040339281369906904,
        "lsy_2": 0.000411909744506535,
        "lsy_3": 0.00025473365778693613,
        "master": 0.0003941016164545607,
        "putien": 0.00029189844676496933,
        "zaiton": 0.0003840361527730101
    },
    "sum": 0.002298797051578764
}