{
    "workers": {
        "putien": 0.0003915906985772288,
        "zaiton": 0.0002537507726780443
    },
    "sum": 0.0006453414712552731
}