{
    "workers": {
        "lsy": 0.00025916813225537787,
        "lsy_2": 0.0003875021913143109,
        "lsy_3": 0.0003150017813264721,
        "niu": 0.00044250250233956795,
        "prol": 0.0003816688249934503,
        "prol2": 0.0003883355293601482,
        "putien": 0.00027333487903461075,
        "zaiton": 0.0003441686129307751
    },
    "sum": 0.002791682453554713
}