{
    "workers": {
        "1070": 0.0003901801605375066,
        "banzhang": 0.0007660854371529093,
        "lsy": 0.0005012070354872036,
        "master": 0.0008104961871327882,
        "niu": 0.0007787742228614462,
        "prol": 0.0008279432674820262,
        "prol2": 0.0007581549460850738,
        "putien": 0.0007311912764544331,
        "yyl": 0.0006994693121830911,
        "zaiton": 0.0007835325175021474
    },
    "sum": 0.007047034362878625
}