{
    "workers": {
        "lee": 0.0005554088352141395,
        "lsy": 0.0003210455694879419,
        "lsy_2": 0.0005511282276209669,
        "lsy_3": 0.0006046358225356239,
        "niu": 0.00039060544287699596,
        "prol": 0.0005414968605363286,
        "prol2": 0.000567180506095364,
        "putien": 0.000513672911180707,
        "zaiton": 0.00047728774663874027
    },
    "sum": 0.004522461922186808
}