{
    "workers": {
        "lee": 0.0007066456890916658,
        "lsy": 0.00043144087711276144,
        "lsy_2": 0.0007912138344393499,
        "lsy_3": 0.0007582465913377103,
        "master": 0.0007209792730489004,
        "niu": 0.0006020105262038532,
        "prol": 0.0007367462154018584,
        "prol2": 0.0007281460650275177,
        "putien": 0.00048734185454597643,
        "yyl": 0.0006435779196798335,
        "zaiton": 0.0007152458394660066
    },
    "sum": 0.007321594685355434
}