{
    "workers": {
        "putien": 0.0002855701664852288,
        "zaiton": 0.0002861977932247568
    },
    "sum": 0.0005717679597099856
}