{
    "workers": {
        "1070": 0.0007696441414024321,
        "banzhang": 0.0021426110207686355,
        "lsy": 0.0010631525004118343,
        "lsy_2": 0.0017773561740013794,
        "lsy_3": 0.0017871397859683595,
        "master": 0.0017349605221444657,
        "niu": 0.0016958260742765455,
        "prol": 0.0016501692184306385,
        "prol2": 0.001617557178540705,
        "prot": 0.002507865867535891,
        "putien": 0.0015686391187058044,
        "yyl": 0.0014218849392011036,
        "zaiton": 0.0016566916264086251
    },
    "sum": 0.02139349816779642
}