{
    "workers": {
        "1070": 0.0001810146867783267,
        "lsy_2": 0.0004124385268366938,
        "lsy_3": 0.00010387340675887101,
        "putien": 0.00030703756997842754,
        "zaiton": 0.00037959619969969775
    },
    "sum": 0.001383960390052017
}