{
    "workers": {
        "1070": 0.0004010010539013105,
        "banzhang": 0.0010404351668790758,
        "lsy_2": 0.0009284438815552865,
        "master": 0.0009736016578955241,
        "prol": 0.0009067681489119723,
        "prot": 0.001479368752906186,
        "putien": 0.0009284438815552865
    },
    "sum": 0.006658062543604642
}