{
    "workers": {
        "lee": 0.0004858737049643681,
        "lsy": 0.00028318954733790654,
        "lsy_2": 0.0005048161496023552,
        "lsy_3": 0.0005190229830808454,
        "niu": 0.0004858737049643681,
        "prol": 0.00048019097157297195,
        "prol2": 0.0005209172275446441,
        "putien": 0.00044798881568839397,
        "zaiton": 0.000431887737746105
    },
    "sum": 0.004159760842501958
}