{
    "workers": {
        "putien": 0.0003717313627719793,
        "zaiton": 0.0003482615618637688
    },
    "sum": 0.0007199929246357481
}