{
    "workers": {
        "putien": 0.00031047436109249606,
        "zaiton": 0.0002695859965736182
    },
    "sum": 0.0005800603576661143
}