{
    "workers": {
        "1070": 0.00018714835569120177,
        "lsy": 0.0002595666324586668,
        "lsy_2": 0.0004092853170116283,
        "lsy_3": 0.0004402054801258268,
        "master": 0.00033523966323815275,
        "prol": 0.0004182358905446858,
        "prol2": 0.00035476818731027817,
        "putien": 0.0002668898289857138,
        "zaiton": 0.00019935368323628017
    },
    "sum": 0.0028706930386024343
}