{
    "workers": {
        "putien": 0.0002903819729014037,
        "zaiton": 0.000247768266186313
    },
    "sum": 0.0005381502390877167
}