{
    "workers": {
        "putien": 0.00029717977370969485,
        "zaiton": 0.0002705574189815347
    },
    "sum": 0.0005677371926912295
}