{
    "workers": {
        "putien": 0.00032146520844173094,
        "zaiton": 0.00029775056191734095
    },
    "sum": 0.0006192157703590719
}