{
    "workers": {
        "1070": 0.00017932689474819895,
        "lsy": 0.0002195208539158987,
        "lsy_2": 0.00039884774866409765,
        "lsy_3": 0.00042744729653342256,
        "master": 0.00035401602497704796,
        "prol": 0.0002365259904868486,
        "prol2": 0.0004297661787930975,
        "putien": 0.00036792931853509784,
        "zaiton": 0.00035247010347059794
    },
    "sum": 0.0029658504101243077
}