{
    "workers": {
        "1070": 0.0001991819469687909,
        "lsy": 0.0002520261369809191,
        "lsy_2": 0.00042437949517432186,
        "lsy_3": 0.0004398262584086362,
        "master": 0.0003821041431646193,
        "prol": 0.0003316989157684355,
        "prol2": 0.00044551717117917303,
        "putien": 0.00037234829270084175,
        "zaiton": 0.0003772262179327305
    },
    "sum": 0.003224308578278468
}