{
    "workers": {
        "niu": 0.0005384252221592634
    },
    "sum": 0.0005384252221592634
}