{
    "workers": {
        "lee": 0.0007429109090593141,
        "lsy": 0.0002682733838269745,
        "lsy_2": 0.0006754986228668947,
        "lsy_3": 0.0007662988450852554,
        "master": 0.0006273469898723096,
        "prol": 0.0007374078652885042,
        "putien": 0.0007277775386895872,
        "yyl": 0.0006287227508150121,
        "zaiton": 0.0006617410134398705
    },
    "sum": 0.005835977918943723
}