{
    "workers": {
        "lee": 0.0006419004664812646,
        "lsy": 0.00029946674906833847,
        "lsy_2": 0.0006978877282636061,
        "lsy_3": 0.0007512709313583969,
        "master": 0.0006002355274804523,
        "prol": 0.00062627611435596,
        "putien": 0.00038409865641373845,
        "zaiton": 0.0005976314687929015
    },
    "sum": 0.004598767642214658
}