{
    "workers": {
        "1070": 0.00035806544247026114,
        "lee": 0.0006299299450865705,
        "lsy": 0.00040182899654995976,
        "lsy_2": 0.0006896075188316141,
        "lsy_3": 0.000766525280547448,
        "master": 0.0007426542510494306,
        "niu": 0.0006750196674717146,
        "prol": 0.000698890696969732,
        "prol2": 0.0006564533111954789,
        "yyl": 0.0005132271342073744,
        "zaiton": 0.0007333710729113126
    },
    "sum": 0.006865573317290896
}