{
    "workers": {
        "lee": 0.00019609525845883913,
        "lsy": 9.66127858748427e-05,
        "lsy_2": 0.0005404576635572884,
        "lsy_3": 0.0005433273502664421,
        "master": 0.00048019424266505974,
        "niu": 0.0004199308217728311,
        "prol": 0.0005098476719929817,
        "prol2": 0.0005308920411934425,
        "putien": 0.00045341050004629144,
        "zaiton": 0.00045341050004629144
    },
    "sum": 0.00422417883587431
}