{
    "workers": {
        "putien": 0.0003080299387700359,
        "zaiton": 0.0003027190777567595
    },
    "sum": 0.0006107490165267954
}