{
    "workers": {
        "1070": 0.00019388385134315087,
        "lsy": 0.0002230452436183402,
        "lsy_2": 0.0004043187631668146,
        "lsy_3": 0.00020649418313782732,
        "master": 0.000388555848423469,
        "prol": 0.00040116618021814553,
        "prol2": 0.00041220022053848736,
        "putien": 0.00035151299877660683,
        "zaiton": 0.00033969081271909766
    },
    "sum": 0.0029208681019419393
}