{
    "workers": {
        "1070": 0.00017381711859531488,
        "lsy": 0.00022588891361754,
        "lsy_2": 0.0003674361874103492,
        "lsy_3": 0.00038650473206637526,
        "master": 0.00034176699268108324,
        "prol": 0.0003762370541746689,
        "prol2": 0.00040924030454086795,
        "putien": 0.00027796070863976514,
        "zaiton": 0.0003608355373371094
    },
    "sum": 0.0029196875490630743
}