{
    "workers": {
        "1070": 0.00016194310244152922,
        "lsy_2": 0.00036931820647298974,
        "putien": 0.0003385416892669073,
        "zaiton": 0.00037957704554168395
    },
    "sum": 0.0012493800437231102
}