{
    "workers": {
        "lee": 0.0007437633662201683,
        "lsy": 0.0004135265867196614,
        "lsy_2": 0.0007817552081096072,
        "lsy_3": 0.0007700654106051645,
        "master": 0.0005903347739743577,
        "niu": 0.00048804904581048377,
        "prol": 0.0007656817365409984,
        "putien": 0.0006911592774501761,
        "yyl": 0.0006122531442951878,
        "zaiton": 0.0006707021318174013
    },
    "sum": 0.006527290681543206
}