{
    "workers": {
        "putien": 0.0003416354466943194,
        "zaiton": 0.00032581233126847725
    },
    "sum": 0.0006674477779627967
}