{
    "workers": {
        "1070": 0.0001630409994019682,
        "lsy_2": 0.00039258556434947604,
        "prol": 0.0002545727885399153,
        "putien": 0.00033466310403561895,
        "zaiton": 0.0003632667881412274
    },
    "sum": 0.0015081292444682056
}