{
    "workers": {
        "lee": 0.0005631802186526819,
        "lsy": 0.00031582263242091577,
        "lsy_2": 0.0005709101432224247,
        "lsy_3": 0.0006194982405179501,
        "master": 0.0005455118196361271,
        "niu": 0.0005179049461727604,
        "prol": 0.0005642844935912166,
        "prol2": 0.0005907870921160487,
        "putien": 0.00048035959826258165,
        "zaiton": 0.0005609716687756125
    },
    "sum": 0.0053292308533683195
}