{
    "workers": {
        "putien": 0.0002727246521969272,
        "zaiton": 0.00024076903638395387
    },
    "sum": 0.0005134936885808811
}