{
    "workers": {
        "putien": 0.00038075412831058397,
        "zaiton": 0.00035713592110334856
    },
    "sum": 0.0007378900494139325
}