{
    "workers": {
        "1070": 0.00016460836722437632,
        "lsy_2": 0.0003873550088301281,
        "prol2": 5.463596869575043e-05,
        "putien": 0.00037754855291037803,
        "zaiton": 0.0003131061282948775
    },
    "sum": 0.0012972540259555102
}