{
    "workers": {
        "lee": 0.0005524147267976547,
        "lsy": 0.000307560631676532,
        "lsy_2": 0.0005006569505931897,
        "lsy_3": 0.0005245451549952505,
        "master": 0.0005076243435437908,
        "prol": 0.0004757734043410431,
        "prol2": 0.0001940916607667435,
        "putien": 0.00046183861843984096,
        "zaiton": 0.0004439224651382954
    },
    "sum": 0.0039684279562923405
}