{
    "workers": {
        "putien": 0.00031247323699855193,
        "zaiton": 0.00028611232605834486
    },
    "sum": 0.0005985855630568968
}