{
    "workers": {
        "lee": 0.0005739845419230093,
        "lsy": 0.00041908076387265735,
        "lsy_2": 0.0006208159166824179,
        "lsy_3": 0.0006292215480494913,
        "master": 0.0005427636254167368,
        "niu": 0.0005739845419230093,
        "prol": 0.0006484344197456589,
        "prol2": 0.0005715829329609884,
        "putien": 0.0005211491447585482,
        "zaiton": 0.0006004022405052397
    },
    "sum": 0.005701419675837757
}