{
    "sum": 2.348258971936711,
    "coin": {
        "lsy": 0.12645737718677977,
        "lsy_2": 0.2699949586345197,
        "lsy_3": 0.2574515787517966,
        "master": 0.20335569599778647,
        "prol": 0.2216853962665857,
        "prol2": 0.17389479528842489,
        "putien": 0.2993936316573465,
        "zaiton": 0.30846779797508,
        "niu": 0.1430211511516291,
        "lee": 0.13578617888950265,
        "yyl": 0.10309474325592631,
        "1070": 0.04522587309075892,
        "banzhang": 0.037324812183372365,
        "prot": 0.02310498160720185
    },
    "portion": {
        "lsy": 0.05385154648530306,
        "lsy_2": 0.1149766537086168,
        "lsy_3": 0.10963508787936839,
        "master": 0.08659849634474949,
        "prol": 0.09440415172086072,
        "prol2": 0.07405264809656249,
        "putien": 0.12749600245769468,
        "zaiton": 0.1313602126773408,
        "niu": 0.06090518671953518,
        "lee": 0.0578241925240102,
        "yyl": 0.04390262934709437,
        "1070": 0.01925932089741328,
        "banzhang": 0.015894674577816677,
        "prot": 0.009839196563633768
    }
}