{
    "sum": 1.6590975476106506,
    "coin": {
        "1070": 0.017396340287388568,
        "banzhang": 0.03732481218337236,
        "lsy": 0.09184085810202212,
        "lsy_2": 0.17808230094183478,
        "lsy_3": 0.184146996721735,
        "master": 0.16543764349041734,
        "niu": 0.11730380894677157,
        "prol": 0.17945206210569756,
        "prol2": 0.12604746286937543,
        "prot": 0.02310498160720185,
        "putien": 0.15360424209544196,
        "yyl": 0.09975859609347941,
        "zaiton": 0.16559318090572286,
        "lee": 0.12000426126018977
    },
    "portion": {
        "1070": 0.01048542342337972,
        "banzhang": 0.0224970570519652,
        "lsy": 0.05535591215494637,
        "lsy_2": 0.10733684779312705,
        "lsy_3": 0.11099226623951938,
        "master": 0.09971544092068146,
        "niu": 0.0707033827611322,
        "prol": 0.10816245395825909,
        "prol2": 0.075973509243566,
        "prot": 0.013926234560756534,
        "putien": 0.09258300834490119,
        "yyl": 0.060128228287207555,
        "zaiton": 0.09980918912465508,
        "lee": 0.07233104613590317
    }
}