{
    "sum": 1.8962338923359434,
    "coin": {
        "1070": 0.019918023784596332,
        "banzhang": 0.03732481218337236,
        "lsy": 0.11415462091634002,
        "lsy_2": 0.211049177108672,
        "lsy_3": 0.2228065275100578,
        "master": 0.17725794013945342,
        "niu": 0.1338980067128626,
        "prol": 0.1995288036878292,
        "prol2": 0.14963992177369198,
        "prot": 0.02310498160720185,
        "putien": 0.18188436480395934,
        "yyl": 0.10309474325592632,
        "zaiton": 0.19639668801155447,
        "lee": 0.12617528084042598
    },
    "portion": {
        "1070": 0.0105039910240501,
        "banzhang": 0.019683654181179334,
        "lsy": 0.060200706979092425,
        "lsy_2": 0.11129912716024895,
        "lsy_3": 0.11749949645483113,
        "master": 0.09347894310711423,
        "niu": 0.07061260072085071,
        "prol": 0.10522373030788544,
        "prol2": 0.07891427443549841,
        "prot": 0.012184668621621965,
        "putien": 0.09591873952843369,
        "yyl": 0.054368157679602166,
        "zaiton": 0.10357197432518,
        "lee": 0.06653993547441157
    }
}