{
    "sum": 2.2586495778942095,
    "coin": {
        "lsy": 0.12645737718677977,
        "lsy_2": 0.2699949586345197,
        "lsy_3": 0.2574515787517966,
        "master": 0.20335569599778647,
        "prol": 0.2216031988102114,
        "prol2": 0.17389479528842489,
        "putien": 0.25172473847852583,
        "zaiton": 0.26660949456777394,
        "niu": 0.1430211511516291,
        "lee": 0.13578617888950265,
        "yyl": 0.10309474325592631,
        "1070": 0.04522587309075892,
        "banzhang": 0.037324812183372365,
        "prot": 0.02310498160720185
    },
    "portion": {
        "lsy": 0.055988046319552974,
        "lsy_2": 0.1195382237585709,
        "lsy_3": 0.11398473728351635,
        "master": 0.09003419476312904,
        "prol": 0.098113138478443,
        "prol2": 0.07699060402745209,
        "putien": 0.1114492221113886,
        "zaiton": 0.1180393351749323,
        "niu": 0.06332153183539475,
        "lee": 0.06011830264351994,
        "yyl": 0.04564441702906561,
        "1070": 0.020023412898305382,
        "banzhang": 0.016525278001809886,
        "prot": 0.010229555674919327
    }
}