{
    "sum": 0.6089549472826605,
    "coin": {
        "1070": 0.017396340287388568,
        "banzhang": 0.03732481218337236,
        "lsy": 0.03396179032809976,
        "lsy_2": 0.05706530794244915,
        "lsy_3": 0.0596767153076442,
        "master": 0.05661352780249542,
        "niu": 0.052412115047072785,
        "prol": 0.05707405885056944,
        "prol2": 0.056306077998596785,
        "prot": 0.02310498160720185,
        "putien": 0.041597821143622114,
        "yyl": 0.04475107015248165,
        "zaiton": 0.05245654640037851,
        "lee": 0.019213782231287946
    },
    "portion": {
        "1070": 0.02856753256544881,
        "banzhang": 0.06129322431803347,
        "lsy": 0.0557706123903705,
        "lsy_2": 0.0937102296271533,
        "lsy_3": 0.09799857210117036,
        "master": 0.09296833543289523,
        "niu": 0.08606895350953522,
        "prol": 0.09372459999750556,
        "prol2": 0.0924634543981478,
        "prot": 0.037942021343784466,
        "putien": 0.06831017849390018,
        "yyl": 0.07348831034573959,
        "zaiton": 0.08614191679442845,
        "lee": 0.03155205868188706
    }
}