{
    "sum": 2.1231926567596533,
    "coin": {
        "lsy": 0.12628488061016963,
        "lsy_2": 0.24259611512246257,
        "lsy_3": 0.25238664411876327,
        "master": 0.20335569599778647,
        "prol": 0.21865174681823446,
        "prol2": 0.17379757036672158,
        "putien": 0.20918999904457622,
        "zaiton": 0.2245116880162607,
        "niu": 0.1430211511516291,
        "lee": 0.1315681037836277,
        "yyl": 0.10309474325592631,
        "1070": 0.034304524682921125,
        "banzhang": 0.037324812183372365,
        "prot": 0.02310498160720185
    },
    "portion": {
        "lsy": 0.05947876666213675,
        "lsy_2": 0.11426005753651426,
        "lsy_3": 0.11887128721702883,
        "master": 0.09577825891134215,
        "prol": 0.10298252780882049,
        "prol2": 0.08185671225519671,
        "putien": 0.09852615040777087,
        "zaiton": 0.10574249458779829,
        "niu": 0.06736136294381466,
        "lee": 0.0619671057003478,
        "yyl": 0.04855647127814869,
        "1070": 0.016157047535797133,
        "banzhang": 0.017579569175948575,
        "prot": 0.010882187979334816
    }
}