{
    "sum": 0.34094881021882856,
    "coin": {
        "1070": 0.008319499115161532,
        "banzhang": 0.029099459736996746,
        "lsy": 0.018018850411400587,
        "lsy_2": 0.031497226761997975,
        "lsy_3": 0.03255885693377349,
        "master": 0.03040285686620503,
        "niu": 0.030396327027218548,
        "prol": 0.029498202588807722,
        "prol2": 0.03027813827403954,
        "prot": 0.02310498160720185,
        "putien": 0.025658819979191155,
        "yyl": 0.023839993496508786,
        "zaiton": 0.028275597420325562
    },
    "portion": {
        "1070": 0.024401021108775515,
        "banzhang": 0.08534847128024897,
        "lsy": 0.05284913708845526,
        "lsy_2": 0.09238110184863925,
        "lsy_3": 0.09549485423596725,
        "master": 0.0891713241254363,
        "niu": 0.08915217216247068,
        "prol": 0.08651798071937872,
        "prol2": 0.08880552554093489,
        "prot": 0.06776671721591448,
        "putien": 0.07525710373566856,
        "yyl": 0.06992250092090876,
        "zaiton": 0.08293209001720127
    }
}