{
    "sum": 2.352575109006274,
    "coin": {
        "lsy": 0.12645737718677977,
        "lsy_2": 0.2699949586345197,
        "lsy_3": 0.2574515787517966,
        "master": 0.20335569599778647,
        "prol": 0.2216853962665857,
        "prol2": 0.17389479528842489,
        "putien": 0.3016959597221668,
        "zaiton": 0.31048160697982297,
        "niu": 0.1430211511516291,
        "lee": 0.13578617888950265,
        "yyl": 0.10309474325592631,
        "1070": 0.04522587309075892,
        "banzhang": 0.037324812183372365,
        "prot": 0.02310498160720185
    },
    "portion": {
        "lsy": 0.05375274808556283,
        "lsy_2": 0.11476571251685366,
        "lsy_3": 0.1094339465576272,
        "master": 0.0864396189602141,
        "prol": 0.0942309537399745,
        "prol2": 0.07391678787330107,
        "putien": 0.1282407344051187,
        "zaiton": 0.13197521549523245,
        "niu": 0.06079344740327595,
        "lee": 0.05771810573429837,
        "yyl": 0.04382208366536423,
        "1070": 0.019223986905932324,
        "banzhang": 0.01586551351346157,
        "prot": 0.009821145143783051
    }
}