{
    "sum": 2.0890373615251194,
    "coin": {
        "lsy": 0.1260867627421448,
        "lsy_2": 0.2370275965925206,
        "lsy_3": 0.24707406940986945,
        "master": 0.19961390469398804,
        "prol": 0.21749681571146964,
        "prol2": 0.1735621375722394,
        "putien": 0.20415915807175666,
        "zaiton": 0.2193072397222716,
        "niu": 0.1430211511516291,
        "lee": 0.126306064551539,
        "yyl": 0.10309474325592631,
        "1070": 0.03185792425919064,
        "banzhang": 0.037324812183372365,
        "prot": 0.02310498160720185
    },
    "portion": {
        "lsy": 0.06035639432034576,
        "lsy_2": 0.11346259332550979,
        "lsy_3": 0.11827173317258957,
        "master": 0.09555305633608115,
        "prol": 0.10411341592889667,
        "prol2": 0.0830823520770011,
        "putien": 0.09772882085876557,
        "zaiton": 0.10498004667669729,
        "niu": 0.06846270621374398,
        "lee": 0.060461371767582074,
        "yyl": 0.04935035876077445,
        "1070": 0.015250050021093203,
        "banzhang": 0.01786699121365789,
        "prot": 0.01106010932726156
    }
}