{
    "sum": 0.1698349720369715,
    "coin": {
        "1070": 0.012434994600367393,
        "banzhang": 0.03493949892213543,
        "lsy": 0.008347457639954394,
        "lsy_2": 0.012993159412002884,
        "master": 0.011657389602931242,
        "niu": 0.024141120202337565,
        "prol": 0.01335934376573156,
        "prot": 0.02150822481082722,
        "putien": 0.025165738655664512,
        "syl": 0.005288044425019316
    },
    "portion": {
        "1070": 0.07321810373460896,
        "banzhang": 0.20572617349110772,
        "lsy": 0.04915040488914868,
        "lsy_2": 0.07650461654725856,
        "master": 0.06863951201048,
        "niu": 0.142144576660467,
        "prol": 0.07866073521549705,
        "prot": 0.1266419074520475,
        "putien": 0.14817760060740706,
        "syl": 0.03113636939197751
    }
}