{
    "sum": 2.244074352846382,
    "coin": {
        "lsy": 0.12644948485969393,
        "lsy_2": 0.2699949586345197,
        "lsy_3": 0.25715658243741574,
        "master": 0.20335569599778647,
        "prol": 0.2215752526686047,
        "prol2": 0.17389479528842489,
        "putien": 0.24402283005242562,
        "zaiton": 0.26006701272911953,
        "niu": 0.1430211511516291,
        "lee": 0.13578617888950265,
        "yyl": 0.10309474325592631,
        "1070": 0.04522587309075892,
        "banzhang": 0.037324812183372365,
        "prot": 0.02310498160720185
    },
    "portion": {
        "lsy": 0.05634817077219635,
        "lsy_2": 0.1203146225044007,
        "lsy_3": 0.1145936105509332,
        "master": 0.09061896533858171,
        "prol": 0.09873792835231099,
        "prol2": 0.07749065670121709,
        "putien": 0.10874097364149601,
        "zaiton": 0.11589055077397536,
        "niu": 0.06373280411596934,
        "lee": 0.060508770004555144,
        "yyl": 0.04594087674731501,
        "1070": 0.020153464627138788,
        "banzhang": 0.016632609403529616,
        "prot": 0.010295996466380677
    }
}