{
    "sum": 2.2680184266165604,
    "coin": {
        "lsy": 0.12645737718677977,
        "lsy_2": 0.2699949586345197,
        "lsy_3": 0.2574515787517966,
        "master": 0.20335569599778647,
        "prol": 0.2216031988102114,
        "prol2": 0.17389479528842489,
        "putien": 0.25672117818536533,
        "zaiton": 0.27098190358328494,
        "niu": 0.1430211511516291,
        "lee": 0.13578617888950265,
        "yyl": 0.10309474325592631,
        "1070": 0.04522587309075892,
        "banzhang": 0.037324812183372365,
        "prot": 0.02310498160720185
    },
    "portion": {
        "lsy": 0.055756767979804035,
        "lsy_2": 0.11904442903371792,
        "lsy_3": 0.11351388319003385,
        "master": 0.08966227681895574,
        "prol": 0.09770784761250816,
        "prol2": 0.07667256722770188,
        "putien": 0.11319183970138333,
        "zaiton": 0.11947958641038772,
        "niu": 0.06305995995146683,
        "lee": 0.05986996282568526,
        "yyl": 0.0454558666922841,
        "1070": 0.019940699140715126,
        "banzhang": 0.016457014522167565,
        "prot": 0.01018729889318843
    }
}