{
    "sum": 0.19734719867432493,
    "coin": {
        "1070": 0.006374718520926985,
        "banzhang": 0.019602290046838475,
        "lsy": 0.009022575916981758,
        "lsy_2": 0.01646044164027108,
        "lsy_3": 0.017038891729135804,
        "master": 0.01573718698588237,
        "niu": 0.015952589642554107,
        "prol": 0.015065564249150412,
        "prol2": 0.01602302016322066,
        "prot": 0.02310498160720185,
        "putien": 0.014685950767004723,
        "yyl": 0.012235974387994567,
        "zaiton": 0.01604301301716215
    },
    "portion": {
        "1070": 0.032302047172440264,
        "banzhang": 0.09932895008652967,
        "lsy": 0.04571930069233663,
        "lsy_2": 0.08340853962378843,
        "lsy_3": 0.08633966858204296,
        "master": 0.07974365530190722,
        "niu": 0.08083514612680212,
        "prol": 0.07634040082835215,
        "prol2": 0.0811920324729964,
        "prot": 0.11707782913772788,
        "putien": 0.07441681901571061,
        "yyl": 0.06200227046641367,
        "zaiton": 0.08129334049295203
    }
}