{
    "sum": 1.964920996862963,
    "coin": {
        "lsy": 0.117887435635478,
        "lsy_2": 0.22011984208086138,
        "lsy_3": 0.2314940334969692,
        "master": 0.1844816449593062,
        "prol": 0.2063689421030824,
        "prol2": 0.15794582845009608,
        "putien": 0.18913729913530028,
        "zaiton": 0.20367830925128877,
        "niu": 0.14041716294776532,
        "lee": 0.126175280840426,
        "yyl": 0.10309474325592631,
        "1070": 0.023690680915888804,
        "banzhang": 0.037324812183372365,
        "prot": 0.02310498160720185
    },
    "portion": {
        "lsy": 0.0599960180707966,
        "lsy_2": 0.11202477984218565,
        "lsy_3": 0.1178134051529574,
        "master": 0.09388756354776347,
        "prol": 0.10502658500395419,
        "prol2": 0.08038278826592003,
        "putien": 0.09625694846625482,
        "zaiton": 0.1036572511446849,
        "niu": 0.07146198914457336,
        "lee": 0.06421392058096353,
        "yyl": 0.052467627665702184,
        "1070": 0.012056810911844022,
        "banzhang": 0.018995579080768234,
        "prot": 0.011758733121631573
    }
}