{
    "sum": 2.289020345083285,
    "coin": {
        "lsy": 0.12645737718677977,
        "lsy_2": 0.2699949586345197,
        "lsy_3": 0.2574515787517966,
        "master": 0.20335569599778647,
        "prol": 0.2216031988102114,
        "prol2": 0.17389479528842489,
        "putien": 0.26813926596784354,
        "zaiton": 0.2805657342675315,
        "niu": 0.1430211511516291,
        "lee": 0.13578617888950265,
        "yyl": 0.10309474325592631,
        "1070": 0.04522587309075892,
        "banzhang": 0.037324812183372365,
        "prot": 0.02310498160720185
    },
    "portion": {
        "lsy": 0.05524519581418516,
        "lsy_2": 0.11795218824265019,
        "lsy_3": 0.11247238553593081,
        "master": 0.08883961928717041,
        "prol": 0.09681137141756094,
        "prol2": 0.0759690911712267,
        "putien": 0.11714149528805845,
        "zaiton": 0.12257022305204686,
        "niu": 0.06248138049923071,
        "lee": 0.059320651815596745,
        "yyl": 0.04503880600160208,
        "1070": 0.019757741860137727,
        "banzhang": 0.01630602028660183,
        "prot": 0.010093829728001474
    }
}