{
    "sum": 0.8624695998937458,
    "coin": {
        "1070": 0.017396340287388568,
        "banzhang": 0.03732481218337236,
        "lsy": 0.03904041566969245,
        "lsy_2": 0.08752397391152586,
        "lsy_3": 0.0913006174274036,
        "master": 0.086035309048891,
        "niu": 0.0735711767750542,
        "prol": 0.0826277329792928,
        "prol2": 0.08031035102568247,
        "prot": 0.02310498160720185,
        "putien": 0.0663213763552501,
        "yyl": 0.06431483323111327,
        "zaiton": 0.07619134850735935,
        "lee": 0.0374063308845178
    },
    "portion": {
        "1070": 0.020170380833749682,
        "banzhang": 0.04327666991157797,
        "lsy": 0.045265845514441475,
        "lsy_2": 0.10148064803943073,
        "lsy_3": 0.1058595194991819,
        "master": 0.09975459895570853,
        "niu": 0.08530292173094332,
        "prol": 0.09580364686415885,
        "prol2": 0.09311673250347202,
        "prot": 0.02678932870219232,
        "putien": 0.07689705974960825,
        "yyl": 0.07457055093772198,
        "zaiton": 0.08834090907870369,
        "lee": 0.04337118767910912
    }
}