{
    "sum": 0.11388734882502785,
    "coin": {
        "1070": 0.009034430814062954,
        "banzhang": 0.026375815293634714,
        "lsy": 0.0045918096791004726,
        "lsy_2": 0.006047694401812654,
        "master": 0.004262057308938289,
        "niu": 0.019933232735209395,
        "prol": 0.005894894684585282,
        "prot": 0.01316328603997344,
        "putien": 0.019296083442691313,
        "syl": 0.005288044425019316
    },
    "portion": {
        "1070": 0.07932778229777836,
        "banzhang": 0.23159565628450535,
        "lsy": 0.04031887410211957,
        "lsy_2": 0.0531024250209222,
        "master": 0.03742344828385065,
        "niu": 0.17502587373277123,
        "prol": 0.051760750824413095,
        "prot": 0.11558163550015557,
        "putien": 0.16943131648746232,
        "syl": 0.046432237466021486
    }
}