{
    "sum": 0.077894813251117,
    "coin": {
        "1070": 0.0029951474617557865,
        "banzhang": 0.00786452688018627,
        "lsy": 0.003100812446135113,
        "lsy_2": 0.006529813258459452,
        "lsy_3": 0.00674111809092807,
        "master": 0.0061126424997042725,
        "niu": 0.006387529240441332,
        "prol": 0.005322111215979764,
        "prol2": 0.006188645899610956,
        "prot": 0.01028810754437212,
        "putien": 0.005702187884185709,
        "yyl": 0.004345989751400937,
        "zaiton": 0.006316181077957214
    },
    "portion": {
        "1070": 0.0384511796966512,
        "banzhang": 0.10096342172145197,
        "lsy": 0.039807688300615415,
        "lsy_2": 0.08382860149376911,
        "lsy_3": 0.08654129600639877,
        "master": 0.07847303619559828,
        "niu": 0.08200198413531387,
        "prol": 0.06832433372453647,
        "prol2": 0.07944875456161661,
        "prot": 0.13207692675512755,
        "putien": 0.07320369157061868,
        "yyl": 0.05579305694450222,
        "zaiton": 0.08108602889379983
    }
}