{
    "sum": 2.3288724790887025,
    "coin": {
        "lsy": 0.12645737718677977,
        "lsy_2": 0.2699949586345197,
        "lsy_3": 0.2574515787517966,
        "master": 0.20335569599778647,
        "prol": 0.2216031988102114,
        "prol2": 0.17389479528842489,
        "putien": 0.2889808241753924,
        "zaiton": 0.2995763100654001,
        "niu": 0.1430211511516291,
        "lee": 0.13578617888950265,
        "yyl": 0.10309474325592631,
        "1070": 0.04522587309075892,
        "banzhang": 0.037324812183372365,
        "prot": 0.02310498160720185
    },
    "portion": {
        "lsy": 0.05429982891818236,
        "lsy_2": 0.11593376668703212,
        "lsy_3": 0.1105477354657643,
        "master": 0.08731937786364344,
        "prol": 0.09515471576912002,
        "prol2": 0.07466909281201632,
        "putien": 0.12408615189118118,
        "zaiton": 0.1286357723556532,
        "niu": 0.06141218655630036,
        "lee": 0.05830554489726133,
        "yyl": 0.04426809289973134,
        "1070": 0.019419643409782573,
        "banzhang": 0.01602698838966817,
        "prot": 0.009921102084663272
    }
}