{
    "sum": 1.9869831487601626,
    "coin": {
        "lsy": 0.11967142776293505,
        "lsy_2": 0.2228412439758534,
        "lsy_3": 0.23251177068507906,
        "master": 0.18711512894508037,
        "prol": 0.20779285223349309,
        "prol2": 0.16103653716607483,
        "putien": 0.19199741571717827,
        "zaiton": 0.20643160971187635,
        "niu": 0.14277010601970758,
        "lee": 0.126175280840426,
        "yyl": 0.10309474325592631,
        "1070": 0.02511523865595808,
        "banzhang": 0.037324812183372365,
        "prot": 0.02310498160720185
    },
    "portion": {
        "lsy": 0.06022770139626378,
        "lsy_2": 0.11215054547136036,
        "lsy_3": 0.1170174849394982,
        "master": 0.09417046594574113,
        "prol": 0.1045770581210775,
        "prol2": 0.08104574881098432,
        "putien": 0.09662760141523132,
        "zaiton": 0.10389197806769801,
        "niu": 0.07185270096970538,
        "lee": 0.06350093150973969,
        "yyl": 0.05188506169277548,
        "1070": 0.012639885079865666,
        "banzhang": 0.01878466468458089,
        "prot": 0.011628171895478275
    }
}