{
    "sum": 1.7723196692481582,
    "coin": {
        "1070": 0.017396340287388568,
        "banzhang": 0.03732481218337236,
        "lsy": 0.10340110884363926,
        "lsy_2": 0.19534122758820027,
        "lsy_3": 0.20357128518826442,
        "master": 0.1673375659231708,
        "niu": 0.1283035263008321,
        "prol": 0.18604079909473176,
        "prol2": 0.13353980001586455,
        "prot": 0.02310498160720185,
        "putien": 0.16749186862485105,
        "yyl": 0.10309474325592632,
        "zaiton": 0.180196329494289,
        "lee": 0.12617528084042598
    },
    "portion": {
        "1070": 0.009815577059396022,
        "banzhang": 0.02105986455547607,
        "lsy": 0.058342245271984935,
        "lsy_2": 0.11021782976152752,
        "lsy_3": 0.11486149407494986,
        "master": 0.09441725938422703,
        "niu": 0.07239299350283698,
        "prol": 0.10497022761906873,
        "prol2": 0.07534746825470481,
        "prot": 0.013036576870471281,
        "putien": 0.09450432195220367,
        "yyl": 0.05816938391236187,
        "zaiton": 0.10167258910506291,
        "lee": 0.07119216867572836
    }
}