{
    "sum": 2.202548627668935,
    "coin": {
        "lsy": 0.12644948485969393,
        "lsy_2": 0.2622779614377584,
        "lsy_3": 0.25643388897900105,
        "master": 0.20335569599778647,
        "prol": 0.2215752526686047,
        "prol2": 0.17389479528842489,
        "putien": 0.22701637632646196,
        "zaiton": 0.24490090593467967,
        "niu": 0.1430211511516291,
        "lee": 0.13578617888950265,
        "yyl": 0.10309474325592631,
        "1070": 0.044312399088891626,
        "banzhang": 0.037324812183372365,
        "prot": 0.02310498160720185
    },
    "portion": {
        "lsy": 0.05741053036069473,
        "lsy_2": 0.11907930573834366,
        "lsy_3": 0.11642598295339229,
        "master": 0.09232744895762313,
        "prol": 0.10059948274699779,
        "prol2": 0.07895162590460772,
        "putien": 0.10306985892371624,
        "zaiton": 0.11118978389769776,
        "niu": 0.06493438980414039,
        "lee": 0.06164957140274891,
        "yyl": 0.046807022537811806,
        "1070": 0.020118692741775968,
        "banzhang": 0.01694619211330423,
        "prot": 0.010490111917145268
    }
}