{
    "sum": 0.08902698631412406,
    "coin": {
        "1070": 0.0076133926123971955,
        "banzhang": 0.02219602149500408,
        "lsy": 0.002776237714894039,
        "lsy_2": 0.0028860246592275133,
        "master": 0.002408619174567866,
        "niu": 0.017385766183268717,
        "prol": 0.003696544654368426,
        "prot": 0.008580309278354147,
        "putien": 0.016196026117022755,
        "syl": 0.005288044425019316
    },
    "portion": {
        "1070": 0.08551780676405236,
        "banzhang": 0.24931790251427052,
        "lsy": 0.031184226601789294,
        "lsy_2": 0.03241741385072189,
        "master": 0.027054933276852263,
        "niu": 0.1952864732714251,
        "prol": 0.041521619538209306,
        "prot": 0.0963787457443439,
        "putien": 0.18192265949423997,
        "syl": 0.05939821894409529
    }
}