{
    "sum": 1.4929805553528788,
    "coin": {
        "1070": 0.017396340287388568,
        "banzhang": 0.03732481218337236,
        "lsy": 0.08027651427875418,
        "lsy_2": 0.16104892539462207,
        "lsy_3": 0.1672343530857791,
        "master": 0.15420209201259052,
        "niu": 0.10223664392194871,
        "prol": 0.16197683103495528,
        "prol2": 0.11001754317179535,
        "prot": 0.02310498160720185,
        "putien": 0.13570313965285274,
        "yyl": 0.09453368338991781,
        "zaiton": 0.1477385079125388,
        "lee": 0.10018618741916134
    },
    "portion": {
        "1070": 0.01165208764777033,
        "banzhang": 0.025000199801363334,
        "lsy": 0.05376929658657218,
        "lsy_2": 0.10787074541406655,
        "lsy_3": 0.11201375160994768,
        "master": 0.1032847289669781,
        "niu": 0.06847821530923033,
        "prol": 0.10849225762131287,
        "prol2": 0.07368987009063341,
        "prot": 0.015475741813489855,
        "putien": 0.0908941105537561,
        "yyl": 0.06331876396579993,
        "zaiton": 0.09895541330584814,
        "lee": 0.06710481731323116
    }
}