{
    "sum": 2.019454991934922,
    "coin": {
        "lsy": 0.12179044709811676,
        "lsy_2": 0.22769983015206444,
        "lsy_3": 0.23693380878618575,
        "master": 0.19124672123811687,
        "prol": 0.2100794382484399,
        "prol2": 0.165899562881701,
        "putien": 0.1953130439223869,
        "zaiton": 0.21069932065706312,
        "niu": 0.14277010601970758,
        "lee": 0.126175280840426,
        "yyl": 0.10309474325592631,
        "1070": 0.027322895044212793,
        "banzhang": 0.037324812183372365,
        "prot": 0.02310498160720185
    },
    "portion": {
        "lsy": 0.06030857215660171,
        "lsy_2": 0.11275310965652964,
        "lsy_3": 0.11732561989864891,
        "master": 0.0947021458769307,
        "prol": 0.10402778922403923,
        "prol2": 0.08215066121515582,
        "putien": 0.09671572018312205,
        "zaiton": 0.10433474452192844,
        "niu": 0.07069734487269445,
        "lee": 0.06247986775854427,
        "yyl": 0.051050775415968565,
        "1070": 0.013529836096041744,
        "banzhang": 0.018482616514077368,
        "prot": 0.011441196609716976
    }
}