{
    "sum": 1.258511631088816,
    "coin": {
        "1070": 0.017396340287388568,
        "banzhang": 0.03732481218337236,
        "lsy": 0.0669382642823295,
        "lsy_2": 0.1357620503413231,
        "lsy_3": 0.1403302912694855,
        "master": 0.13069412230944483,
        "niu": 0.09126640069685582,
        "prol": 0.13545575497528628,
        "prol2": 0.08502751317262705,
        "prot": 0.02310498160720185,
        "putien": 0.1114189846411483,
        "yyl": 0.0878759056258629,
        "zaiton": 0.1218444853504167,
        "lee": 0.07407172434607362
    },
    "portion": {
        "1070": 0.013822947565719295,
        "banzhang": 0.029657900063331445,
        "lsy": 0.053188435155277096,
        "lsy_2": 0.10787508592500411,
        "lsy_3": 0.11150496173648958,
        "master": 0.10384816403831984,
        "niu": 0.07251931443644714,
        "prol": 0.10763170687432992,
        "prol2": 0.06756196055102368,
        "prot": 0.01835897343849918,
        "putien": 0.08853234399173003,
        "yyl": 0.06982526299724066,
        "zaiton": 0.09681633632976559,
        "lee": 0.05885660689682272
    }
}