{
    "sum": 2.227098225694836,
    "coin": {
        "lsy": 0.12644948485969393,
        "lsy_2": 0.2693211269345592,
        "lsy_3": 0.25715658243741574,
        "master": 0.20335569599778647,
        "prol": 0.2215752526686047,
        "prol2": 0.17389479528842489,
        "putien": 0.23555031163755716,
        "zaiton": 0.2522372356924024,
        "niu": 0.1430211511516291,
        "lee": 0.13578617888950265,
        "yyl": 0.10309474325592631,
        "1070": 0.04522587309075892,
        "banzhang": 0.037324812183372365,
        "prot": 0.02310498160720185
    },
    "portion": {
        "lsy": 0.05677768649842229,
        "lsy_2": 0.12092916415957955,
        "lsy_3": 0.1154671039968096,
        "master": 0.0913097112878087,
        "prol": 0.09949056135567397,
        "prol2": 0.07808133169975975,
        "putien": 0.10576556925955408,
        "zaiton": 0.11325824464419683,
        "niu": 0.0642186094450359,
        "lee": 0.060970000030931955,
        "yyl": 0.046291062543396176,
        "1070": 0.020307085053084636,
        "banzhang": 0.016759391998405163,
        "prot": 0.010374478027341292
    }
}