{
    "sum": 1.7369644775007123,
    "coin": {
        "1070": 0.017396340287388568,
        "banzhang": 0.03732481218337236,
        "lsy": 0.09897421055488151,
        "lsy_2": 0.18717428964006913,
        "lsy_3": 0.19481886083261138,
        "master": 0.1673375659231708,
        "niu": 0.1283035263008321,
        "prol": 0.18604079909473176,
        "prol2": 0.13271621278489726,
        "prot": 0.02310498160720185,
        "putien": 0.16124237482642995,
        "yyl": 0.10309474325592632,
        "zaiton": 0.1732604793687733,
        "lee": 0.12617528084042598
    },
    "portion": {
        "1070": 0.010015369060638393,
        "banzhang": 0.021488529366517833,
        "lsy": 0.056981136826294666,
        "lsy_2": 0.10775942286936745,
        "lsy_3": 0.11216053255903818,
        "master": 0.09633908355106369,
        "niu": 0.07386652286950958,
        "prol": 0.10710685307878179,
        "prol2": 0.07640698154970924,
        "prot": 0.013301930987355139,
        "putien": 0.09282997834154834,
        "yyl": 0.05935339760331054,
        "zaiton": 0.09974900558592585,
        "lee": 0.07264125575093935
    }
}