{
    "sum": 2.252920433989316,
    "coin": {
        "lsy": 0.12644948485969393,
        "lsy_2": 0.2699949586345197,
        "lsy_3": 0.2574515787517966,
        "master": 0.20335569599778647,
        "prol": 0.2215752526686047,
        "prol2": 0.17389479528842489,
        "putien": 0.24853912812925252,
        "zaiton": 0.26410179948084594,
        "niu": 0.1430211511516291,
        "lee": 0.13578617888950265,
        "yyl": 0.10309474325592631,
        "1070": 0.04522587309075892,
        "banzhang": 0.037324812183372365,
        "prot": 0.02310498160720185
    },
    "portion": {
        "lsy": 0.05612691995330963,
        "lsy_2": 0.11984220772343535,
        "lsy_3": 0.11427459881302558,
        "master": 0.09026315041126341,
        "prol": 0.09835023435614836,
        "prol2": 0.07718639001400683,
        "putien": 0.11031864436027,
        "zaiton": 0.117226421091664,
        "niu": 0.06348255757012117,
        "lee": 0.06027118261298818,
        "yyl": 0.0457604901178748,
        "1070": 0.02007433214615399,
        "banzhang": 0.01656730154348157,
        "prot": 0.010255569286257102
    }
}