{
    "sum": 1.2032967830880112,
    "coin": {
        "1070": 0.017396340287388568,
        "banzhang": 0.03732481218337236,
        "lsy": 0.06204848044866395,
        "lsy_2": 0.1266650723327537,
        "lsy_3": 0.13459490713095987,
        "master": 0.12316325804598477,
        "niu": 0.08957229061508015,
        "prol": 0.1260714476779276,
        "prol2": 0.08502751317262705,
        "prot": 0.02310498160720185,
        "putien": 0.10361708187415636,
        "yyl": 0.0878759056258629,
        "zaiton": 0.11292070148283653,
        "lee": 0.07391399060319541
    },
    "portion": {
        "1070": 0.014457231608933977,
        "banzhang": 0.031018791629764005,
        "lsy": 0.051565400423850064,
        "lsy_2": 0.10526503030091554,
        "lsy_3": 0.11185512088343659,
        "master": 0.1023548469313712,
        "niu": 0.07443906762985893,
        "prol": 0.1047716984287047,
        "prol2": 0.07066212954913882,
        "prot": 0.01920139896651906,
        "putien": 0.0861109938383153,
        "yyl": 0.07302928659075082,
        "zaiton": 0.09384276852552452,
        "lee": 0.061426234692916325
    }
}