{
    "sum": 1.7043064769327574,
    "coin": {
        "1070": 0.017396340287388568,
        "banzhang": 0.03732481218337236,
        "lsy": 0.09490804819792972,
        "lsy_2": 0.18301575874913628,
        "lsy_3": 0.18952907883248177,
        "master": 0.16591607727006472,
        "niu": 0.12148163662173367,
        "prol": 0.18441845934224446,
        "prol2": 0.13104794185381108,
        "prot": 0.02310498160720185,
        "putien": 0.15816216026379107,
        "yyl": 0.10262928497441486,
        "zaiton": 0.1702072957827487,
        "lee": 0.12516460096643847
    },
    "portion": {
        "1070": 0.010207284031858391,
        "banzhang": 0.02190029357310539,
        "lsy": 0.05568719563205314,
        "lsy_2": 0.10738430043316503,
        "lsy_3": 0.11120598401619497,
        "master": 0.09735108063936018,
        "niu": 0.07127922017896941,
        "prol": 0.10820733350385583,
        "prol2": 0.07689223952822044,
        "prot": 0.013556823212209999,
        "putien": 0.09280147814050188,
        "yyl": 0.060217623041084085,
        "zaiton": 0.09986894850571183,
        "lee": 0.07344019556370951
    }
}