{
    "sum": 2.3011336479170725,
    "coin": {
        "lsy": 0.12645737718677977,
        "lsy_2": 0.2699949586345197,
        "lsy_3": 0.2574515787517966,
        "master": 0.20335569599778647,
        "prol": 0.2216031988102114,
        "prol2": 0.17389479528842489,
        "putien": 0.27521949812250823,
        "zaiton": 0.2855988049466542,
        "niu": 0.1430211511516291,
        "lee": 0.13578617888950265,
        "yyl": 0.10309474325592631,
        "1070": 0.04522587309075892,
        "banzhang": 0.037324812183372365,
        "prot": 0.02310498160720185
    },
    "portion": {
        "lsy": 0.054954381854893895,
        "lsy_2": 0.11733128098792188,
        "lsy_3": 0.11188032428487375,
        "master": 0.08837196230729964,
        "prol": 0.0963017506657212,
        "prol2": 0.07556918540817045,
        "putien": 0.11960170082760291,
        "zaiton": 0.12411221973359562,
        "niu": 0.062152474838255575,
        "lee": 0.05900838441626927,
        "yyl": 0.0448017190784399,
        "1070": 0.019653735945192156,
        "banzhang": 0.016220184436987323,
        "prot": 0.010040695214776374
    }
}