{
    "sum": 1.7579636399117764,
    "coin": {
        "1070": 0.017396340287388568,
        "banzhang": 0.03732481218337236,
        "lsy": 0.10177449127570773,
        "lsy_2": 0.1920849476119221,
        "lsy_3": 0.2000412803280503,
        "master": 0.1673375659231708,
        "niu": 0.1283035263008321,
        "prol": 0.18604079909473176,
        "prol2": 0.13271621278489726,
        "prot": 0.02310498160720185,
        "putien": 0.16518094162514343,
        "yyl": 0.10309474325592632,
        "zaiton": 0.17738771679300588,
        "lee": 0.12617528084042598
    },
    "portion": {
        "1070": 0.009895733843654244,
        "banzhang": 0.02123184537835237,
        "lsy": 0.05789339947942,
        "lsy_2": 0.10926559756466972,
        "lsy_3": 0.11379147769978303,
        "master": 0.09518829748467873,
        "niu": 0.07298417520584842,
        "prol": 0.10582744424911328,
        "prol2": 0.07549428769275207,
        "prot": 0.013143037252102311,
        "putien": 0.09396152336429044,
        "yyl": 0.05864441158811461,
        "zaiton": 0.10090522509436435,
        "lee": 0.07177354410285647
    }
}