{
    "sum": 2.305292415870292,
    "coin": {
        "lsy": 0.12645737718677977,
        "lsy_2": 0.2699949586345197,
        "lsy_3": 0.2574515787517966,
        "master": 0.20335569599778647,
        "prol": 0.2216031988102114,
        "prol2": 0.17389479528842489,
        "putien": 0.2768697980563649,
        "zaiton": 0.28810727296601696,
        "niu": 0.1430211511516291,
        "lee": 0.13578617888950265,
        "yyl": 0.10309474325592631,
        "1070": 0.04522587309075892,
        "banzhang": 0.037324812183372365,
        "prot": 0.02310498160720185
    },
    "portion": {
        "lsy": 0.05485524366289111,
        "lsy_2": 0.11711961431695052,
        "lsy_3": 0.11167849118811406,
        "master": 0.08821253850393457,
        "prol": 0.09612802145386486,
        "prol2": 0.07543285792782009,
        "putien": 0.12010181274631976,
        "zaiton": 0.12497645460619404,
        "niu": 0.06204035122270416,
        "lee": 0.05890193276770954,
        "yyl": 0.0447208963800829,
        "1070": 0.019618280431328832,
        "banzhang": 0.016190923080481107,
        "prot": 0.010022581711604372
    }
}