{
    "sum": 2.303946890019268,
    "coin": {
        "lsy": 0.12645737718677977,
        "lsy_2": 0.2699949586345197,
        "lsy_3": 0.2574515787517966,
        "master": 0.20335569599778647,
        "prol": 0.2216031988102114,
        "prol2": 0.17389479528842489,
        "putien": 0.27616995219334184,
        "zaiton": 0.2874615929780162,
        "niu": 0.1430211511516291,
        "lee": 0.13578617888950265,
        "yyl": 0.10309474325592631,
        "1070": 0.04522587309075892,
        "banzhang": 0.037324812183372365,
        "prot": 0.02310498160720185
    },
    "portion": {
        "lsy": 0.05488727962202384,
        "lsy_2": 0.11718801323248461,
        "lsy_3": 0.1117437124384597,
        "master": 0.08826405542537737,
        "prol": 0.09618416108904235,
        "prol2": 0.07547691140005862,
        "putien": 0.11986819374600785,
        "zaiton": 0.12476919247718084,
        "niu": 0.06207658334972862,
        "lee": 0.058936332029931066,
        "yyl": 0.044747013788613905,
        "1070": 0.01962973768478695,
        "banzhang": 0.016200378726204154,
        "prot": 0.010028434990100239
    }
}