{
    "sum": 2.3395148448200467,
    "coin": {
        "lsy": 0.12645737718677977,
        "lsy_2": 0.2699949586345197,
        "lsy_3": 0.2574515787517966,
        "master": 0.20335569599778647,
        "prol": 0.2216853962665857,
        "prol2": 0.17389479528842489,
        "putien": 0.2944364164001369,
        "zaiton": 0.3046808861156255,
        "niu": 0.1430211511516291,
        "lee": 0.13578617888950265,
        "yyl": 0.10309474325592631,
        "1070": 0.04522587309075892,
        "banzhang": 0.037324812183372365,
        "prot": 0.02310498160720185
    },
    "portion": {
        "lsy": 0.05405282102260255,
        "lsy_2": 0.11540638830837915,
        "lsy_3": 0.11004485794216003,
        "master": 0.0869221652720175,
        "prol": 0.09475699492030261,
        "prol2": 0.07432942589505163,
        "putien": 0.12585362176780063,
        "zaiton": 0.13023250815878507,
        "niu": 0.06113282481121857,
        "lee": 0.05804031514916384,
        "yyl": 0.044066718996970615,
        "1070": 0.019331304176545053,
        "banzhang": 0.01595408221752205,
        "prot": 0.009875971361480745
    }
}