{
    "sum": 1.3763177595701765,
    "coin": {
        "1070": 0.017396340287388568,
        "banzhang": 0.03732481218337236,
        "lsy": 0.07298985379494789,
        "lsy_2": 0.14802963906279057,
        "lsy_3": 0.15335260461507064,
        "master": 0.14089531628029833,
        "niu": 0.10128925819096928,
        "prol": 0.14981798295413065,
        "prol2": 0.09660560230330338,
        "prot": 0.02310498160720185,
        "putien": 0.1238455143317799,
        "yyl": 0.0878759056258629,
        "zaiton": 0.13546835521112416,
        "lee": 0.08832159312193619
    },
    "portion": {
        "1070": 0.012639770261208747,
        "banzhang": 0.027119327585389062,
        "lsy": 0.0530327050475194,
        "lsy_2": 0.1075548419203863,
        "lsy_3": 0.11142238305706569,
        "master": 0.10237121137221965,
        "niu": 0.0735943843539459,
        "prol": 0.10885421038301413,
        "prol2": 0.07019135053047144,
        "prot": 0.01678753430778771,
        "putien": 0.08998322768897264,
        "yyl": 0.0638485589645421,
        "zaiton": 0.09842810954748624,
        "lee": 0.06417238497999109
    }
}