{
    "sum": 2.3263990129015544,
    "coin": {
        "lsy": 0.12645737718677977,
        "lsy_2": 0.2699949586345197,
        "lsy_3": 0.2574515787517966,
        "master": 0.20335569599778647,
        "prol": 0.2216031988102114,
        "prol2": 0.17389479528842489,
        "putien": 0.28770954214347627,
        "zaiton": 0.2983741259101682,
        "niu": 0.1430211511516291,
        "lee": 0.13578617888950265,
        "yyl": 0.10309474325592631,
        "1070": 0.04522587309075892,
        "banzhang": 0.037324812183372365,
        "prot": 0.02310498160720185
    },
    "portion": {
        "lsy": 0.054357561400895864,
        "lsy_2": 0.1160570293991717,
        "lsy_3": 0.11066527165978088,
        "master": 0.08741221728088475,
        "prol": 0.0952558858481552,
        "prol2": 0.07474848223544339,
        "putien": 0.12367162320303615,
        "zaiton": 0.12825578254438266,
        "niu": 0.061477481016143,
        "lee": 0.05836753632393699,
        "yyl": 0.04431515947358638,
        "1070": 0.019440290698177293,
        "banzhang": 0.01604402855072559,
        "prot": 0.009931650365680231
    }
}