{
    "sum": 0.9226390537486755,
    "coin": {
        "1070": 0.017396340287388568,
        "banzhang": 0.03732481218337236,
        "lsy": 0.04273661285496914,
        "lsy_2": 0.09408311312692708,
        "lsy_3": 0.09811150005852622,
        "master": 0.09199196694378284,
        "niu": 0.07576162168147649,
        "prol": 0.08926619472990674,
        "prol2": 0.08502751317262705,
        "prot": 0.02310498160720185,
        "putien": 0.07231407905625224,
        "yyl": 0.0699241283932444,
        "zaiton": 0.08175970773246678,
        "lee": 0.04383648192053393
    },
    "portion": {
        "1070": 0.018854979329898696,
        "banzhang": 0.04045440308614938,
        "lsy": 0.046319969527986705,
        "lsy_2": 0.10197174371133337,
        "lsy_3": 0.10633790067730163,
        "master": 0.09970526022068996,
        "niu": 0.08211404164354152,
        "prol": 0.09675093891508155,
        "prol2": 0.09215685465205586,
        "prot": 0.025042275755970317,
        "putien": 0.0783774313069024,
        "yyl": 0.07578708933807125,
        "zaiton": 0.08861505200790895,
        "lee": 0.04751205982710859
    }
}