{
    "sum": 0.8939608777049278,
    "coin": {
        "1070": 0.017396340287388568,
        "banzhang": 0.03732481218337236,
        "lsy": 0.041160426380270794,
        "lsy_2": 0.09065769730358797,
        "lsy_3": 0.09471131939330205,
        "master": 0.08897857111503556,
        "niu": 0.07576162168147649,
        "prol": 0.08591562024907709,
        "prol2": 0.0834673952697298,
        "prot": 0.02310498160720185,
        "putien": 0.069331303395098,
        "yyl": 0.0671567937800402,
        "zaiton": 0.07856489833983545,
        "lee": 0.04042909671951154
    },
    "portion": {
        "1070": 0.0194598451914924,
        "banzhang": 0.04175217631357271,
        "lsy": 0.04604276026702897,
        "lsy_2": 0.10141125810374849,
        "lsy_3": 0.10594570943244754,
        "master": 0.09953295869442394,
        "niu": 0.08474825193243338,
        "prol": 0.0961066892207284,
        "prol2": 0.093368062687504,
        "prot": 0.025845629471526133,
        "putien": 0.07755518739599965,
        "yyl": 0.07512274357290928,
        "zaiton": 0.08788404537515744,
        "lee": 0.04522468234102755
    }
}