{
    "sum": 1.882354791653044,
    "coin": {
        "1070": 0.019095771291482575,
        "banzhang": 0.03732481218337236,
        "lsy": 0.11310010145354747,
        "lsy_2": 0.20934941974179663,
        "lsy_3": 0.2208887257404257,
        "master": 0.1756023447334431,
        "niu": 0.1338980067128626,
        "prol": 0.1977909357190424,
        "prol2": 0.14781899766587564,
        "prot": 0.02310498160720185,
        "putien": 0.18031118373436675,
        "yyl": 0.10309474325592632,
        "zaiton": 0.1947994869732747,
        "lee": 0.12617528084042598
    },
    "portion": {
        "1070": 0.010144618525773813,
        "banzhang": 0.019828786979416615,
        "lsy": 0.06008436983031523,
        "lsy_2": 0.11121676990443996,
        "lsy_3": 0.117347020189773,
        "master": 0.09328865393076767,
        "niu": 0.07113324613755528,
        "prol": 0.10507633130380623,
        "prol2": 0.07852876531106238,
        "prot": 0.012274509412177045,
        "putien": 0.09579022219080245,
        "yyl": 0.05476902851315862,
        "zaiton": 0.1034871257199106,
        "lee": 0.0670305520510411
    }
}