{
    "sum": 1.31198368458581,
    "coin": {
        "1070": 0.017396340287388568,
        "banzhang": 0.03732481218337236,
        "lsy": 0.06968746241272389,
        "lsy_2": 0.14156682608745563,
        "lsy_3": 0.1464583473397151,
        "master": 0.13500477275353193,
        "niu": 0.0960238213714292,
        "prol": 0.14221784896735798,
        "prol2": 0.0888596001918048,
        "prot": 0.02310498160720185,
        "putien": 0.1174545325717306,
        "yyl": 0.0878759056258629,
        "zaiton": 0.12822486434884534,
        "lee": 0.08078356883738974
    },
    "portion": {
        "1070": 0.01325957059662716,
        "banzhang": 0.02844914355406463,
        "lsy": 0.05311610443899998,
        "lsy_2": 0.10790288610345633,
        "lsy_3": 0.11163122610472984,
        "master": 0.10290125886447483,
        "niu": 0.07318979839428696,
        "prol": 0.10839909873746319,
        "prol2": 0.06772919605311827,
        "prot": 0.01761072327244377,
        "putien": 0.08952438506033,
        "yyl": 0.06697941952959964,
        "zaiton": 0.0977335814883442,
        "lee": 0.061573607802061135
    }
}