{
    "sum": 1.4414282126436126,
    "coin": {
        "1070": 0.017396340287388568,
        "banzhang": 0.03732481218337236,
        "lsy": 0.07698830412952651,
        "lsy_2": 0.15508310823363824,
        "lsy_3": 0.1609685563377642,
        "master": 0.14808273646576714,
        "niu": 0.10128925819096928,
        "prol": 0.15640512850112043,
        "prol2": 0.10394166106963444,
        "prot": 0.02310498160720185,
        "putien": 0.13029242024651297,
        "yyl": 0.09269349984376611,
        "zaiton": 0.1422240247719445,
        "lee": 0.09563338077500602
    },
    "portion": {
        "1070": 0.01206882183572866,
        "banzhang": 0.025894326096835438,
        "lsy": 0.05341112616932076,
        "lsy_2": 0.10758989374102249,
        "lsy_3": 0.11167296083552031,
        "master": 0.10273334125615592,
        "niu": 0.07027006777202066,
        "prol": 0.10850705371880422,
        "prol2": 0.07211018915676906,
        "prot": 0.016029228097892423,
        "putien": 0.09039119610927669,
        "yyl": 0.06430670569002121,
        "zaiton": 0.09866882271653499,
        "lee": 0.06634626680409716
    }
}