{
    "sum": 0.49118919987228543,
    "coin": {
        "1070": 0.014528466929674832,
        "banzhang": 0.03732481218337236,
        "lsy": 0.027080535877247725,
        "lsy_2": 0.04523075803241022,
        "lsy_3": 0.0467675217287063,
        "master": 0.04396244927635671,
        "niu": 0.04571118032353834,
        "prol": 0.04483592777681671,
        "prol2": 0.04425330902554765,
        "prot": 0.02310498160720185,
        "putien": 0.03536794657905356,
        "yyl": 0.03451889281397612,
        "zaiton": 0.0409622171730465,
        "lee": 0.0075402005453365515
    },
    "portion": {
        "1070": 0.029578148162566265,
        "banzhang": 0.07598866626765657,
        "lsy": 0.05513259632803197,
        "lsy_2": 0.09208418679435687,
        "lsy_3": 0.09521284617183434,
        "master": 0.08950206822093691,
        "niu": 0.09306226670990271,
        "prol": 0.0912803615968644,
        "prol2": 0.0900942224239743,
        "prot": 0.047038863259227605,
        "putien": 0.07200473175763965,
        "yyl": 0.07027616409919316,
        "zaiton": 0.08339396954105897,
        "lee": 0.015350908666756286
    }
}