{
    "sum": 0.39086094320027265,
    "coin": {
        "1070": 0.010665369075609828,
        "banzhang": 0.0340953972112243,
        "lsy": 0.021159866665521193,
        "lsy_2": 0.03485279607251294,
        "lsy_3": 0.03603238297463294,
        "master": 0.035512789692296626,
        "niu": 0.035459806265771256,
        "prol": 0.03457846470205355,
        "prol2": 0.03518108425723257,
        "prot": 0.02310498160720185,
        "putien": 0.030184645913695626,
        "yyl": 0.0269079961129358,
        "zaiton": 0.03312536264958412
    },
    "portion": {
        "1070": 0.027286863170017515,
        "banzhang": 0.08723152774503287,
        "lsy": 0.054136559391863105,
        "lsy_2": 0.08916929838818602,
        "lsy_3": 0.09218721799013405,
        "master": 0.09085786213768686,
        "niu": 0.09072230644339939,
        "prol": 0.0884674340161328,
        "prol2": 0.09000920882290914,
        "prot": 0.059113047770964225,
        "putien": 0.07722604787920537,
        "yyl": 0.0688428879401963,
        "zaiton": 0.08474973830427224
    }
}