{
    "sum": 1.2908005514967549,
    "coin": {
        "1070": 0.017396340287388568,
        "banzhang": 0.03732481218337236,
        "lsy": 0.06872767092890986,
        "lsy_2": 0.13975035882235462,
        "lsy_3": 0.14450726135538192,
        "master": 0.13367261570943764,
        "niu": 0.09379866069424883,
        "prol": 0.13951254154504097,
        "prol2": 0.08617292669269003,
        "prot": 0.02310498160720185,
        "putien": 0.11512039152065802,
        "yyl": 0.0878759056258629,
        "zaiton": 0.1256502104366426,
        "lee": 0.07818587408756444
    },
    "portion": {
        "1070": 0.01347717140902717,
        "banzhang": 0.02891601815640082,
        "lsy": 0.05324422185070831,
        "lsy_2": 0.10826642323657697,
        "lsy_3": 0.11195165758785719,
        "master": 0.10355791648402755,
        "niu": 0.07266704417307854,
        "prol": 0.10808218309425763,
        "prol2": 0.0667592887164231,
        "prot": 0.017899730194885912,
        "putien": 0.08918526676113481,
        "yyl": 0.068078608677356,
        "zaiton": 0.09734285462687803,
        "lee": 0.060571615031387756
    }
}