{
    "sum": 2.2759292187341313,
    "coin": {
        "lsy": 0.12645737718677977,
        "lsy_2": 0.2699949586345197,
        "lsy_3": 0.2574515787517966,
        "master": 0.20335569599778647,
        "prol": 0.2216031988102114,
        "prol2": 0.17389479528842489,
        "putien": 0.2607848763199151,
        "zaiton": 0.2748289975663062,
        "niu": 0.1430211511516291,
        "lee": 0.13578617888950265,
        "yyl": 0.10309474325592631,
        "1070": 0.04522587309075892,
        "banzhang": 0.037324812183372365,
        "prot": 0.02310498160720185
    },
    "portion": {
        "lsy": 0.05556296573103235,
        "lsy_2": 0.11863064826976058,
        "lsy_3": 0.11311932578245593,
        "master": 0.08935062405450932,
        "prol": 0.09736822963829551,
        "prol2": 0.07640606476555757,
        "putien": 0.11458391331913358,
        "zaiton": 0.12075463301058444,
        "niu": 0.06284077289151253,
        "lee": 0.059661863722206054,
        "yyl": 0.045297868847286676,
        "1070": 0.01987138823056786,
        "banzhang": 0.01639981238262426,
        "prot": 0.010151889354473339
    }
}