{
    "sum": 1.9685124707364894,
    "coin": {
        "lsy": 0.11813379431928965,
        "lsy_2": 0.22056060625666046,
        "lsy_3": 0.23197334358928304,
        "master": 0.18484950707561,
        "prol": 0.20661194896806667,
        "prol2": 0.15839664808237727,
        "putien": 0.1895571144434283,
        "zaiton": 0.2040763377370389,
        "niu": 0.14078502506406912,
        "lee": 0.126175280840426,
        "yyl": 0.10309474325592631,
        "1070": 0.023868327313739387,
        "banzhang": 0.037324812183372365,
        "prot": 0.02310498160720185
    },
    "portion": {
        "lsy": 0.06001170735539799,
        "lsy_2": 0.11204430225130402,
        "lsy_3": 0.11784194768270566,
        "master": 0.09390314251169124,
        "prol": 0.10495841506696979,
        "prol2": 0.08046514839863603,
        "putien": 0.09629459668726831,
        "zaiton": 0.1036703301456286,
        "niu": 0.0715184826903314,
        "lee": 0.06409676479886328,
        "yyl": 0.05237190253478809,
        "1070": 0.012125057711628015,
        "banzhang": 0.018960922391011242,
        "prot": 0.011737279773776322
    }
}