{
    "sum": 1.1328241744058738,
    "coin": {
        "1070": 0.017396340287388568,
        "banzhang": 0.03732481218337236,
        "lsy": 0.05676492632123587,
        "lsy_2": 0.1172798019231045,
        "lsy_3": 0.12381971185089777,
        "master": 0.11462446993339685,
        "niu": 0.08671576254751778,
        "prol": 0.11573519884563763,
        "prol2": 0.08502751317262705,
        "prot": 0.02310498160720185,
        "putien": 0.09512484928513122,
        "yyl": 0.0878759056258629,
        "zaiton": 0.10329460050122849,
        "lee": 0.06873530032127101
    },
    "portion": {
        "1070": 0.0153566110967859,
        "banzhang": 0.03294846016412732,
        "lsy": 0.05010921165326214,
        "lsy_2": 0.10352868924660229,
        "lsy_3": 0.109301791618136,
        "master": 0.1011846961983428,
        "niu": 0.0765482980560484,
        "prol": 0.1021651916161982,
        "prol2": 0.07505799672506192,
        "prot": 0.02039591150084663,
        "putien": 0.0839714153655141,
        "yyl": 0.0775724138054793,
        "zaiton": 0.09118325935743987,
        "lee": 0.060676053596155154
    }
}