{
    "sum": 0.009042749160038248,
    "coin": {
        "1070": 0.0011297046717741398,
        "banzhang": 0.001758454330725358,
        "niu": 0.002964835790176475,
        "putien": 0.00250988684995974,
        "syl": 0.0006798675174025366
    },
    "portion": {
        "1070": 0.12492933860938388,
        "banzhang": 0.19446014697569255,
        "niu": 0.3278688524590164,
        "putien": 0.2775579423403053,
        "syl": 0.07518371961560207
    }
}