{
    "sum": 0.43647470823738016,
    "coin": {
        "1070": 0.012808624839565933,
        "banzhang": 0.03732481218337236,
        "lsy": 0.023851057656918608,
        "lsy_2": 0.03952098086671623,
        "lsy_3": 0.040966661415663456,
        "master": 0.03926592818356357,
        "niu": 0.039943852716363866,
        "prol": 0.039280892943424746,
        "prol2": 0.03971649635598499,
        "prot": 0.02310498160720185,
        "putien": 0.03144492934675344,
        "yyl": 0.029790217633498223,
        "zaiton": 0.037392069359721766,
        "lee": 0.0020632031286310394
    },
    "portion": {
        "1070": 0.02934562896276653,
        "banzhang": 0.08551426114493894,
        "lsy": 0.05464476453455128,
        "lsy_2": 0.09054586696744509,
        "lsy_3": 0.09385804181208919,
        "master": 0.0899615199747347,
        "niu": 0.09151470168264617,
        "prol": 0.08999580548905832,
        "prol2": 0.09099380927791322,
        "prot": 0.052935442011077596,
        "putien": 0.0720429586257994,
        "yyl": 0.06825187593068184,
        "zaiton": 0.08566835295158912,
        "lee": 0.004726970634708462
    }
}