{
    "sum": 2.109416618850159,
    "coin": {
        "lsy": 0.1260867627421448,
        "lsy_2": 0.24009361987226288,
        "lsy_3": 0.25051635230604213,
        "master": 0.2016532093404459,
        "prol": 0.21865174681823446,
        "prol2": 0.17379757036672158,
        "putien": 0.2072853089641341,
        "zaiton": 0.22226144505075793,
        "niu": 0.1430211511516291,
        "lee": 0.12928638496928888,
        "yyl": 0.10309474325592631,
        "1070": 0.03323853022199676,
        "banzhang": 0.037324812183372365,
        "prot": 0.02310498160720185
    },
    "portion": {
        "lsy": 0.05977328594807155,
        "lsy_2": 0.11381991481755638,
        "lsy_3": 0.11876096455644611,
        "master": 0.09559667233984667,
        "prol": 0.10365507925950698,
        "prol2": 0.08239129663321723,
        "putien": 0.09826665207422379,
        "zaiton": 0.1053663098434829,
        "niu": 0.06780128205759078,
        "lee": 0.061290113965141106,
        "yyl": 0.048873580654789354,
        "1070": 0.015757214542149123,
        "banzhang": 0.01769437665837585,
        "prot": 0.010953256649602179
    }
}