{
    "sum": 2.3487961287016033,
    "coin": {
        "lsy": 0.12645737718677977,
        "lsy_2": 0.2699949586345197,
        "lsy_3": 0.2574515787517966,
        "master": 0.20335569599778647,
        "prol": 0.2216853962665857,
        "prol2": 0.17389479528842489,
        "putien": 0.2996823849417604,
        "zaiton": 0.30871620145555834,
        "niu": 0.1430211511516291,
        "lee": 0.13578617888950265,
        "yyl": 0.10309474325592631,
        "1070": 0.04522587309075892,
        "banzhang": 0.037324812183372365,
        "prot": 0.02310498160720185
    },
    "portion": {
        "lsy": 0.053839230932607354,
        "lsy_2": 0.11495035917986245,
        "lsy_3": 0.10961001493736022,
        "master": 0.08657869174460874,
        "prol": 0.09438256201023787,
        "prol2": 0.07403571266296008,
        "putien": 0.12758978153945721,
        "zaiton": 0.13143592910561136,
        "niu": 0.060891258038086996,
        "lee": 0.05781096844900039,
        "yyl": 0.043892589057065716,
        "1070": 0.019254916396579485,
        "banzhang": 0.015891039553102993,
        "prot": 0.009836946393459065
    }
}