{
    "sum": 2.210100969909467,
    "coin": {
        "lsy": 0.12644948485969393,
        "lsy_2": 0.2645566112078526,
        "lsy_3": 0.25643388897900105,
        "master": 0.20335569599778647,
        "prol": 0.2215752526686047,
        "prol2": 0.17389479528842489,
        "putien": 0.2292934909346727,
        "zaiton": 0.24698400979503943,
        "niu": 0.1430211511516291,
        "lee": 0.13578617888950265,
        "yyl": 0.10309474325592631,
        "1070": 0.04522587309075892,
        "banzhang": 0.037324812183372365,
        "prot": 0.02310498160720185
    },
    "portion": {
        "lsy": 0.05721434748063737,
        "lsy_2": 0.1197034048714479,
        "lsy_3": 0.1160281328637693,
        "master": 0.09201194821706113,
        "prol": 0.10025571486794159,
        "prol2": 0.0786818329370482,
        "putien": 0.10374797081966138,
        "zaiton": 0.11175236478230073,
        "niu": 0.06471249644195565,
        "lee": 0.06143890290001768,
        "yyl": 0.046647073893709666,
        "1070": 0.0204632610484812,
        "banzhang": 0.016888283699048063,
        "prot": 0.010454265176920087
    }
}