{
    "sum": 0.933749598691312,
    "coin": {
        "1070": 0.017396340287388568,
        "banzhang": 0.03732481218337236,
        "lsy": 0.04358962102744711,
        "lsy_2": 0.0956767929083101,
        "lsy_3": 0.09976035261082626,
        "master": 0.0934413311722655,
        "niu": 0.07576162168147649,
        "prol": 0.09090005337498988,
        "prol2": 0.08502751317262705,
        "prot": 0.02310498160720185,
        "putien": 0.07372185903897048,
        "yyl": 0.0713081291078532,
        "zaiton": 0.08175970773246678,
        "lee": 0.0449764827861164
    },
    "portion": {
        "1070": 0.018630626788777468,
        "banzhang": 0.03997304227566426,
        "lsy": 0.046682345126080625,
        "lsy_2": 0.10246515023128794,
        "lsy_3": 0.10683844228757308,
        "master": 0.1000710804087384,
        "niu": 0.08113697910838139,
        "prol": 0.09734949659136667,
        "prol2": 0.09106029420713707,
        "prot": 0.02474430151250873,
        "putien": 0.07895249341182546,
        "yyl": 0.0763675071001845,
        "zaiton": 0.08756063493580755,
        "lee": 0.04816760601466685
    }
}