{
    "sum": 0.05069199830566237,
    "coin": {
        "1070": 0.004866921300227112,
        "banzhang": 0.014222864682872495,
        "niu": 0.012369104485686006,
        "prot": 0.004593154266495647,
        "putien": 0.010346118871151288,
        "syl": 0.004293834699229822
    },
    "portion": {
        "1070": 0.09600965562415932,
        "banzhang": 0.28057415683460596,
        "niu": 0.24400506784330808,
        "prot": 0.09060905902347481,
        "putien": 0.20409767255112551,
        "syl": 0.08470438812332626
    }
}