{
    "sum": 2.010737690634187,
    "coin": {
        "lsy": 0.12123591836755704,
        "lsy_2": 0.2264366385937213,
        "lsy_3": 0.23562998785521913,
        "master": 0.19019461179955183,
        "prol": 0.20948669131490147,
        "prol2": 0.1646171568218401,
        "putien": 0.19431459391634187,
        "zaiton": 0.20957883856117296,
        "niu": 0.14277010601970758,
        "lee": 0.126175280840426,
        "yyl": 0.10309474325592631,
        "1070": 0.026773329497247186,
        "banzhang": 0.037324812183372365,
        "prot": 0.02310498160720185
    },
    "portion": {
        "lsy": 0.060294248689056605,
        "lsy_2": 0.11261371368748907,
        "lsy_3": 0.11718584127246423,
        "master": 0.09458946966849983,
        "prol": 0.1041839978882722,
        "prol2": 0.08186903621919965,
        "putien": 0.09663846001467005,
        "zaiton": 0.10422982547020927,
        "niu": 0.07100384435260566,
        "lee": 0.06275074139612428,
        "yyl": 0.051272099655828414,
        "1070": 0.01331517761961426,
        "banzhang": 0.018562745581995888,
        "prot": 0.011490798483970596
    }
}