{
    "sum": 1.6465682630502432,
    "coin": {
        "1070": 0.017396340287388568,
        "banzhang": 0.03732481218337236,
        "lsy": 0.09091834167077754,
        "lsy_2": 0.17653560565720194,
        "lsy_3": 0.1824734942506169,
        "master": 0.16543764349041734,
        "niu": 0.11604691843462671,
        "prol": 0.1782716709714117,
        "prol2": 0.12442791248109743,
        "prot": 0.02310498160720185,
        "putien": 0.15221740558894922,
        "yyl": 0.09975859609347941,
        "zaiton": 0.1641756594729326,
        "lee": 0.11847888086076953
    },
    "portion": {
        "1070": 0.01056521049128088,
        "banzhang": 0.022668244627907924,
        "lsy": 0.05521686753657736,
        "lsy_2": 0.10721426473395787,
        "lsy_3": 0.11082048545778933,
        "master": 0.10047420881533728,
        "niu": 0.07047804882358871,
        "prol": 0.10826861841802178,
        "prol2": 0.07556802549479277,
        "prot": 0.014032203902922443,
        "putien": 0.09244524445465063,
        "yyl": 0.06058576393831258,
        "zaiton": 0.09970777595870799,
        "lee": 0.0719550373461524
    }
}