{
    "sum": 2.2853509688817883,
    "coin": {
        "lsy": 0.12645737718677977,
        "lsy_2": 0.2699949586345197,
        "lsy_3": 0.2574515787517966,
        "master": 0.20335569599778647,
        "prol": 0.2216031988102114,
        "prol2": 0.17389479528842489,
        "putien": 0.26571736863466366,
        "zaiton": 0.2793182553992146,
        "niu": 0.1430211511516291,
        "lee": 0.13578617888950265,
        "yyl": 0.10309474325592631,
        "1070": 0.04522587309075892,
        "banzhang": 0.037324812183372365,
        "prot": 0.02310498160720185
    },
    "portion": {
        "lsy": 0.055333897903941984,
        "lsy_2": 0.11814157313728797,
        "lsy_3": 0.1126529720193334,
        "master": 0.08898226082853587,
        "prol": 0.0969668124623505,
        "prol2": 0.0760910676986786,
        "putien": 0.11626982999669322,
        "zaiton": 0.12222116392734363,
        "niu": 0.06258170105995085,
        "lee": 0.059415897487265244,
        "yyl": 0.04511112063735667,
        "1070": 0.019789465034724067,
        "banzhang": 0.016332201351827908,
        "prot": 0.010110036454710068
    }
}