{
    "sum": 2.263540485167514,
    "coin": {
        "lsy": 0.12645737718677977,
        "lsy_2": 0.2699949586345197,
        "lsy_3": 0.2574515787517966,
        "master": 0.20335569599778647,
        "prol": 0.2216031988102114,
        "prol2": 0.17389479528842489,
        "putien": 0.254408618261027,
        "zaiton": 0.2688165220585769,
        "niu": 0.1430211511516291,
        "lee": 0.13578617888950265,
        "yyl": 0.10309474325592631,
        "1070": 0.04522587309075892,
        "banzhang": 0.037324812183372365,
        "prot": 0.02310498160720185
    },
    "portion": {
        "lsy": 0.05586707108418308,
        "lsy_2": 0.11927993353939886,
        "lsy_3": 0.11373844666743117,
        "master": 0.08983965488151499,
        "prol": 0.09790114215421757,
        "prol2": 0.07682424786652568,
        "putien": 0.1123941099918959,
        "zaiton": 0.11875931701689138,
        "niu": 0.06318471089375934,
        "lee": 0.05998840302582604,
        "yyl": 0.04554579161781449,
        "1070": 0.01998014764353197,
        "banzhang": 0.01648957128355057,
        "prot": 0.010207452333458909
    }
}