{
    "sum": 1.2416811632354892,
    "coin": {
        "1070": 0.017396340287388568,
        "banzhang": 0.03732481218337236,
        "lsy": 0.06513391246867306,
        "lsy_2": 0.13301951167544313,
        "lsy_3": 0.138629423904565,
        "master": 0.12842997117016056,
        "niu": 0.09126640069685582,
        "prol": 0.13255297334370256,
        "prol2": 0.08502751317262705,
        "prot": 0.02310498160720185,
        "putien": 0.10880211739105095,
        "yyl": 0.0878759056258629,
        "zaiton": 0.11920330910538982,
        "lee": 0.07391399060319541
    },
    "portion": {
        "1070": 0.014010311827601827,
        "banzhang": 0.030059900470837356,
        "lsy": 0.05245622982549844,
        "lsy_2": 0.10712855732532,
        "lsy_3": 0.11164655469471228,
        "master": 0.10343232624670441,
        "niu": 0.07350228335512474,
        "prol": 0.10675282614282795,
        "prol2": 0.06847773461511494,
        "prot": 0.018607821630310026,
        "putien": 0.08762484332736571,
        "yyl": 0.07077171517757568,
        "zaiton": 0.09600154422474917,
        "lee": 0.059527351136257324
    }
}