{
    "sum": 0.5662792287177995,
    "coin": {
        "1070": 0.017396340287388568,
        "banzhang": 0.03732481218337236,
        "lsy": 0.031219892491028675,
        "lsy_2": 0.052642070971767464,
        "lsy_3": 0.054939732989613764,
        "master": 0.0519170822824579,
        "niu": 0.04995822933873913,
        "prol": 0.05248222559171014,
        "prol2": 0.051835612676136,
        "prot": 0.02310498160720185,
        "putien": 0.039208083191306274,
        "yyl": 0.04097716496349978,
        "zaiton": 0.04845321130764696,
        "lee": 0.01481978883593058
    },
    "portion": {
        "1070": 0.030720428024136284,
        "banzhang": 0.0659123808370744,
        "lsy": 0.05513162218878921,
        "lsy_2": 0.09296133126931484,
        "lsy_3": 0.09701880309827243,
        "master": 0.09168106412804759,
        "niu": 0.08822189973638499,
        "prol": 0.09267905819279877,
        "prol2": 0.09153719586979209,
        "prot": 0.040801393438917796,
        "putien": 0.06923807408596527,
        "yyl": 0.07236211904908207,
        "zaiton": 0.08556416843569803,
        "lee": 0.02617046164572619
    }
}