{
    "sum": 2.2542498538617215,
    "coin": {
        "lsy": 0.12645737718677977,
        "lsy_2": 0.2699949586345197,
        "lsy_3": 0.2574515787517966,
        "master": 0.20335569599778647,
        "prol": 0.2215752526686047,
        "prol2": 0.17389479528842489,
        "putien": 0.2491998186879408,
        "zaiton": 0.26476263646747744,
        "niu": 0.1430211511516291,
        "lee": 0.13578617888950265,
        "yyl": 0.10309474325592631,
        "1070": 0.04522587309075892,
        "banzhang": 0.037324812183372365,
        "prot": 0.02310498160720185
    },
    "portion": {
        "lsy": 0.05609732078728875,
        "lsy_2": 0.11977153205621614,
        "lsy_3": 0.11420720658393752,
        "master": 0.09020991867845567,
        "prol": 0.09829223335160805,
        "prol2": 0.07714087016154324,
        "putien": 0.11054667177244809,
        "zaiton": 0.11745043967238883,
        "niu": 0.06344511940707093,
        "lee": 0.06023563832415887,
        "yyl": 0.04573350335559133,
        "1070": 0.020062493522305505,
        "banzhang": 0.016557531153626022,
        "prot": 0.010249521173361087
    }
}