{
    "sum": 0.957040770363701,
    "coin": {
        "1070": 0.017396340287388568,
        "banzhang": 0.03732481218337236,
        "lsy": 0.04510707533750876,
        "lsy_2": 0.09880324016250339,
        "lsy_3": 0.10305966695491717,
        "master": 0.09607751914490034,
        "niu": 0.07576162168147649,
        "prol": 0.09407644131577705,
        "prol2": 0.08502751317262705,
        "prot": 0.02310498160720185,
        "putien": 0.07653004411909248,
        "yyl": 0.07388820430229982,
        "zaiton": 0.08298645684438306,
        "lee": 0.04789685325025266
    },
    "portion": {
        "1070": 0.01817721964005514,
        "banzhang": 0.03900023211047522,
        "lsy": 0.047131822106561735,
        "lsy_2": 0.10323827701191404,
        "lsy_3": 0.10768576443796823,
        "master": 0.10039020501539168,
        "niu": 0.07916237638725156,
        "prol": 0.0982993036754594,
        "prol2": 0.08884419118353164,
        "prot": 0.02414210796727222,
        "putien": 0.07996529143686221,
        "yyl": 0.07720486586399065,
        "zaiton": 0.08671151680700707,
        "lee": 0.05004682635625918
    }
}