{
    "sum": 1.2964410052611655,
    "coin": {
        "1070": 0.017396340287388568,
        "banzhang": 0.03732481218337236,
        "lsy": 0.06908057827043716,
        "lsy_2": 0.14037006896503662,
        "lsy_3": 0.14520458685839982,
        "master": 0.1340740326511749,
        "niu": 0.09426677833627477,
        "prol": 0.14020986704805888,
        "prol2": 0.08681810437548224,
        "prot": 0.02310498160720185,
        "putien": 0.11566855000303035,
        "yyl": 0.0878759056258629,
        "zaiton": 0.12626628235930884,
        "lee": 0.07878011669013622
    },
    "portion": {
        "1070": 0.013418535989521644,
        "banzhang": 0.028790212614305075,
        "lsy": 0.053284783488100965,
        "lsy_2": 0.10827339492918873,
        "lsy_3": 0.1120024638754377,
        "master": 0.10341699476264711,
        "niu": 0.07271196911677821,
        "prol": 0.10814982438773901,
        "prol2": 0.06696649058704596,
        "prot": 0.017821853453753877,
        "putien": 0.08922006441760853,
        "yyl": 0.06778241761040292,
        "zaiton": 0.09739454541078231,
        "lee": 0.06076644935668795
    }
}