{
    "sum": 2.2012692553973054,
    "coin": {
        "lsy": 0.12644948485969393,
        "lsy_2": 0.26188482488548515,
        "lsy_3": 0.25643388897900105,
        "master": 0.20335569599778647,
        "prol": 0.2215752526686047,
        "prol2": 0.17389479528842489,
        "putien": 0.2266172718568866,
        "zaiton": 0.24456819454508977,
        "niu": 0.1430211511516291,
        "lee": 0.13578617888950265,
        "yyl": 0.10309474325592631,
        "1070": 0.044157979228700794,
        "banzhang": 0.037324812183372365,
        "prot": 0.02310498160720185
    },
    "portion": {
        "lsy": 0.0574438972195935,
        "lsy_2": 0.11896991894261374,
        "lsy_3": 0.1164936494480397,
        "master": 0.09238110944364367,
        "prol": 0.10065795091869066,
        "prol2": 0.07899751239520163,
        "putien": 0.10294845635137198,
        "zaiton": 0.1111032618774062,
        "niu": 0.06497212951162366,
        "lee": 0.06168540198186464,
        "yyl": 0.04683422666407014,
        "1070": 0.020060235303077795,
        "banzhang": 0.016956041198438323,
        "prot": 0.010496208744364464
    }
}