{
    "sum": 1.224557687333305,
    "coin": {
        "1070": 0.017396340287388568,
        "banzhang": 0.03732481218337236,
        "lsy": 0.06322732125648609,
        "lsy_2": 0.12971818215747807,
        "lsy_3": 0.13797343875723556,
        "master": 0.12580853119491325,
        "niu": 0.09126640069685582,
        "prol": 0.1293538447954742,
        "prol2": 0.08502751317262705,
        "prot": 0.02310498160720185,
        "putien": 0.1065742870208911,
        "yyl": 0.0878759056258629,
        "zaiton": 0.1159921379743229,
        "lee": 0.07391399060319541
    },
    "portion": {
        "1070": 0.014206223575528101,
        "banzhang": 0.03048023998334767,
        "lsy": 0.05163278293093318,
        "lsy_2": 0.10593064214064327,
        "lsy_3": 0.11267206125478463,
        "master": 0.10273793753962215,
        "niu": 0.07453009494032482,
        "prol": 0.10563311645788244,
        "prol2": 0.06943528594213456,
        "prot": 0.018868022181557743,
        "putien": 0.08703084233865356,
        "yyl": 0.07176134414478137,
        "zaiton": 0.09472166086917201,
        "lee": 0.06035974570063452
    }
}