{
    "sum": 2.329456737322161,
    "coin": {
        "lsy": 0.12645737718677977,
        "lsy_2": 0.2699949586345197,
        "lsy_3": 0.2574515787517966,
        "master": 0.20335569599778647,
        "prol": 0.2216031988102114,
        "prol2": 0.17389479528842489,
        "putien": 0.2892706836985399,
        "zaiton": 0.2998707087757111,
        "niu": 0.1430211511516291,
        "lee": 0.13578617888950265,
        "yyl": 0.10309474325592631,
        "1070": 0.04522587309075892,
        "banzhang": 0.037324812183372365,
        "prot": 0.02310498160720185
    },
    "portion": {
        "lsy": 0.05428620981051122,
        "lsy_2": 0.11590468898121448,
        "lsy_3": 0.11052000864705964,
        "master": 0.08729747702099634,
        "prol": 0.09513084972119143,
        "prol2": 0.07465036482640434,
        "putien": 0.12417946170190416,
        "zaiton": 0.12872988966535992,
        "niu": 0.06139678357625985,
        "lee": 0.05829092110360304,
        "yyl": 0.04425698988273094,
        "1070": 0.019414772709086047,
        "banzhang": 0.016022968611247655,
        "prot": 0.009918613742430908
    }
}