{
    "sum": 2.2179237871059687,
    "coin": {
        "lsy": 0.12644948485969393,
        "lsy_2": 0.266856131549798,
        "lsy_3": 0.25715658243741574,
        "master": 0.20335569599778647,
        "prol": 0.2215752526686047,
        "prol2": 0.17389479528842489,
        "putien": 0.23199556393876478,
        "zaiton": 0.24908254018708878,
        "niu": 0.1430211511516291,
        "lee": 0.13578617888950265,
        "yyl": 0.10309474325592631,
        "1070": 0.04522587309075892,
        "banzhang": 0.037324812183372365,
        "prot": 0.02310498160720185
    },
    "portion": {
        "lsy": 0.05701254731781836,
        "lsy_2": 0.12031798977998338,
        "lsy_3": 0.11594473350816234,
        "master": 0.09168741377860089,
        "prol": 0.0999021039211291,
        "prol2": 0.0784043150172123,
        "putien": 0.10460033175507866,
        "zaiton": 0.11230437296139069,
        "niu": 0.0644842496316109,
        "lee": 0.061222202349288844,
        "yyl": 0.04648254545772659,
        "1070": 0.020391085281506162,
        "banzhang": 0.016828717199554994,
        "prot": 0.010417392040936677
    }
}