{
    "sum": 0.5792240183055798,
    "coin": {
        "1070": 0.017396340287388568,
        "banzhang": 0.03732481218337236,
        "lsy": 0.0320193132182327,
        "lsy_2": 0.053966148125931625,
        "lsy_3": 0.056347600419734696,
        "master": 0.05332898877599205,
        "niu": 0.05100653382355032,
        "prol": 0.053845699639635716,
        "prol2": 0.05320172662658973,
        "prot": 0.02310498160720185,
        "putien": 0.03985743967229622,
        "yyl": 0.04211545159723337,
        "zaiton": 0.04950553809494061,
        "lee": 0.01620344423347992
    },
    "portion": {
        "1070": 0.03003387245280085,
        "banzhang": 0.06443933781019591,
        "lsy": 0.05527967108805276,
        "lsy_2": 0.09316973471473146,
        "lsy_3": 0.09728118765615056,
        "master": 0.09206971239210147,
        "niu": 0.08806011527761082,
        "prol": 0.09296178669722993,
        "prol2": 0.09185000094129768,
        "prot": 0.039889543383907836,
        "putien": 0.06881178682626508,
        "yyl": 0.07271012642126769,
        "zaiton": 0.0854687245873549,
        "lee": 0.02797439975103296
    }
}