{
    "sum": 2.3661135994317526,
    "coin": {
        "lsy": 0.12645737718677977,
        "lsy_2": 0.2699949586345197,
        "lsy_3": 0.2574515787517966,
        "master": 0.20335569599778647,
        "prol": 0.2216853962665857,
        "prol2": 0.17389479528842489,
        "putien": 0.3080186853052524,
        "zaiton": 0.31769737182221575,
        "niu": 0.1430211511516291,
        "lee": 0.13578617888950265,
        "yyl": 0.10309474325592631,
        "1070": 0.04522587309075892,
        "banzhang": 0.037324812183372365,
        "prot": 0.02310498160720185
    },
    "portion": {
        "lsy": 0.053445184211421574,
        "lsy_2": 0.11410904307357089,
        "lsy_3": 0.10880778455169114,
        "master": 0.08594502649687848,
        "prol": 0.09369178061434828,
        "prol2": 0.07349384887107177,
        "putien": 0.13017916188775822,
        "zaiton": 0.13426970366026134,
        "niu": 0.06044559787238329,
        "lee": 0.057387852773473406,
        "yyl": 0.04357134132557525,
        "1070": 0.0191139905969098,
        "banzhang": 0.015774733804977206,
        "prot": 0.009764950259679316
    }
}