{
    "sum": 1.6264783759665238,
    "coin": {
        "1070": 0.017396340287388568,
        "banzhang": 0.03732481218337236,
        "lsy": 0.08945402601073381,
        "lsy_2": 0.17394456718091827,
        "lsy_3": 0.17965074378744073,
        "master": 0.16543764349041734,
        "niu": 0.11344408304668749,
        "prol": 0.17622336836899777,
        "prol2": 0.12319725461571178,
        "prot": 0.02310498160720185,
        "putien": 0.14987185460093336,
        "yyl": 0.09975859609347941,
        "zaiton": 0.16189102272744113,
        "lee": 0.11577908196580003
    },
    "portion": {
        "1070": 0.010695709543049357,
        "banzhang": 0.022948237575671635,
        "lsy": 0.05499859532874291,
        "lsy_2": 0.10694551477055629,
        "lsy_3": 0.11045381631998918,
        "master": 0.1017152431504705,
        "niu": 0.06974828852506207,
        "prol": 0.10834657931697261,
        "prol2": 0.07574478482845039,
        "prot": 0.014205526460486678,
        "putien": 0.09214500285739921,
        "yyl": 0.061334105369952145,
        "zaiton": 0.09953469109679278,
        "lee": 0.07118390485640431
    }
}