{
    "sum": 2.296852832084921,
    "coin": {
        "lsy": 0.12645737718677977,
        "lsy_2": 0.2699949586345197,
        "lsy_3": 0.2574515787517966,
        "master": 0.20335569599778647,
        "prol": 0.2216031988102114,
        "prol2": 0.17389479528842489,
        "putien": 0.27219442040238756,
        "zaiton": 0.2843430668346232,
        "niu": 0.1430211511516291,
        "lee": 0.13578617888950265,
        "yyl": 0.10309474325592631,
        "1070": 0.04522587309075892,
        "banzhang": 0.037324812183372365,
        "prot": 0.02310498160720185
    },
    "portion": {
        "lsy": 0.0550568044326944,
        "lsy_2": 0.11754996004225371,
        "lsy_3": 0.11208884398488005,
        "master": 0.08853666772075881,
        "prol": 0.09648123541683586,
        "prol2": 0.07571002933199489,
        "putien": 0.1185075580812501,
        "zaiton": 0.12379681573961211,
        "niu": 0.062268313038499994,
        "lee": 0.05911836274083156,
        "yyl": 0.04488521938183744,
        "1070": 0.01969036607787625,
        "banzhang": 0.016250415203786277,
        "prot": 0.010059408806888503
    }
}