{
    "sum": 0.9936913935280758,
    "coin": {
        "1070": 0.017396340287388568,
        "banzhang": 0.03732481218337236,
        "lsy": 0.04760942835591217,
        "lsy_2": 0.10358285242830058,
        "lsy_3": 0.10787848217879052,
        "master": 0.10012510581861744,
        "niu": 0.07576162168147649,
        "prol": 0.09873165803008327,
        "prol2": 0.08502751317262705,
        "prot": 0.02310498160720185,
        "putien": 0.0800313692538433,
        "yyl": 0.07711126425084101,
        "zaiton": 0.08748843775784625,
        "lee": 0.05251752652177493
    },
    "portion": {
        "1070": 0.017506783696317734,
        "banzhang": 0.03756177463795029,
        "lsy": 0.047911684317679476,
        "lsy_2": 0.1042404644972644,
        "lsy_3": 0.10856336573045153,
        "master": 0.10076076583809972,
        "niu": 0.07624260628089652,
        "prol": 0.09935847152659645,
        "prol2": 0.08556732374498993,
        "prot": 0.023251667225543945,
        "putien": 0.08053946101887224,
        "yyl": 0.07760081726889015,
        "zaiton": 0.0880438718979147,
        "lee": 0.05285094231853292
    }
}