{
    "sum": 2.0777729859212957,
    "coin": {
        "lsy": 0.12602640622628156,
        "lsy_2": 0.23542359258555032,
        "lsy_3": 0.24534006337292472,
        "master": 0.19796029693935763,
        "prol": 0.21641500191810226,
        "prol2": 0.1723454269449796,
        "putien": 0.2025673556738401,
        "zaiton": 0.2178408168644131,
        "niu": 0.1430211511516291,
        "lee": 0.126175280840426,
        "yyl": 0.10309474325592631,
        "1070": 0.0311330563572911,
        "banzhang": 0.037324812183372365,
        "prot": 0.02310498160720185
    },
    "portion": {
        "lsy": 0.060654559992943974,
        "lsy_2": 0.11330573367771563,
        "lsy_3": 0.11807837768385443,
        "master": 0.09527522894979837,
        "prol": 0.10415719300640666,
        "prol2": 0.08294718822160482,
        "putien": 0.09749253505864629,
        "zaiton": 0.10484341568615654,
        "niu": 0.068833867857904,
        "lee": 0.060726211042001405,
        "yyl": 0.04961790530268809,
        "1070": 0.01498385847166385,
        "banzhang": 0.01796385477926615,
        "prot": 0.01112007026934994
    }
}