{
    "sum": 2.286374954881869,
    "coin": {
        "lsy": 0.12645737718677977,
        "lsy_2": 0.2699949586345197,
        "lsy_3": 0.2574515787517966,
        "master": 0.20335569599778647,
        "prol": 0.2216031988102114,
        "prol2": 0.17389479528842489,
        "putien": 0.26660148253238264,
        "zaiton": 0.2794581275015764,
        "niu": 0.1430211511516291,
        "lee": 0.13578617888950265,
        "yyl": 0.10309474325592631,
        "1070": 0.04522587309075892,
        "banzhang": 0.037324812183372365,
        "prot": 0.02310498160720185
    },
    "portion": {
        "lsy": 0.05530911581968124,
        "lsy_2": 0.11808866172979474,
        "lsy_3": 0.11260251876101329,
        "master": 0.0889424088396268,
        "prol": 0.09692338447683051,
        "prol2": 0.07605698921654326,
        "putien": 0.11660444493722913,
        "zaiton": 0.1222276017784735,
        "niu": 0.06255367294251114,
        "lee": 0.05938928722061616,
        "yyl": 0.04509091697133856,
        "1070": 0.019780602037383507,
        "banzhang": 0.016324886739892075,
        "prot": 0.010105508529066103
    }
}