{
    "sum": 2.2659479452183082,
    "coin": {
        "lsy": 0.12645737718677977,
        "lsy_2": 0.2699949586345197,
        "lsy_3": 0.2574515787517966,
        "master": 0.20335569599778647,
        "prol": 0.2216031988102114,
        "prol2": 0.17389479528842489,
        "putien": 0.2556535271450826,
        "zaiton": 0.26997907322531567,
        "niu": 0.1430211511516291,
        "lee": 0.13578617888950265,
        "yyl": 0.10309474325592631,
        "1070": 0.04522587309075892,
        "banzhang": 0.037324812183372365,
        "prot": 0.02310498160720185
    },
    "portion": {
        "lsy": 0.05580771502436102,
        "lsy_2": 0.11915320438153648,
        "lsy_3": 0.11361760507123782,
        "master": 0.08974420459521834,
        "prol": 0.0977971269277598,
        "prol2": 0.07674262582041413,
        "putien": 0.1128240954010319,
        "zaiton": 0.11914619388986232,
        "niu": 0.06311758019571365,
        "lee": 0.05992466825023229,
        "yyl": 0.045497401418016184,
        "1070": 0.019958919703427575,
        "banzhang": 0.01647205191193233,
        "prot": 0.010196607409256195
    }
}