{
    "sum": 0.34819124500649096,
    "coin": {
        "1070": 0.0086508949782612,
        "banzhang": 0.029788345625644874,
        "lsy": 0.01845592763241787,
        "lsy_2": 0.0321991597318705,
        "lsy_3": 0.033276446401115295,
        "master": 0.031068258008649246,
        "niu": 0.03110347882958083,
        "prol": 0.030168822563741697,
        "prol2": 0.030987899492646704,
        "prot": 0.02310498160720185,
        "putien": 0.026091983075841114,
        "yyl": 0.024374923826709038,
        "zaiton": 0.028920123232810742
    },
    "portion": {
        "1070": 0.024845239799466904,
        "banzhang": 0.08555167900643097,
        "lsy": 0.05300514558335266,
        "lsy_2": 0.09247550073026749,
        "lsy_3": 0.09556945178358794,
        "master": 0.0892275680512015,
        "niu": 0.08932872171728787,
        "prol": 0.08664440302966059,
        "prol2": 0.08899677960618749,
        "prot": 0.06635715842531058,
        "putien": 0.07493578155692775,
        "yyl": 0.07000441331100855,
        "zaiton": 0.08305815739930972
    }
}