{
    "sum": 2.2693279344001738,
    "coin": {
        "lsy": 0.12645737718677977,
        "lsy_2": 0.2699949586345197,
        "lsy_3": 0.2574515787517966,
        "master": 0.20335569599778647,
        "prol": 0.2216031988102114,
        "prol2": 0.17389479528842489,
        "putien": 0.25741854930923813,
        "zaiton": 0.2715940402430258,
        "niu": 0.1430211511516291,
        "lee": 0.13578617888950265,
        "yyl": 0.10309474325592631,
        "1070": 0.04522587309075892,
        "banzhang": 0.037324812183372365,
        "prot": 0.02310498160720185
    },
    "portion": {
        "lsy": 0.05572459373096504,
        "lsy_2": 0.11897573486041121,
        "lsy_3": 0.11344838039895097,
        "master": 0.08961053751428712,
        "prol": 0.09765146563922474,
        "prol2": 0.07662832358972771,
        "putien": 0.11343382567459502,
        "zaiton": 0.11968038471919364,
        "niu": 0.06302357142112751,
        "lee": 0.05983541507208102,
        "yyl": 0.04542963654266927,
        "1070": 0.01992919242970187,
        "banzhang": 0.01644751805923458,
        "prot": 0.010181420347830396
    }
}