{
    "sum": 2.3406539194075324,
    "coin": {
        "lsy": 0.12645737718677977,
        "lsy_2": 0.2699949586345197,
        "lsy_3": 0.2574515787517966,
        "master": 0.20335569599778647,
        "prol": 0.2216853962665857,
        "prol2": 0.17389479528842489,
        "putien": 0.29503929649828836,
        "zaiton": 0.3052170806049597,
        "niu": 0.1430211511516291,
        "lee": 0.13578617888950265,
        "yyl": 0.10309474325592631,
        "1070": 0.04522587309075892,
        "banzhang": 0.037324812183372365,
        "prot": 0.02310498160720185
    },
    "portion": {
        "lsy": 0.05402651632445891,
        "lsy_2": 0.115350226018403,
        "lsy_3": 0.10999130483030266,
        "master": 0.0868798647726871,
        "prol": 0.09471088161666327,
        "prol2": 0.07429325362736292,
        "putien": 0.12604994444158105,
        "zaiton": 0.13039820969441585,
        "niu": 0.06110307464327349,
        "lee": 0.0580120699449122,
        "yyl": 0.04404527401557156,
        "1070": 0.019321896635708758,
        "banzhang": 0.015946318195053818,
        "prot": 0.009871165239605434
    }
}