{
    "sum": 2.15348239927889,
    "coin": {
        "lsy": 0.12628488061016963,
        "lsy_2": 0.2493178031148505,
        "lsy_3": 0.25478600957290404,
        "master": 0.20335569599778647,
        "prol": 0.22105727166887112,
        "prol2": 0.17383810270322028,
        "putien": 0.21469663487675966,
        "zaiton": 0.2305871318141375,
        "niu": 0.1430211511516291,
        "lee": 0.13578617888950265,
        "yyl": 0.10309474325592631,
        "1070": 0.037227001832558566,
        "banzhang": 0.037324812183372365,
        "prot": 0.02310498160720185
    },
    "portion": {
        "lsy": 0.058642169841953244,
        "lsy_2": 0.11577424695847827,
        "lsy_3": 0.11831348594175699,
        "master": 0.09443109266455194,
        "prol": 0.10265106960841373,
        "prol2": 0.08072418087161116,
        "putien": 0.09969741798152262,
        "zaiton": 0.10707639490870759,
        "niu": 0.06641389370051079,
        "lee": 0.06305423203596727,
        "yyl": 0.04787350167823446,
        "1070": 0.01728688465019464,
        "banzhang": 0.01733230426952682,
        "prot": 0.010729124888570593
    }
}