{
    "sum": 1.1606792592327428,
    "coin": {
        "1070": 0.017396340287388568,
        "banzhang": 0.03732481218337236,
        "lsy": 0.058804797550941895,
        "lsy_2": 0.12062255485648316,
        "lsy_3": 0.12800708916894804,
        "master": 0.1180126346698868,
        "niu": 0.08737161330061899,
        "prol": 0.11964891864652875,
        "prol2": 0.08502751317262705,
        "prot": 0.02310498160720185,
        "putien": 0.09797536347206942,
        "yyl": 0.0878759056258629,
        "zaiton": 0.10688003538788488,
        "lee": 0.07262669930292798
    },
    "portion": {
        "1070": 0.014988068537459927,
        "banzhang": 0.032157731678642734,
        "lsy": 0.05066412368720563,
        "lsy_2": 0.1039241064204246,
        "lsy_3": 0.11028635874269524,
        "master": 0.10167549194244933,
        "niu": 0.0752762768918394,
        "prol": 0.1030852560642995,
        "prol2": 0.07325668352929281,
        "prot": 0.019906431017364095,
        "putien": 0.08441209118946022,
        "yyl": 0.07571075723706178,
        "zaiton": 0.09208404004611663,
        "lee": 0.06257258301568794
    }
}