{
    "sum": 1.5964737044208002,
    "coin": {
        "1070": 0.017396340287388568,
        "banzhang": 0.03732481218337236,
        "lsy": 0.08725522102307735,
        "lsy_2": 0.1718977014788481,
        "lsy_3": 0.17870821670794643,
        "master": 0.16490239458363273,
        "niu": 0.10958816336191689,
        "prol": 0.17240360721709785,
        "prol2": 0.119235795268125,
        "prot": 0.02310498160720185,
        "putien": 0.14623256142573102,
        "yyl": 0.0982457673081257,
        "zaiton": 0.15840386554279812,
        "lee": 0.1117742764255382
    },
    "portion": {
        "1070": 0.010896728357765185,
        "banzhang": 0.02337953458301011,
        "lsy": 0.05465496912442633,
        "lsy_2": 0.10767336850137002,
        "lsy_3": 0.11193934244772398,
        "master": 0.10329164465847512,
        "niu": 0.06864388875210156,
        "prol": 0.10799025799153128,
        "prol2": 0.07468697726617657,
        "prot": 0.014472509971959938,
        "putien": 0.09159722519750747,
        "yyl": 0.06153923302092171,
        "zaiton": 0.09922109277726372,
        "lee": 0.07001322734976699
    }
}