{
    "sum": 2.0834282436016442,
    "coin": {
        "lsy": 0.1260867627421448,
        "lsy_2": 0.2361742924792039,
        "lsy_3": 0.24611457836862208,
        "master": 0.19874629690163714,
        "prol": 0.21712160669427272,
        "prol2": 0.17316026788141486,
        "putien": 0.20332092584975342,
        "zaiton": 0.21850075940676084,
        "niu": 0.1430211511516291,
        "lee": 0.126175280840426,
        "yyl": 0.10309474325592631,
        "1070": 0.031481784239278755,
        "banzhang": 0.037324812183372365,
        "prot": 0.02310498160720185
    },
    "portion": {
        "lsy": 0.06051888906151013,
        "lsy_2": 0.11335849612508225,
        "lsy_3": 0.11812961599443483,
        "master": 0.09539387666073987,
        "prol": 0.10421362356062348,
        "prol2": 0.08311314220357832,
        "putien": 0.09758959852549104,
        "zaiton": 0.10487558670560992,
        "niu": 0.06864702520514311,
        "lee": 0.060561375813119184,
        "yyl": 0.049483222459202794,
        "1070": 0.015110568043781468,
        "banzhang": 0.017915093691371186,
        "prot": 0.01108988595031237
    }
}