{
    "sum": 1.5347259195068617,
    "coin": {
        "1070": 0.017396340287388568,
        "banzhang": 0.03732481218337236,
        "lsy": 0.0835754816074559,
        "lsy_2": 0.1657434965207714,
        "lsy_3": 0.17225169624419562,
        "master": 0.1587226185551868,
        "niu": 0.1038579312244448,
        "prol": 0.1663346140125196,
        "prol2": 0.11295022372280804,
        "prot": 0.02310498160720185,
        "putien": 0.1407406030416841,
        "yyl": 0.09453368338991781,
        "zaiton": 0.1526633985803968,
        "lee": 0.10552603852951843
    },
    "portion": {
        "1070": 0.011335144644574949,
        "banzhang": 0.024320181023179416,
        "lsy": 0.05445629121472737,
        "lsy_2": 0.10799550226794118,
        "lsy_3": 0.11223612897574803,
        "master": 0.10342082357362387,
        "niu": 0.06767197315453984,
        "prol": 0.10838066386861196,
        "prol2": 0.07359634856437508,
        "prot": 0.015054793376152759,
        "putien": 0.09170406341147017,
        "yyl": 0.061596459790223254,
        "zaiton": 0.09947274405155718,
        "lee": 0.06875888208327521
    }
}