{
    "sum": 2.2629668436915593,
    "coin": {
        "lsy": 0.12645737718677977,
        "lsy_2": 0.2699949586345197,
        "lsy_3": 0.2574515787517966,
        "master": 0.20335569599778647,
        "prol": 0.2216031988102114,
        "prol2": 0.17389479528842489,
        "putien": 0.2540866002001125,
        "zaiton": 0.2685648986435368,
        "niu": 0.1430211511516291,
        "lee": 0.13578617888950265,
        "yyl": 0.10309474325592631,
        "1070": 0.04522587309075892,
        "banzhang": 0.037324812183372365,
        "prot": 0.02310498160720185
    },
    "portion": {
        "lsy": 0.055881232877672604,
        "lsy_2": 0.11931016991573733,
        "lsy_3": 0.1137672783273386,
        "master": 0.08986242841545747,
        "prol": 0.09792595920173179,
        "prol2": 0.07684372211337914,
        "putien": 0.11228030181194484,
        "zaiton": 0.11867822959590034,
        "niu": 0.06320072764226624,
        "lee": 0.06000360953941144,
        "yyl": 0.045557337061001166,
        "1070": 0.019985212428911384,
        "banzhang": 0.016493751239626958,
        "prot": 0.010210039829620696
    }
}