{
    "sum": 2.322240332502613,
    "coin": {
        "lsy": 0.12645737718677977,
        "lsy_2": 0.2699949586345197,
        "lsy_3": 0.2574515787517966,
        "master": 0.20335569599778647,
        "prol": 0.2216031988102114,
        "prol2": 0.17389479528842489,
        "putien": 0.2855217960572517,
        "zaiton": 0.29640319159745115,
        "niu": 0.1430211511516291,
        "lee": 0.13578617888950265,
        "yyl": 0.10309474325592631,
        "1070": 0.04522587309075892,
        "banzhang": 0.037324812183372365,
        "prot": 0.02310498160720185
    },
    "portion": {
        "lsy": 0.054454905212373186,
        "lsy_2": 0.11626486494770065,
        "lsy_3": 0.11086345161973321,
        "master": 0.08756875554677658,
        "prol": 0.09542647059763874,
        "prol2": 0.07488234221693298,
        "putien": 0.12295101073778739,
        "zaiton": 0.12763674260967892,
        "niu": 0.061587575217720576,
        "lee": 0.058472061219938296,
        "yyl": 0.044394519298019436,
        "1070": 0.019475104474660585,
        "banzhang": 0.01607276028280349,
        "prot": 0.009949436018236004
    }
}