{
    "sum": 2.2474911929505184,
    "coin": {
        "lsy": 0.12644948485969393,
        "lsy_2": 0.2699949586345197,
        "lsy_3": 0.2573582780152462,
        "master": 0.20335569599778647,
        "prol": 0.2215752526686047,
        "prol2": 0.17389479528842489,
        "putien": 0.24573175613709067,
        "zaiton": 0.2615732311707605,
        "niu": 0.1430211511516291,
        "lee": 0.13578617888950265,
        "yyl": 0.10309474325592631,
        "1070": 0.04522587309075892,
        "banzhang": 0.037324812183372365,
        "prot": 0.02310498160720185
    },
    "portion": {
        "lsy": 0.056262505168569926,
        "lsy_2": 0.12013170929496231,
        "lsy_3": 0.11450913748737981,
        "master": 0.0904811981624809,
        "prol": 0.09858781799172238,
        "prol2": 0.07737284837149233,
        "putien": 0.10933602628025996,
        "zaiton": 0.11638454112354751,
        "niu": 0.0636359117224705,
        "lee": 0.06041677908034061,
        "yyl": 0.04587103325667897,
        "1070": 0.02012282550099169,
        "banzhang": 0.01660732300106242,
        "prot": 0.010280343558040602
    }
}