{
    "sum": 0.5121066870847465,
    "coin": {
        "1070": 0.015449716309271243,
        "banzhang": 0.03732481218337236,
        "lsy": 0.028228676290458603,
        "lsy_2": 0.04714120622033685,
        "lsy_3": 0.0488855512022684,
        "master": 0.04602005996997436,
        "niu": 0.047683465361766764,
        "prol": 0.04688166791558264,
        "prol2": 0.04633262458150132,
        "prot": 0.02310498160720185,
        "putien": 0.036385640979137886,
        "yyl": 0.03627891101404871,
        "zaiton": 0.0429393997414313,
        "lee": 0.009449973708394163
    },
    "portion": {
        "1070": 0.030168940767443114,
        "banzhang": 0.07288483654812268,
        "lsy": 0.055122647296709,
        "lsy_2": 0.09205348691831404,
        "lsy_3": 0.09545970094738976,
        "master": 0.08986420433591934,
        "niu": 0.09311236616184981,
        "prol": 0.09154668177145747,
        "prol2": 0.09047455491209769,
        "prot": 0.04511751591983859,
        "putien": 0.07105089993311603,
        "yyl": 0.07084248639784908,
        "zaiton": 0.08384854332965473,
        "lee": 0.018453134760238594
    }
}