{
    "sum": 2.181345766332891,
    "coin": {
        "lsy": 0.12644948485969393,
        "lsy_2": 0.25572491299045436,
        "lsy_3": 0.25610251164399944,
        "master": 0.20335569599778647,
        "prol": 0.2215752526686047,
        "prol2": 0.17383810270322028,
        "putien": 0.22145041860807155,
        "zaiton": 0.23897478441835254,
        "niu": 0.1430211511516291,
        "lee": 0.13578617888950265,
        "yyl": 0.10309474325592631,
        "1070": 0.04154273535507508,
        "banzhang": 0.037324812183372365,
        "prot": 0.02310498160720185
    },
    "portion": {
        "lsy": 0.05796856546602008,
        "lsy_2": 0.11723263543879119,
        "lsy_3": 0.1174057389693607,
        "master": 0.09322487940078032,
        "prol": 0.10157731804302617,
        "prol2": 0.07969305251201116,
        "putien": 0.10152009004072601,
        "zaiton": 0.10955383053283589,
        "niu": 0.06556555744578961,
        "lee": 0.0622488103377466,
        "yyl": 0.047261990669751175,
        "1070": 0.019044543967421314,
        "banzhang": 0.017110910502794768,
        "prot": 0.010592076672944956
    }
}