{
    "sum": 2.040737113891953,
    "coin": {
        "lsy": 0.12348435506230163,
        "lsy_2": 0.23049768367495885,
        "lsy_3": 0.2398672225833659,
        "master": 0.19371229561020464,
        "prol": 0.21211764564972588,
        "prol2": 0.16875362230662702,
        "putien": 0.1978426084189584,
        "zaiton": 0.21340273638263396,
        "niu": 0.14277010601970758,
        "lee": 0.126175280840426,
        "yyl": 0.10309474325592631,
        "1070": 0.028589020296542686,
        "banzhang": 0.037324812183372365,
        "prot": 0.02310498160720185
    },
    "portion": {
        "lsy": 0.06050968261502374,
        "lsy_2": 0.11294824899585895,
        "lsy_3": 0.11753950126672989,
        "master": 0.09492270919734974,
        "prol": 0.10394168078081834,
        "prol2": 0.08269248457229837,
        "putien": 0.09694664103091978,
        "zaiton": 0.10457139968197424,
        "niu": 0.06996006739321083,
        "lee": 0.06182828742688627,
        "yyl": 0.05051838502574746,
        "1070": 0.014009163699688729,
        "banzhang": 0.018289867876313114,
        "prot": 0.011321880437180675
    }
}