{
    "sum": 2.22902439341244,
    "coin": {
        "lsy": 0.12644948485969393,
        "lsy_2": 0.269840170639765,
        "lsy_3": 0.25715658243741574,
        "master": 0.20335569599778647,
        "prol": 0.2215752526686047,
        "prol2": 0.17389479528842489,
        "putien": 0.23627408292325264,
        "zaiton": 0.2529205884191055,
        "niu": 0.1430211511516291,
        "lee": 0.13578617888950265,
        "yyl": 0.10309474325592631,
        "1070": 0.04522587309075892,
        "banzhang": 0.037324812183372365,
        "prot": 0.02310498160720185
    },
    "portion": {
        "lsy": 0.056728623174065365,
        "lsy_2": 0.12105752249156121,
        "lsy_3": 0.11536732536324185,
        "master": 0.09123080779141533,
        "prol": 0.09940458853812385,
        "prol2": 0.07801385924817417,
        "putien": 0.10599887718659635,
        "zaiton": 0.11346694507542214,
        "niu": 0.06416311619303382,
        "lee": 0.060917314001048675,
        "yyl": 0.04625106102948355,
        "1070": 0.020289537083765196,
        "banzhang": 0.016744909698467394,
        "prot": 0.010365513125601179
    }
}