{
    "sum": 2.226065273787436,
    "coin": {
        "lsy": 0.12644948485969393,
        "lsy_2": 0.2689291986223327,
        "lsy_3": 0.25715658243741574,
        "master": 0.20335569599778647,
        "prol": 0.2215752526686047,
        "prol2": 0.17389479528842489,
        "putien": 0.23521703456923784,
        "zaiton": 0.2519294891655485,
        "niu": 0.1430211511516291,
        "lee": 0.13578617888950265,
        "yyl": 0.10309474325592631,
        "1070": 0.04522587309075892,
        "banzhang": 0.037324812183372365,
        "prot": 0.02310498160720185
    },
    "portion": {
        "lsy": 0.056804032814613874,
        "lsy_2": 0.12080921516051303,
        "lsy_3": 0.11552068372186074,
        "master": 0.09135208135734327,
        "prol": 0.09953672755139642,
        "prol2": 0.07811756345875681,
        "putien": 0.10566493145505958,
        "zaiton": 0.11317255254465865,
        "niu": 0.06424840854207854,
        "lee": 0.060998291689118134,
        "yyl": 0.04631254279463266,
        "1070": 0.02031650806618597,
        "banzhang": 0.016767168790099218,
        "prot": 0.01037929205368311
    }
}