{
    "sum": 1.9537872182857337,
    "coin": {
        "lsy": 0.11727289813798729,
        "lsy_2": 0.21881634669858374,
        "lsy_3": 0.23007918572130368,
        "master": 0.1833757429299197,
        "prol": 0.20503193295962086,
        "prol2": 0.15665651027178687,
        "putien": 0.18792479529533826,
        "zaiton": 0.20252365073085807,
        "niu": 0.1392846888246054,
        "lee": 0.126175280840426,
        "yyl": 0.10309474325592631,
        "1070": 0.023121648828803295,
        "banzhang": 0.037324812183372365,
        "prot": 0.02310498160720185
    },
    "portion": {
        "lsy": 0.06002337257630508,
        "lsy_2": 0.11199599662166626,
        "lsy_3": 0.11776061567399174,
        "master": 0.09385655777337659,
        "prol": 0.10494076890292961,
        "prol2": 0.08018094744689669,
        "putien": 0.09618488315233466,
        "zaiton": 0.10365696368336041,
        "niu": 0.07128958953207543,
        "lee": 0.0645798476208341,
        "yyl": 0.052766617721239036,
        "1070": 0.01183427172232726,
        "banzhang": 0.019103826575404364,
        "prot": 0.011825740997258812
    }
}