{
    "sum": 2.345287219312944,
    "coin": {
        "lsy": 0.12645737718677977,
        "lsy_2": 0.2699949586345197,
        "lsy_3": 0.2574515787517966,
        "master": 0.20335569599778647,
        "prol": 0.2216853962665857,
        "prol2": 0.17389479528842489,
        "putien": 0.29790904339153484,
        "zaiton": 0.3069806336171251,
        "niu": 0.1430211511516291,
        "lee": 0.13578617888950265,
        "yyl": 0.10309474325592631,
        "1070": 0.04522587309075892,
        "banzhang": 0.037324812183372365,
        "prot": 0.02310498160720185
    },
    "portion": {
        "lsy": 0.053919782679677786,
        "lsy_2": 0.11512234254771371,
        "lsy_3": 0.10977400833114907,
        "master": 0.08670822674647068,
        "prol": 0.09452377279893626,
        "prol2": 0.07414648144433571,
        "putien": 0.12702454562422755,
        "zaiton": 0.13089255383699042,
        "niu": 0.0609823606993123,
        "lee": 0.05789746252456082,
        "yyl": 0.043958259102323545,
        "1070": 0.01928372470473272,
        "banzhang": 0.01591481498556357,
        "prot": 0.00985166397400592
    }
}