{
    "sum": 0.8475616019305744,
    "coin": {
        "1070": 0.017396340287388568,
        "banzhang": 0.03732481218337236,
        "lsy": 0.03804921631639124,
        "lsy_2": 0.08585031368970295,
        "lsy_3": 0.08961910136055837,
        "master": 0.08438845490576943,
        "niu": 0.07208139357636373,
        "prol": 0.08107101122262834,
        "prol2": 0.0787793718921213,
        "prot": 0.02310498160720185,
        "putien": 0.06488011795231009,
        "yyl": 0.06294192134611491,
        "zaiton": 0.07619134850735935,
        "lee": 0.03588321708329197
    },
    "portion": {
        "1070": 0.020525163301125502,
        "banzhang": 0.04403787535720585,
        "lsy": 0.0448925673717672,
        "lsy_2": 0.10129094273991796,
        "lsy_3": 0.10573756663400528,
        "master": 0.09956616098882907,
        "niu": 0.08504561015055054,
        "prol": 0.0956520576651478,
        "prol2": 0.09294825498545212,
        "prot": 0.027260533694038715,
        "putien": 0.07654914734755122,
        "yyl": 0.07426235591931714,
        "zaiton": 0.08989476202533342,
        "lee": 0.04233700181975828
    }
}