{
    "sum": 1.9164831110751708,
    "coin": {
        "1070": 0.021139338435140893,
        "banzhang": 0.03732481218337236,
        "lsy": 0.11572332381367406,
        "lsy_2": 0.21362623959231286,
        "lsy_3": 0.22548922783178146,
        "master": 0.17950889138446913,
        "niu": 0.1351170604674246,
        "prol": 0.20132031262888658,
        "prol2": 0.15223187391115167,
        "prot": 0.02310498160720185,
        "putien": 0.1839766889204482,
        "yyl": 0.10309474325592632,
        "zaiton": 0.19865033620295514,
        "lee": 0.12617528084042598
    },
    "portion": {
        "1070": 0.011030276402113171,
        "banzhang": 0.019475680201759084,
        "lsy": 0.06038316912104268,
        "lsy_2": 0.11146784355040097,
        "lsy_3": 0.11765782152146345,
        "master": 0.09366578309357625,
        "niu": 0.07050260953858459,
        "prol": 0.10504674498067629,
        "prol2": 0.07943293266265608,
        "prot": 0.012055927586150065,
        "putien": 0.0959970311542349,
        "yyl": 0.05379371342233687,
        "zaiton": 0.10365358038115444,
        "lee": 0.06583688638385135
    }
}