{
    "sum": 1.7867686051731897,
    "coin": {
        "1070": 0.017396340287388568,
        "banzhang": 0.03732481218337236,
        "lsy": 0.10520153787079227,
        "lsy_2": 0.19839774892382206,
        "lsy_3": 0.20691315147366088,
        "master": 0.1673375659231708,
        "niu": 0.1285413487284333,
        "prol": 0.18604079909473176,
        "prol2": 0.13458929490419075,
        "prot": 0.02310498160720185,
        "putien": 0.169833796783449,
        "yyl": 0.10309474325592632,
        "zaiton": 0.18281720329662365,
        "lee": 0.12617528084042598
    },
    "portion": {
        "1070": 0.009736202123219172,
        "banzhang": 0.020889561230987994,
        "lsy": 0.05887809846569091,
        "lsy_2": 0.1110371809474409,
        "lsy_3": 0.11580299255012094,
        "master": 0.09365374197793841,
        "niu": 0.07194068015089952,
        "prol": 0.10412137226728305,
        "prol2": 0.0753255315291065,
        "prot": 0.012931154901819147,
        "putien": 0.09505080640645529,
        "yyl": 0.05769898964949267,
        "zaiton": 0.10231722382367658,
        "lee": 0.07061646397586885
    }
}