{
    "sum": 1.11711557785513,
    "coin": {
        "1070": 0.017396340287388568,
        "banzhang": 0.03732481218337236,
        "lsy": 0.056402548327035514,
        "lsy_2": 0.11524913008087002,
        "lsy_3": 0.12172946177531625,
        "master": 0.11287471054689185,
        "niu": 0.0847982391882856,
        "prol": 0.11372625594185565,
        "prol2": 0.08502751317262705,
        "prot": 0.02310498160720185,
        "putien": 0.09335647783240272,
        "yyl": 0.0878759056258629,
        "zaiton": 0.10143001425432462,
        "lee": 0.06681918703169493
    },
    "portion": {
        "1070": 0.015572551875777855,
        "banzhang": 0.03341177307278828,
        "lsy": 0.05048944750670187,
        "lsy_2": 0.10316670214388128,
        "lsy_3": 0.1089676522182581,
        "master": 0.10104121076138971,
        "niu": 0.0759082058018552,
        "prol": 0.10180348228623835,
        "prol2": 0.07611344328030989,
        "prot": 0.02068271364684,
        "putien": 0.08356922030542967,
        "yyl": 0.07866321745739618,
        "zaiton": 0.09079634754451368,
        "lee": 0.059814032098619775
    }
}