{
    "sum": 1.8383750380680808,
    "coin": {
        "1070": 0.017396340287388568,
        "banzhang": 0.03732481218337236,
        "lsy": 0.10992172978119694,
        "lsy_2": 0.20454424533981852,
        "lsy_3": 0.21524004251979587,
        "master": 0.17018837963246097,
        "niu": 0.1320671414105179,
        "prol": 0.19165160598064557,
        "prol2": 0.14193860538389771,
        "prot": 0.02310498160720185,
        "putien": 0.1758254561772985,
        "yyl": 0.10309474325592632,
        "zaiton": 0.1899016736681335,
        "lee": 0.12617528084042598
    },
    "portion": {
        "1070": 0.00946288974075176,
        "banzhang": 0.020303154367563876,
        "lsy": 0.059792875504180006,
        "lsy_2": 0.11126361112625356,
        "lsy_3": 0.11708168249825031,
        "master": 0.09257544086940456,
        "niu": 0.07183906367076501,
        "prol": 0.10425054845286041,
        "prol2": 0.07720873186630012,
        "prot": 0.012568154554297316,
        "putien": 0.09564177740471862,
        "yyl": 0.05607927714481315,
        "zaiton": 0.10329865763826851,
        "lee": 0.06863413516157268
    }
}