{
    "sum": 2.214698965937689,
    "coin": {
        "lsy": 0.12644948485969393,
        "lsy_2": 0.26596124900804813,
        "lsy_3": 0.25700290177698787,
        "master": 0.20335569599778647,
        "prol": 0.2215752526686047,
        "prol2": 0.17389479528842489,
        "putien": 0.23063892531961222,
        "zaiton": 0.2482629208401392,
        "niu": 0.1430211511516291,
        "lee": 0.13578617888950265,
        "yyl": 0.10309474325592631,
        "1070": 0.04522587309075892,
        "banzhang": 0.037324812183372365,
        "prot": 0.02310498160720185
    },
    "portion": {
        "lsy": 0.05709556323658464,
        "lsy_2": 0.12008911960431692,
        "lsy_3": 0.11604416931136939,
        "master": 0.09182091973916962,
        "prol": 0.10004757128461078,
        "prol2": 0.07851847946964612,
        "putien": 0.10414007902060912,
        "zaiton": 0.11209781765307608,
        "niu": 0.06457814508938234,
        "lee": 0.061311347942952454,
        "yyl": 0.04655022865027468,
        "1070": 0.02042077672240687,
        "banzhang": 0.0168532214795022,
        "prot": 0.010432560796098694
    }
}