{
    "sum": 2.365355425555975,
    "coin": {
        "lsy": 0.12645737718677977,
        "lsy_2": 0.2699949586345197,
        "lsy_3": 0.2574515787517966,
        "master": 0.20335569599778647,
        "prol": 0.2216853962665857,
        "prol2": 0.17389479528842489,
        "putien": 0.3080186853052524,
        "zaiton": 0.31693919794643827,
        "niu": 0.1430211511516291,
        "lee": 0.13578617888950265,
        "yyl": 0.10309474325592631,
        "1070": 0.04522587309075892,
        "banzhang": 0.037324812183372365,
        "prot": 0.02310498160720185
    },
    "portion": {
        "lsy": 0.05346231514321196,
        "lsy_2": 0.11414561875877813,
        "lsy_3": 0.10884266100993376,
        "master": 0.08597257469244304,
        "prol": 0.09372181189830223,
        "prol2": 0.07351740605644966,
        "putien": 0.13022088857231798,
        "zaiton": 0.13399220874889953,
        "niu": 0.060464972666005194,
        "lee": 0.05740624745965449,
        "yyl": 0.04358530736736699,
        "1070": 0.019120117256850994,
        "banzhang": 0.01577979012376087,
        "prot": 0.0097680802460252
    }
}