{
    "sum": 0.9868344800725543,
    "coin": {
        "1070": 0.017396340287388568,
        "banzhang": 0.03732481218337236,
        "lsy": 0.04712496390950498,
        "lsy_2": 0.1026946676098874,
        "lsy_3": 0.10700454631468341,
        "master": 0.0993873266289908,
        "niu": 0.07576162168147649,
        "prol": 0.09792421728607126,
        "prol2": 0.08502751317262705,
        "prot": 0.02310498160720185,
        "putien": 0.07926825858989472,
        "yyl": 0.07643048087843876,
        "zaiton": 0.0866920795338501,
        "lee": 0.051692670389166605
    },
    "portion": {
        "1070": 0.01762842770360998,
        "banzhang": 0.03782276859704796,
        "lsy": 0.047753665747512435,
        "lsy_2": 0.10406473393829638,
        "lsy_3": 0.10843211143860336,
        "master": 0.10071326918135616,
        "niu": 0.07677236984656872,
        "prol": 0.0992306402577985,
        "prol2": 0.08616187910902307,
        "prot": 0.023413228939368962,
        "putien": 0.08032578937054038,
        "yyl": 0.07745015240328795,
        "zaiton": 0.08784865272185899,
        "lee": 0.05238231074512723
    }
}