{
    "sum": 1.7250674822884469,
    "coin": {
        "1070": 0.017396340287388568,
        "banzhang": 0.03732481218337236,
        "lsy": 0.09707744186811629,
        "lsy_2": 0.1842354163437773,
        "lsy_3": 0.19134096073841164,
        "master": 0.1673375659231708,
        "niu": 0.12788095820675052,
        "prol": 0.18604079909473176,
        "prol2": 0.13271621278489726,
        "prot": 0.02310498160720185,
        "putien": 0.15964194154942934,
        "yyl": 0.10309474325592632,
        "zaiton": 0.17170002760484687,
        "lee": 0.12617528084042598
    },
    "portion": {
        "1070": 0.010084440444214311,
        "banzhang": 0.021636725847882694,
        "lsy": 0.05627457642372048,
        "lsy_2": 0.1067989619161875,
        "lsy_3": 0.1109179569512155,
        "master": 0.09700348980040101,
        "niu": 0.07413098879882989,
        "prol": 0.10784551967087862,
        "prol2": 0.07693392527974503,
        "prot": 0.013393668273516554,
        "putien": 0.0925424327966874,
        "yyl": 0.05976273062614484,
        "zaiton": 0.09953235416452948,
        "lee": 0.0731422290060467
    }
}