{
    "sum": 2.1625688216756425,
    "coin": {
        "lsy": 0.12628488061016963,
        "lsy_2": 0.2503852716116511,
        "lsy_3": 0.25478600957290404,
        "master": 0.20335569599778647,
        "prol": 0.2215401079568406,
        "prol2": 0.17383810270322028,
        "putien": 0.21770770873819148,
        "zaiton": 0.23362073215349588,
        "niu": 0.1430211511516291,
        "lee": 0.13578617888950265,
        "yyl": 0.10309474325592631,
        "1070": 0.03871844524375037,
        "banzhang": 0.037324812183372365,
        "prot": 0.02310498160720185
    },
    "portion": {
        "lsy": 0.05839577420353225,
        "lsy_2": 0.1157814119495364,
        "lsy_3": 0.11781637052155683,
        "master": 0.09403432342107779,
        "prol": 0.10244303244193759,
        "prol2": 0.0803850036867376,
        "putien": 0.10067088110957924,
        "zaiton": 0.10802927047310219,
        "niu": 0.06613484376456087,
        "lee": 0.0627892983235975,
        "yyl": 0.04767235253860938,
        "1070": 0.017903913556725475,
        "banzhang": 0.017259479471479502,
        "prot": 0.010684044537967218
    }
}