{
    "sum": 2.241973822059744,
    "coin": {
        "lsy": 0.12644948485969393,
        "lsy_2": 0.2699949586345197,
        "lsy_3": 0.25715658243741574,
        "master": 0.20335569599778647,
        "prol": 0.2215752526686047,
        "prol2": 0.17389479528842489,
        "putien": 0.2429235184553489,
        "zaiton": 0.2590657935395586,
        "niu": 0.1430211511516291,
        "lee": 0.13578617888950265,
        "yyl": 0.10309474325592631,
        "1070": 0.04522587309075892,
        "banzhang": 0.037324812183372365,
        "prot": 0.02310498160720185
    },
    "portion": {
        "lsy": 0.05640096401461208,
        "lsy_2": 0.12042734664335653,
        "lsy_3": 0.11470097460868704,
        "master": 0.0907038672784144,
        "prol": 0.09883043704098173,
        "prol2": 0.07756325857929261,
        "putien": 0.10835252225745011,
        "zaiton": 0.11555255060986838,
        "niu": 0.06379251610539897,
        "lee": 0.060565461359737595,
        "yyl": 0.045983919277528054,
        "1070": 0.020172346637486183,
        "banzhang": 0.01664819268455211,
        "prot": 0.01030564290263428
    }
}