{
    "sum": 1.9313605926626156,
    "coin": {
        "1070": 0.021915622377915264,
        "banzhang": 0.03732481218337236,
        "lsy": 0.11627213820396919,
        "lsy_2": 0.21578672368995422,
        "lsy_3": 0.22739711863945825,
        "master": 0.1811088463381173,
        "niu": 0.1368264454464893,
        "prol": 0.2025382854854852,
        "prol2": 0.15399279674045654,
        "prot": 0.02310498160720185,
        "putien": 0.18558397363384554,
        "yyl": 0.10309474325592632,
        "zaiton": 0.20023882421999847,
        "lee": 0.12617528084042598
    },
    "portion": {
        "1070": 0.011347245284580396,
        "banzhang": 0.019325656910041622,
        "lsy": 0.060202190438023745,
        "lsy_2": 0.11172782778614425,
        "lsy_3": 0.11773933852816353,
        "master": 0.09377267353707197,
        "niu": 0.07084458798957755,
        "prol": 0.10486818787488127,
        "prol2": 0.07973280459665937,
        "prot": 0.011963059459212028,
        "putien": 0.09608975886682841,
        "yyl": 0.05337933457252417,
        "zaiton": 0.10367759649892457,
        "lee": 0.06532973765736723
    }
}