{
    "sum": 2.273895753309811,
    "coin": {
        "lsy": 0.12645737718677977,
        "lsy_2": 0.2699949586345197,
        "lsy_3": 0.2574515787517966,
        "master": 0.20335569599778647,
        "prol": 0.2216031988102114,
        "prol2": 0.17389479528842489,
        "putien": 0.25976681385657024,
        "zaiton": 0.2738135946053307,
        "niu": 0.1430211511516291,
        "lee": 0.13578617888950265,
        "yyl": 0.10309474325592631,
        "1070": 0.04522587309075892,
        "banzhang": 0.037324812183372365,
        "prot": 0.02310498160720185
    },
    "portion": {
        "lsy": 0.055612653747522243,
        "lsy_2": 0.11873673550844342,
        "lsy_3": 0.11322048443824137,
        "master": 0.08943052719184172,
        "prol": 0.09745530263982101,
        "prol2": 0.07647439203635835,
        "putien": 0.11423866440599216,
        "zaiton": 0.12041607193591715,
        "niu": 0.06289696919634598,
        "lee": 0.0597152172397774,
        "yyl": 0.04533837714673808,
        "1070": 0.019889158517900202,
        "banzhang": 0.01641447816112218,
        "prot": 0.010160967833978742
    }
}