{
    "sum": 2.0513624805156137,
    "coin": {
        "lsy": 0.12454682117706875,
        "lsy_2": 0.23158858739566027,
        "lsy_3": 0.2412329505806917,
        "master": 0.19454826336655529,
        "prol": 0.21278033285306275,
        "prol2": 0.17043626477612492,
        "putien": 0.1993935663435162,
        "zaiton": 0.21477318059865766,
        "niu": 0.1430211511516291,
        "lee": 0.126175280840426,
        "yyl": 0.10309474325592631,
        "1070": 0.029341544385720713,
        "banzhang": 0.037324812183372365,
        "prot": 0.02310498160720185
    },
    "portion": {
        "lsy": 0.06071419476569723,
        "lsy_2": 0.11289500982656661,
        "lsy_3": 0.11759645253922035,
        "master": 0.09483855984226407,
        "prol": 0.103726345233525,
        "prol2": 0.08308442140039797,
        "putien": 0.09720055243157137,
        "zaiton": 0.10469782041868779,
        "niu": 0.06972007751437498,
        "lee": 0.06150803772559573,
        "yyl": 0.0502567168090221,
        "1070": 0.014303442060783749,
        "banzhang": 0.01819513252186942,
        "prot": 0.011263236910423736
    }
}