{
    "sum": 1.194091071431565,
    "coin": {
        "1070": 0.017396340287388568,
        "banzhang": 0.03732481218337236,
        "lsy": 0.061308643064550465,
        "lsy_2": 0.1254510468163398,
        "lsy_3": 0.13325501331223566,
        "master": 0.12216061427456579,
        "niu": 0.0883672768751756,
        "prol": 0.1247654662584611,
        "prol2": 0.08502751317262705,
        "prot": 0.02310498160720185,
        "putien": 0.10246447192939401,
        "yyl": 0.0878759056258629,
        "zaiton": 0.11167499542119438,
        "lee": 0.07391399060319541
    },
    "portion": {
        "1070": 0.014568688020196436,
        "banzhang": 0.03125792753698812,
        "lsy": 0.05134335607337648,
        "lsy_2": 0.10505986504525136,
        "lsy_3": 0.11159535189596524,
        "master": 0.10230426907732472,
        "niu": 0.07400380003615165,
        "prol": 0.10448572076573943,
        "prol2": 0.07120689133927596,
        "prot": 0.019349430005788325,
        "putien": 0.08580959558348594,
        "yyl": 0.07359229771353264,
        "zaiton": 0.09352301352300552,
        "lee": 0.061899793383918225
    }
}