{
    "sum": 1.7698788252338156,
    "coin": {
        "1070": 0.017396340287388568,
        "banzhang": 0.03732481218337236,
        "lsy": 0.1031418085573498,
        "lsy_2": 0.19490906044438452,
        "lsy_3": 0.20309320028541825,
        "master": 0.1673375659231708,
        "niu": 0.1283035263008321,
        "prol": 0.18604079909473176,
        "prol2": 0.13306351580945094,
        "prot": 0.02310498160720185,
        "putien": 0.16708851262395635,
        "yyl": 0.10309474325592632,
        "zaiton": 0.179804678020206,
        "lee": 0.12617528084042598
    },
    "portion": {
        "1070": 0.0098291137446036,
        "banzhang": 0.021088908263785483,
        "lsy": 0.058276197831636255,
        "lsy_2": 0.11012565248281075,
        "lsy_3": 0.11474977687163863,
        "master": 0.09454747044677714,
        "niu": 0.0724928308489606,
        "prol": 0.10511499230471569,
        "prol2": 0.0751822745785278,
        "prot": 0.013054555644028056,
        "putien": 0.09440675273454531,
        "yyl": 0.058249605445337006,
        "zaiton": 0.1015915188411005,
        "lee": 0.0712903499615332
    }
}