{
    "sum": 1.5091023154039653,
    "coin": {
        "1070": 0.017396340287388568,
        "banzhang": 0.03732481218337236,
        "lsy": 0.08162666195337298,
        "lsy_2": 0.16314631325561443,
        "lsy_3": 0.1695032798286853,
        "master": 0.15574150743231735,
        "niu": 0.1038579312244448,
        "prol": 0.16305245028392998,
        "prol2": 0.11001754317179535,
        "prot": 0.02310498160720185,
        "putien": 0.1377609213041587,
        "yyl": 0.09453368338991781,
        "zaiton": 0.14974406423209652,
        "lee": 0.10229182524966977
    },
    "portion": {
        "1070": 0.011527608240884458,
        "banzhang": 0.024733122335301057,
        "lsy": 0.05408954788564,
        "lsy_2": 0.10810818563481063,
        "lsy_3": 0.1123206015248288,
        "master": 0.10320142368254703,
        "niu": 0.06882100051423186,
        "prol": 0.10804598775019647,
        "prol2": 0.0729026402310868,
        "prot": 0.015310414258437457,
        "putien": 0.09128666750953997,
        "yyl": 0.06264232877053964,
        "zaiton": 0.09922724437144088,
        "lee": 0.06778322729051522
    }
}