{
    "sum": 1.2446530487947978,
    "coin": {
        "1070": 0.017396340287388568,
        "banzhang": 0.03732481218337236,
        "lsy": 0.065474714979346,
        "lsy_2": 0.13355975488368033,
        "lsy_3": 0.138629423904565,
        "master": 0.12886391906156403,
        "niu": 0.09126640069685582,
        "prol": 0.13313595384427493,
        "prol2": 0.08502751317262705,
        "prot": 0.02310498160720185,
        "putien": 0.10936866047149438,
        "yyl": 0.0878759056258629,
        "zaiton": 0.11971067747336914,
        "lee": 0.07391399060319541
    },
    "portion": {
        "1070": 0.01397685909678485,
        "banzhang": 0.029988125782935342,
        "lsy": 0.052604792189072616,
        "lsy_2": 0.10730681535148028,
        "lsy_3": 0.11137997375156104,
        "master": 0.10353400828153954,
        "niu": 0.07332678033065473,
        "prol": 0.10696631802187041,
        "prol2": 0.06831422881658428,
        "prot": 0.018563391323850844,
        "putien": 0.08787080108580979,
        "yyl": 0.07060273199101827,
        "zaiton": 0.09617995761090646,
        "lee": 0.05938521636593154
    }
}