{
    "sum": 1.8093627371639627,
    "coin": {
        "1070": 0.017396340287388568,
        "banzhang": 0.03732481218337236,
        "lsy": 0.10770146853223522,
        "lsy_2": 0.20023339161366702,
        "lsy_3": 0.21105799439645845,
        "master": 0.1673375659231708,
        "niu": 0.13096166118952365,
        "prol": 0.18766844893878565,
        "prol2": 0.13792494977647696,
        "prot": 0.02310498160720185,
        "putien": 0.17300328606799306,
        "yyl": 0.10309474325592632,
        "zaiton": 0.1863778125513368,
        "lee": 0.12617528084042598
    },
    "portion": {
        "1070": 0.009614622833813853,
        "banzhang": 0.02062870612770336,
        "lsy": 0.05952453110703994,
        "lsy_2": 0.11066514607652278,
        "lsy_3": 0.11664769593258877,
        "master": 0.09248425563657822,
        "niu": 0.07237999241368041,
        "prol": 0.10372074381997141,
        "prol2": 0.07622846814711336,
        "prot": 0.012769679143175646,
        "putien": 0.09561559023767807,
        "yyl": 0.056978482610689454,
        "zaiton": 0.10300743390099308,
        "lee": 0.06973465201245166
    }
}