{
    "sum": 2.186739733105465,
    "coin": {
        "lsy": 0.12644948485969393,
        "lsy_2": 0.2573087644219233,
        "lsy_3": 0.25643388897900105,
        "master": 0.20335569599778647,
        "prol": 0.2215752526686047,
        "prol2": 0.17383810270322028,
        "putien": 0.22266391020848816,
        "zaiton": 0.24051381392838675,
        "niu": 0.1430211511516291,
        "lee": 0.13578617888950265,
        "yyl": 0.10309474325592631,
        "1070": 0.04226895225072809,
        "banzhang": 0.037324812183372365,
        "prot": 0.02310498160720185
    },
    "portion": {
        "lsy": 0.057825576105538005,
        "lsy_2": 0.11766775923374757,
        "lsy_3": 0.11726767712535702,
        "master": 0.09299492432462184,
        "prol": 0.10132676025140769,
        "prol2": 0.07949647599641259,
        "putien": 0.1018246052959743,
        "zaiton": 0.10998739826564762,
        "niu": 0.06540382880797607,
        "lee": 0.06209526302275945,
        "yyl": 0.04714541090334417,
        "1070": 0.019329667637538413,
        "banzhang": 0.017068703521642286,
        "prot": 0.010565949508032977
    }
}