{
    "sum": 0.6812330277050278,
    "coin": {
        "1070": 0.017396340287388568,
        "banzhang": 0.03732481218337236,
        "lsy": 0.03666900050183738,
        "lsy_2": 0.06491898235017882,
        "lsy_3": 0.06786454907815663,
        "master": 0.06461154394981684,
        "niu": 0.05829076504193012,
        "prol": 0.06493436373645212,
        "prol2": 0.06359761642047636,
        "prot": 0.02310498160720185,
        "putien": 0.046753628167343964,
        "yyl": 0.05132251418873324,
        "zaiton": 0.060060452972016044,
        "lee": 0.024383477220123576
    },
    "portion": {
        "1070": 0.025536548552254193,
        "banzhang": 0.05479008014205369,
        "lsy": 0.05382739680923833,
        "lsy_2": 0.09529629320657156,
        "lsy_3": 0.09962016860336638,
        "master": 0.09484499623790038,
        "niu": 0.08556655750867363,
        "prol": 0.0953188719507718,
        "prol2": 0.09335662516940381,
        "prot": 0.033916414306920904,
        "putien": 0.06863088879417656,
        "yyl": 0.07533767756626703,
        "zaiton": 0.08816432928149524,
        "lee": 0.03579315187090659
    }
}