{
    "sum": 2.3520494630614746,
    "coin": {
        "lsy": 0.12645737718677977,
        "lsy_2": 0.2699949586345197,
        "lsy_3": 0.2574515787517966,
        "master": 0.20335569599778647,
        "prol": 0.2216853962665857,
        "prol2": 0.17389479528842489,
        "putien": 0.30140812000547357,
        "zaiton": 0.3102438007517165,
        "niu": 0.1430211511516291,
        "lee": 0.13578617888950265,
        "yyl": 0.10309474325592631,
        "1070": 0.04522587309075892,
        "banzhang": 0.037324812183372365,
        "prot": 0.02310498160720185
    },
    "portion": {
        "lsy": 0.05376476097665919,
        "lsy_2": 0.11479136084284933,
        "lsy_3": 0.10945840331805458,
        "master": 0.08645893685122363,
        "prol": 0.0942520128713771,
        "prol2": 0.07393330710914554,
        "putien": 0.12814701592761352,
        "zaiton": 0.13190360390971412,
        "niu": 0.060807033779582985,
        "lee": 0.05773100482026455,
        "yyl": 0.04383187720964683,
        "1070": 0.019228283163693342,
        "banzhang": 0.015869059205408736,
        "prot": 0.009823340014766504
    }
}