{
    "sum": 2.270605604378993,
    "coin": {
        "lsy": 0.12645737718677977,
        "lsy_2": 0.2699949586345197,
        "lsy_3": 0.2574515787517966,
        "master": 0.20335569599778647,
        "prol": 0.2216031988102114,
        "prol2": 0.17389479528842489,
        "putien": 0.25806853208073693,
        "zaiton": 0.272221727450346,
        "niu": 0.1430211511516291,
        "lee": 0.13578617888950265,
        "yyl": 0.10309474325592631,
        "1070": 0.04522587309075892,
        "banzhang": 0.037324812183372365,
        "prot": 0.02310498160720185
    },
    "portion": {
        "lsy": 0.0556932374970358,
        "lsy_2": 0.1189087872036513,
        "lsy_3": 0.11338454298504615,
        "master": 0.08956011365672813,
        "prol": 0.09759651715068304,
        "prol2": 0.0765852048251175,
        "putien": 0.11365625610323386,
        "zaiton": 0.11988948099368328,
        "niu": 0.06298810805179228,
        "lee": 0.059801745678611566,
        "yyl": 0.045404073282080425,
        "1070": 0.01991797827132032,
        "banzhang": 0.016438263039335994,
        "prot": 0.010175691261680397
    }
}