{
    "sum": 2.232842589779085,
    "coin": {
        "lsy": 0.12644948485969393,
        "lsy_2": 0.2699949586345197,
        "lsy_3": 0.25715658243741574,
        "master": 0.20335569599778647,
        "prol": 0.2215752526686047,
        "prol2": 0.17389479528842489,
        "putien": 0.23822391043011573,
        "zaiton": 0.2546341692841322,
        "niu": 0.1430211511516291,
        "lee": 0.13578617888950265,
        "yyl": 0.10309474325592631,
        "1070": 0.04522587309075892,
        "banzhang": 0.037324812183372365,
        "prot": 0.02310498160720185
    },
    "portion": {
        "lsy": 0.05663161632553986,
        "lsy_2": 0.12091983549150805,
        "lsy_3": 0.115170045400674,
        "master": 0.0910748016580543,
        "prol": 0.09923460510959133,
        "prol2": 0.07788045430718421,
        "putien": 0.10669086639631205,
        "zaiton": 0.1140403584425203,
        "niu": 0.06405339624311783,
        "lee": 0.06081314442454145,
        "yyl": 0.0461719709789871,
        "1070": 0.020254841652421866,
        "banzhang": 0.016716275636369533,
        "prot": 0.010347787933177964
    }
}