{
    "sum": 2.2516047967989974,
    "coin": {
        "lsy": 0.12644948485969393,
        "lsy_2": 0.2699949586345197,
        "lsy_3": 0.2574515787517966,
        "master": 0.20335569599778647,
        "prol": 0.2215752526686047,
        "prol2": 0.17389479528842489,
        "putien": 0.24784169907307876,
        "zaiton": 0.2634835913467011,
        "niu": 0.1430211511516291,
        "lee": 0.13578617888950265,
        "yyl": 0.10309474325592631,
        "1070": 0.04522587309075892,
        "banzhang": 0.037324812183372365,
        "prot": 0.02310498160720185
    },
    "portion": {
        "lsy": 0.05615971552355072,
        "lsy_2": 0.11991223282982835,
        "lsy_3": 0.11434137070493171,
        "master": 0.09031589215251623,
        "prol": 0.09840770146857389,
        "prol2": 0.07723149086182579,
        "putien": 0.11007335720079468,
        "zaiton": 0.11702035442511205,
        "niu": 0.06351965111948406,
        "lee": 0.06030639972100947,
        "yyl": 0.04578722847032985,
        "1070": 0.020086061796925667,
        "banzhang": 0.016576981998099902,
        "prot": 0.010261561727017608
    }
}