{
    "sum": 0.901905202337674,
    "coin": {
        "1070": 0.017396340287388568,
        "banzhang": 0.03732481218337236,
        "lsy": 0.04172297221676003,
        "lsy_2": 0.09155384590357662,
        "lsy_3": 0.09559602083964122,
        "master": 0.08975207164020825,
        "niu": 0.07576162168147649,
        "prol": 0.08674308592716881,
        "prol2": 0.08425724887154462,
        "prot": 0.02310498160720185,
        "putien": 0.07004920345968747,
        "yyl": 0.06792538838222026,
        "zaiton": 0.07940054055624825,
        "lee": 0.04131706878117913
    },
    "portion": {
        "1070": 0.019288435461175403,
        "banzhang": 0.04138440723773308,
        "lsy": 0.04626092865260901,
        "lsy_2": 0.10151160639308386,
        "lsy_3": 0.10599342435531267,
        "master": 0.09951386399321933,
        "niu": 0.08400175704176865,
        "prol": 0.09617760902402704,
        "prol2": 0.09342140244136062,
        "prot": 0.025617971320395297,
        "putien": 0.0776680334896893,
        "yyl": 0.07531322383567862,
        "zaiton": 0.08803645920929129,
        "lee": 0.04581087754465572
    }
}