{
    "sum": 0.5323711018684463,
    "coin": {
        "1070": 0.01622341025044381,
        "banzhang": 0.03732481218337236,
        "lsy": 0.02934954636658115,
        "lsy_2": 0.049140638405684875,
        "lsy_3": 0.051058472881367896,
        "master": 0.04816652512766854,
        "niu": 0.049424942305076866,
        "prol": 0.04890301440297069,
        "prol2": 0.048250049695835,
        "prot": 0.02310498160720185,
        "putien": 0.03718606680850036,
        "yyl": 0.03797031180471377,
        "zaiton": 0.044965102408875794,
        "lee": 0.011303227620153358
    },
    "portion": {
        "1070": 0.030473874696626116,
        "banzhang": 0.07011051511318821,
        "lsy": 0.055129863855445875,
        "lsy_2": 0.09230523263418601,
        "lsy_3": 0.09590767173907368,
        "master": 0.09047546900765271,
        "niu": 0.09283926593988984,
        "prol": 0.09185888233102306,
        "prol2": 0.09063236063432688,
        "prot": 0.0434001423557947,
        "putien": 0.06984989733287472,
        "yyl": 0.07132301447514816,
        "zaiton": 0.08446195191862063,
        "lee": 0.0212318579661495
    }
}