{
    "sum": 1.475499612877955,
    "coin": {
        "1070": 0.017396340287388568,
        "banzhang": 0.03732481218337236,
        "lsy": 0.07915324981328571,
        "lsy_2": 0.15882505491061727,
        "lsy_3": 0.1649122031917688,
        "master": 0.15200474465051922,
        "niu": 0.10128925819096928,
        "prol": 0.1602526649795274,
        "prol2": 0.10777234049459812,
        "prot": 0.02310498160720185,
        "putien": 0.13378412185984237,
        "yyl": 0.09453368338991781,
        "zaiton": 0.14570400375324494,
        "lee": 0.09944215356570146
    },
    "portion": {
        "1070": 0.011790135446702753,
        "banzhang": 0.025296389004515217,
        "lsy": 0.05364504952928973,
        "lsy_2": 0.1076415429217428,
        "lsy_3": 0.11176702572636284,
        "master": 0.10301916945544613,
        "niu": 0.06864743122053761,
        "prol": 0.10860908642798986,
        "prol2": 0.07304125297897482,
        "prot": 0.015659090253596,
        "putien": 0.09067038763832481,
        "yyl": 0.06406893134016506,
        "zaiton": 0.09874892713055342,
        "lee": 0.0673955809257991
    }
}