{
    "sum": 1.2664334482481148,
    "coin": {
        "1070": 0.017396340287388568,
        "banzhang": 0.03732481218337236,
        "lsy": 0.0676147083639337,
        "lsy_2": 0.1367706026783045,
        "lsy_3": 0.14136772197175299,
        "master": 0.13152828898709606,
        "niu": 0.09126640069685582,
        "prol": 0.13655983326852436,
        "prol2": 0.08502751317262705,
        "prot": 0.02310498160720185,
        "putien": 0.11245975340344039,
        "yyl": 0.0878759056258629,
        "zaiton": 0.12293634637863626,
        "lee": 0.07520023962311805
    },
    "portion": {
        "1070": 0.013736482016842896,
        "banzhang": 0.02947238343633816,
        "lsy": 0.05338986305002178,
        "lsy_2": 0.10799667591495019,
        "lsy_3": 0.11162664897023217,
        "master": 0.10385724506016644,
        "niu": 0.07206569032356705,
        "prol": 0.1078302483698852,
        "prol2": 0.06713934576684427,
        "prot": 0.018244134059443456,
        "putien": 0.08880036575076916,
        "yyl": 0.06938849076311397,
        "zaiton": 0.09707288333918913,
        "lee": 0.05937954317863618
    }
}