{
    "sum": 0.33367433883751374,
    "coin": {
        "1070": 0.007987724237973188,
        "banzhang": 0.028442736626183605,
        "lsy": 0.017583310552046337,
        "lsy_2": 0.030795447803665423,
        "lsy_3": 0.03185434731801552,
        "master": 0.029677867319756423,
        "niu": 0.02977373713422313,
        "prol": 0.02879915428790059,
        "prol2": 0.029531303468187584,
        "prot": 0.02310498160720185,
        "putien": 0.025224645448549618,
        "yyl": 0.023281574053010706,
        "zaiton": 0.027617508980799708
    },
    "portion": {
        "1070": 0.023938683045875143,
        "banzhang": 0.08524100692092507,
        "lsy": 0.05269602275471569,
        "lsy_2": 0.09229192724544992,
        "lsy_3": 0.09546537929465213,
        "master": 0.08894261219832184,
        "niu": 0.08922992771320593,
        "prol": 0.08630916716051289,
        "prol2": 0.08850336999564166,
        "prot": 0.06924410695679259,
        "putien": 0.07559659977578626,
        "yyl": 0.0697733428771336,
        "zaiton": 0.08276785406098713
    }
}