{
    "sum": 1.014258805051237,
    "coin": {
        "1070": 0.017396340287388568,
        "banzhang": 0.03732481218337236,
        "lsy": 0.04905832415052188,
        "lsy_2": 0.10598101315849766,
        "lsy_3": 0.11044376563070511,
        "master": 0.10236431606675463,
        "niu": 0.07576162168147649,
        "prol": 0.1013312821054164,
        "prol2": 0.08502751317262705,
        "prot": 0.02310498160720185,
        "putien": 0.08232982944797373,
        "yyl": 0.07910354685246963,
        "zaiton": 0.09001475861092952,
        "lee": 0.05501670009590203
    },
    "portion": {
        "1070": 0.0171517764506957,
        "banzhang": 0.036800086918138054,
        "lsy": 0.04836864506987802,
        "lsy_2": 0.10449109500522784,
        "lsy_3": 0.10889110854218896,
        "master": 0.10092524270625733,
        "niu": 0.07469653830380035,
        "prol": 0.09990673149768466,
        "prol2": 0.08383216665132304,
        "prot": 0.022780163694053085,
        "putien": 0.08117240790807304,
        "yyl": 0.07799148152179324,
        "zaiton": 0.08874929964880342,
        "lee": 0.05424325608208329
    }
}