{
    "sum": 1.7391656063459655,
    "coin": {
        "1070": 0.017396340287388568,
        "banzhang": 0.03732481218337236,
        "lsy": 0.09927090538391348,
        "lsy_2": 0.1877041018347691,
        "lsy_3": 0.19532555394972437,
        "master": 0.1673375659231708,
        "niu": 0.1283035263008321,
        "prol": 0.18604079909473176,
        "prol2": 0.13271621278489726,
        "prot": 0.02310498160720185,
        "putien": 0.16168741706997788,
        "yyl": 0.10309474325592632,
        "zaiton": 0.1736833658296338,
        "lee": 0.12617528084042598
    },
    "portion": {
        "1070": 0.010002693374289268,
        "banzhang": 0.021461332978975366,
        "lsy": 0.05707961623763039,
        "lsy_2": 0.10792767586356572,
        "lsy_3": 0.11230992220465347,
        "master": 0.09621715454386866,
        "niu": 0.07377303566300471,
        "prol": 0.10697129612953223,
        "prol2": 0.07631027907902206,
        "prot": 0.013285095751028592,
        "putien": 0.09296838465526441,
        "yyl": 0.059278278549063076,
        "zaiton": 0.09986591569882027,
        "lee": 0.07254931927128187
    }
}