{
    "sum": 0.6945928218786731,
    "coin": {
        "1070": 0.017396340287388568,
        "banzhang": 0.03732481218337236,
        "lsy": 0.03666900050183738,
        "lsy_2": 0.06662322976533971,
        "lsy_3": 0.06959663751255651,
        "master": 0.06630186387159362,
        "niu": 0.05879038025994668,
        "prol": 0.06660907068266589,
        "prol2": 0.0651682106800306,
        "prot": 0.02310498160720185,
        "putien": 0.04817759860875771,
        "yyl": 0.05273397903772846,
        "zaiton": 0.061713239660130294,
        "lee": 0.024383477220123576
    },
    "portion": {
        "1070": 0.025045378730428697,
        "banzhang": 0.05373624806893269,
        "lsy": 0.05279208098157179,
        "lsy_2": 0.09591695690885936,
        "lsy_3": 0.10019774941571911,
        "master": 0.09545428887713843,
        "niu": 0.08464006308175727,
        "prol": 0.09589657218528054,
        "prol2": 0.09382217700403152,
        "prot": 0.033264066197386755,
        "putien": 0.06936092209886537,
        "yyl": 0.07592070832966322,
        "zaiton": 0.08884808151805225,
        "lee": 0.03510470660231315
    }
}