{
    "sum": 2.0651059654744883,
    "coin": {
        "lsy": 0.1254805397780457,
        "lsy_2": 0.23363709147295278,
        "lsy_3": 0.24335664343663396,
        "master": 0.19619963747039482,
        "prol": 0.21486604319528793,
        "prol2": 0.17140255376010796,
        "putien": 0.20105947196860138,
        "zaiton": 0.21612565712570359,
        "niu": 0.1430211511516291,
        "lee": 0.126175280840426,
        "yyl": 0.10309474325592631,
        "1070": 0.030257358228204197,
        "banzhang": 0.037324812183372365,
        "prot": 0.02310498160720185
    },
    "portion": {
        "lsy": 0.060762276549433496,
        "lsy_2": 0.11313564309968532,
        "lsy_3": 0.11784220640741755,
        "master": 0.09500705569136017,
        "prol": 0.10404601351578553,
        "prol2": 0.08299939888107664,
        "putien": 0.09736036568099547,
        "zaiton": 0.10465596474902708,
        "niu": 0.06925608348565683,
        "lee": 0.06109869563590912,
        "yyl": 0.0499222533756222,
        "1070": 0.01465172186515481,
        "banzhang": 0.01807404211085916,
        "prot": 0.011188278952016462
    }
}