{
    "sum": 2.361225227668408,
    "coin": {
        "lsy": 0.12645737718677977,
        "lsy_2": 0.2699949586345197,
        "lsy_3": 0.2574515787517966,
        "master": 0.20335569599778647,
        "prol": 0.2216853962665857,
        "prol2": 0.17389479528842489,
        "putien": 0.30627823529812287,
        "zaiton": 0.31454945006600077,
        "niu": 0.1430211511516291,
        "lee": 0.13578617888950265,
        "yyl": 0.10309474325592631,
        "1070": 0.04522587309075892,
        "banzhang": 0.037324812183372365,
        "prot": 0.02310498160720185
    },
    "portion": {
        "lsy": 0.05355583012792478,
        "lsy_2": 0.11434527950606656,
        "lsy_3": 0.1090330459521717,
        "master": 0.08612295583449703,
        "prol": 0.09388574781808891,
        "prol2": 0.07364600091967395,
        "putien": 0.129711571648994,
        "zaiton": 0.13321450507142119,
        "niu": 0.06057073652938028,
        "lee": 0.057506661075099864,
        "yyl": 0.043661545729683414,
        "1070": 0.01915356170212412,
        "banzhang": 0.015807391749845377,
        "prot": 0.009785166335028898
    }
}