{
    "sum": 1.8791408348367817,
    "coin": {
        "1070": 0.01889199777485787,
        "banzhang": 0.03732481218337236,
        "lsy": 0.11285698942019985,
        "lsy_2": 0.20893793885687492,
        "lsy_3": 0.22045600205647362,
        "master": 0.1752191875805619,
        "niu": 0.1338980067128626,
        "prol": 0.19737709452311733,
        "prol2": 0.1474067300106195,
        "prot": 0.02310498160720185,
        "putien": 0.17995399000252266,
        "yyl": 0.10309474325592632,
        "zaiton": 0.19444308001176508,
        "lee": 0.12617528084042598
    },
    "portion": {
        "1070": 0.01005352947720855,
        "banzhang": 0.019862700810615034,
        "lsy": 0.060057760082682876,
        "lsy_2": 0.11118801474771998,
        "lsy_3": 0.1173174452757938,
        "master": 0.09324430842661192,
        "niu": 0.07125490768470938,
        "prol": 0.10503581789294739,
        "prol2": 0.07844368409109843,
        "prot": 0.012295502912217168,
        "putien": 0.09576397184628957,
        "yyl": 0.05486270179684585,
        "zaiton": 0.10347445833066259,
        "lee": 0.06714519662459749
    }
}