{
    "sum": 0.018596623632692957,
    "coin": {
        "1070": 0.0019606876498127744,
        "banzhang": 0.005422554713422027,
        "niu": 0.005720200401567736,
        "putien": 0.004546038123633352,
        "syl": 0.0009471427442570682
    },
    "portion": {
        "1070": 0.10543245314519759,
        "banzhang": 0.29158813021785035,
        "niu": 0.30759349194504293,
        "putien": 0.2444550265372578,
        "syl": 0.05093089815465139
    }
}