{
    "sum": 2.2772273266213907,
    "coin": {
        "lsy": 0.12645737718677977,
        "lsy_2": 0.2699949586345197,
        "lsy_3": 0.2574515787517966,
        "master": 0.20335569599778647,
        "prol": 0.2216031988102114,
        "prol2": 0.17389479528842489,
        "putien": 0.26147379064338055,
        "zaiton": 0.2754381911301,
        "niu": 0.1430211511516291,
        "lee": 0.13578617888950265,
        "yyl": 0.10309474325592631,
        "1070": 0.04522587309075892,
        "banzhang": 0.037324812183372365,
        "prot": 0.02310498160720185
    },
    "portion": {
        "lsy": 0.05553129268582874,
        "lsy_2": 0.11856302419973937,
        "lsy_3": 0.11305484337998206,
        "master": 0.08929969073377282,
        "prol": 0.09731272597145278,
        "prol2": 0.07636251034560698,
        "putien": 0.11482111934398585,
        "zaiton": 0.12095331366796568,
        "niu": 0.06280495121399342,
        "lee": 0.05962785414619184,
        "yyl": 0.045272047305388204,
        "1070": 0.01986006076866217,
        "banzhang": 0.01639046385357993,
        "prot": 0.010146102383850086
    }
}