{
    "sum": 2.1635153599868624,
    "coin": {
        "lsy": 0.12628488061016963,
        "lsy_2": 0.2503852716116511,
        "lsy_3": 0.25478600957290404,
        "master": 0.20335569599778647,
        "prol": 0.2215401079568406,
        "prol2": 0.17383810270322028,
        "putien": 0.2180930615749642,
        "zaiton": 0.2339880087377974,
        "niu": 0.1430211511516291,
        "lee": 0.13578617888950265,
        "yyl": 0.10309474325592631,
        "1070": 0.03891235413389614,
        "banzhang": 0.037324812183372365,
        "prot": 0.02310498160720185
    },
    "portion": {
        "lsy": 0.05837022604310813,
        "lsy_2": 0.11573075756354764,
        "lsy_3": 0.11776482584087186,
        "master": 0.09399318338975014,
        "prol": 0.10239821359908712,
        "prol2": 0.08034983523494646,
        "putien": 0.10080495179673166,
        "zaiton": 0.10815176682601332,
        "niu": 0.0661059097599832,
        "lee": 0.06276182799567792,
        "yyl": 0.047651495876854945,
        "1070": 0.017985707360142076,
        "banzhang": 0.017251928446488596,
        "prot": 0.01067937026679679
    }
}