{
    "sum": 2.1799565979099005,
    "coin": {
        "lsy": 0.12644948485969393,
        "lsy_2": 0.25538999961322856,
        "lsy_3": 0.25588725930914996,
        "master": 0.20335569599778647,
        "prol": 0.2215752526686047,
        "prol2": 0.17383810270322028,
        "putien": 0.22111275440228537,
        "zaiton": 0.23863987104112672,
        "niu": 0.1430211511516291,
        "lee": 0.13578617888950265,
        "yyl": 0.10309474325592631,
        "1070": 0.041376310227172315,
        "banzhang": 0.037324812183372365,
        "prot": 0.02310498160720185
    },
    "portion": {
        "lsy": 0.058005505697191956,
        "lsy_2": 0.11715370840781485,
        "lsy_3": 0.11738181372715843,
        "master": 0.09328428657376019,
        "prol": 0.10164204777335782,
        "prol2": 0.07974383658366999,
        "putien": 0.10142988838139434,
        "zaiton": 0.10947001021485012,
        "niu": 0.06560733882901842,
        "lee": 0.062288478137450885,
        "yyl": 0.04729210817993878,
        "1070": 0.0189803367034202,
        "banzhang": 0.01712181436050546,
        "prot": 0.010598826430468595
    }
}