{
    "sum": 1.3174560433437796,
    "coin": {
        "1070": 0.017396340287388568,
        "banzhang": 0.03732481218337236,
        "lsy": 0.0700344661161757,
        "lsy_2": 0.14217009754363333,
        "lsy_3": 0.14716461636158165,
        "master": 0.13526717131373928,
        "niu": 0.09658172485224394,
        "prol": 0.14282970355400976,
        "prol2": 0.08948739487790842,
        "prot": 0.02310498160720185,
        "putien": 0.1179866866611231,
        "yyl": 0.0878759056258629,
        "zaiton": 0.12884652822746748,
        "lee": 0.08138561413207114
    },
    "portion": {
        "1070": 0.01320449389964894,
        "banzhang": 0.028330973448373903,
        "lsy": 0.05315886360688298,
        "lsy_2": 0.10791259280484031,
        "lsy_3": 0.1117036254113415,
        "master": 0.10267300529467638,
        "niu": 0.07330925789912043,
        "prol": 0.1084132592321636,
        "prol2": 0.06792438755738996,
        "prot": 0.017537573055234595,
        "putien": 0.0895564502946649,
        "yyl": 0.06670120500022814,
        "zaiton": 0.09779948931005511,
        "lee": 0.06177482318537911
    }
}