{
    "sum": 2.360683775186952,
    "coin": {
        "lsy": 0.12645737718677977,
        "lsy_2": 0.2699949586345197,
        "lsy_3": 0.2574515787517966,
        "master": 0.20335569599778647,
        "prol": 0.2216853962665857,
        "prol2": 0.17389479528842489,
        "putien": 0.30598407489532703,
        "zaiton": 0.3143021579873401,
        "niu": 0.1430211511516291,
        "lee": 0.13578617888950265,
        "yyl": 0.10309474325592631,
        "1070": 0.04522587309075892,
        "banzhang": 0.037324812183372365,
        "prot": 0.02310498160720185
    },
    "portion": {
        "lsy": 0.05356811383039438,
        "lsy_2": 0.1143715060324578,
        "lsy_3": 0.10905805405105899,
        "master": 0.086142709216393,
        "prol": 0.09390728169385142,
        "prol2": 0.0736628925552104,
        "putien": 0.12961671449243342,
        "zaiton": 0.13314030506370947,
        "niu": 0.060584629188762354,
        "lee": 0.057519850950282066,
        "yyl": 0.04367156005372292,
        "1070": 0.01915795481212951,
        "banzhang": 0.015811017373733787,
        "prot": 0.00978741068586032
    }
}