{
    "sum": 1.9919766186119083,
    "coin": {
        "lsy": 0.12023834509865991,
        "lsy_2": 0.22366142523047997,
        "lsy_3": 0.23279585233892194,
        "master": 0.18781298866844903,
        "prol": 0.20779285223349309,
        "prol2": 0.16190305894717733,
        "putien": 0.1926020670345644,
        "zaiton": 0.20719119248007356,
        "niu": 0.14277010601970758,
        "lee": 0.126175280840426,
        "yyl": 0.10309474325592631,
        "1070": 0.025508912673455203,
        "banzhang": 0.037324812183372365,
        "prot": 0.02310498160720185
    },
    "portion": {
        "lsy": 0.06036132350913183,
        "lsy_2": 0.11228114985924709,
        "lsy_3": 0.11686675946083329,
        "master": 0.09428473553034217,
        "prol": 0.10431490525139384,
        "prol2": 0.08127759002512694,
        "putien": 0.09668891955608268,
        "zaiton": 0.1040128636773121,
        "niu": 0.07167258123702058,
        "lee": 0.06334174792089184,
        "yyl": 0.05175499666646037,
        "1070": 0.012805829363213544,
        "banzhang": 0.018737575448742886,
        "prot": 0.01159902249420094
    }
}