{
    "sum": 2.3536305050070045,
    "coin": {
        "lsy": 0.12645737718677977,
        "lsy_2": 0.2699949586345197,
        "lsy_3": 0.2574515787517966,
        "master": 0.20335569599778647,
        "prol": 0.2216853962665857,
        "prol2": 0.17389479528842489,
        "putien": 0.30225896539109937,
        "zaiton": 0.31097399731162084,
        "niu": 0.1430211511516291,
        "lee": 0.13578617888950265,
        "yyl": 0.10309474325592631,
        "1070": 0.04522587309075892,
        "banzhang": 0.037324812183372365,
        "prot": 0.02310498160720185
    },
    "portion": {
        "lsy": 0.053728644711971654,
        "lsy_2": 0.1147142502020368,
        "lsy_3": 0.10938487507028229,
        "master": 0.08640085840372011,
        "prol": 0.09418869945600317,
        "prol2": 0.0738836427036823,
        "putien": 0.12842243705972015,
        "zaiton": 0.13212524083541116,
        "niu": 0.06076618689610478,
        "lee": 0.057692224247024936,
        "yyl": 0.043802433320186546,
        "1070": 0.01921536664083317,
        "banzhang": 0.015858399227903143,
        "prot": 0.009816741225119824
    }
}