{
    "sum": 0.7766430852571115,
    "coin": {
        "1070": 0.017396340287388568,
        "banzhang": 0.03732481218337236,
        "lsy": 0.03666900050183738,
        "lsy_2": 0.07714877781944456,
        "lsy_3": 0.08062227288132315,
        "master": 0.07733133119884525,
        "niu": 0.06703988305102132,
        "prol": 0.07223535165283111,
        "prol2": 0.07063205335812531,
        "prot": 0.02310498160720185,
        "putien": 0.057076694176245564,
        "yyl": 0.05842600373573911,
        "zaiton": 0.07193688502657941,
        "lee": 0.029698697777156443
    },
    "portion": {
        "1070": 0.02239940149808895,
        "banzhang": 0.04805915727816697,
        "lsy": 0.04721473891665169,
        "lsy_2": 0.09933620640413489,
        "lsy_3": 0.10380865343651743,
        "master": 0.09957126081054896,
        "niu": 0.08632006686678662,
        "prol": 0.09300971453176236,
        "prol2": 0.09094531928362205,
        "prot": 0.029749806630355608,
        "putien": 0.07349153718062146,
        "yyl": 0.07522889837665508,
        "zaiton": 0.09262541106995674,
        "lee": 0.03823982771613108
    }
}