{
    "sum": 1.181376121075352,
    "coin": {
        "1070": 0.017396340287388568,
        "banzhang": 0.03732481218337236,
        "lsy": 0.06024579649912747,
        "lsy_2": 0.12360511827741602,
        "lsy_3": 0.1313582412861641,
        "master": 0.12058892241347599,
        "niu": 0.08737161330061899,
        "prol": 0.1228765765945112,
        "prol2": 0.08502751317262705,
        "prot": 0.02310498160720185,
        "putien": 0.10080061780287844,
        "yyl": 0.0878759056258629,
        "zaiton": 0.1098856914215117,
        "lee": 0.07391399060319541
    },
    "portion": {
        "1070": 0.014725488332668757,
        "banzhang": 0.031594351297195095,
        "lsy": 0.050996287655017535,
        "lsy_2": 0.10462808251524841,
        "lsy_3": 0.11119087218945545,
        "master": 0.1020749617858447,
        "niu": 0.07395749054169866,
        "prol": 0.10401139349478501,
        "prol2": 0.07197327900552997,
        "prot": 0.019557684631521466,
        "putien": 0.08532474628920407,
        "yyl": 0.0743843591030717,
        "zaiton": 0.09301499282166618,
        "lee": 0.0625660103370931
    }
}