{
    "sum": 2.3531133424423527,
    "coin": {
        "lsy": 0.12645737718677977,
        "lsy_2": 0.2699949586345197,
        "lsy_3": 0.2574515787517966,
        "master": 0.20335569599778647,
        "prol": 0.2216853962665857,
        "prol2": 0.17389479528842489,
        "putien": 0.3019806254061373,
        "zaiton": 0.3107351747319312,
        "niu": 0.1430211511516291,
        "lee": 0.13578617888950265,
        "yyl": 0.10309474325592631,
        "1070": 0.04522587309075892,
        "banzhang": 0.037324812183372365,
        "prot": 0.02310498160720185
    },
    "portion": {
        "lsy": 0.053740453086516704,
        "lsy_2": 0.11473946187151593,
        "lsy_3": 0.10940891546030733,
        "master": 0.08641984741233022,
        "prol": 0.09420940006081183,
        "prol2": 0.07389988070355137,
        "putien": 0.12833237564863934,
        "zaiton": 0.1320527868876098,
        "niu": 0.06077954196765721,
        "lee": 0.057704903729187525,
        "yyl": 0.04381206013175796,
        "1070": 0.019219589755849968,
        "banzhang": 0.01586188455530665,
        "prot": 0.009818898728958223
    }
}