{
    "sum": 2.262281884807344,
    "coin": {
        "lsy": 0.12645737718677977,
        "lsy_2": 0.2699949586345197,
        "lsy_3": 0.2574515787517966,
        "master": 0.20335569599778647,
        "prol": 0.2216031988102114,
        "prol2": 0.17389479528842489,
        "putien": 0.2536625375658404,
        "zaiton": 0.2683040023935938,
        "niu": 0.1430211511516291,
        "lee": 0.13578617888950265,
        "yyl": 0.10309474325592631,
        "1070": 0.04522587309075892,
        "banzhang": 0.037324812183372365,
        "prot": 0.02310498160720185
    },
    "portion": {
        "lsy": 0.05589815223117029,
        "lsy_2": 0.11934629386713783,
        "lsy_3": 0.11380172403834687,
        "master": 0.0898896363726593,
        "prol": 0.0979556085819443,
        "prol2": 0.07686698835199919,
        "putien": 0.11212684823643995,
        "zaiton": 0.11859883783511911,
        "niu": 0.06321986314442367,
        "lee": 0.06002177703910059,
        "yyl": 0.04557113061297658,
        "1070": 0.019991263420566334,
        "banzhang": 0.01649874510954277,
        "prot": 0.010213131158573314
    }
}