{
    "sum": 0.07634698001637602,
    "coin": {
        "1070": 0.006745436610848834,
        "banzhang": 0.019779530225707602,
        "lsy": 0.001727939015772533,
        "lsy_2": 0.0011459093017085003,
        "master": 0.0008205391977410688,
        "niu": 0.01595245733950422,
        "prol": 0.00212036227508613,
        "prot": 0.00840703633851242,
        "putien": 0.0143597252864754,
        "syl": 0.005288044425019316
    },
    "portion": {
        "1070": 0.08835236979120815,
        "banzhang": 0.25907416667253896,
        "lsy": 0.022632709445768506,
        "lsy_2": 0.015009228936923358,
        "master": 0.010747500393140206,
        "niu": 0.20894680229764823,
        "prol": 0.027772706590769188,
        "prot": 0.11011616093667562,
        "putien": 0.18808504649948582,
        "syl": 0.06926330843584198
    }
}