{
    "sum": 2.215924161986261,
    "coin": {
        "lsy": 0.12644948485969393,
        "lsy_2": 0.2663387227039378,
        "lsy_3": 0.25715658243741574,
        "master": 0.20335569599778647,
        "prol": 0.2215752526686047,
        "prol2": 0.17389479528842489,
        "putien": 0.23100577592837554,
        "zaiton": 0.2485901119236308,
        "niu": 0.1430211511516291,
        "lee": 0.13578617888950265,
        "yyl": 0.10309474325592631,
        "1070": 0.04522587309075892,
        "banzhang": 0.037324812183372365,
        "prot": 0.02310498160720185
    },
    "portion": {
        "lsy": 0.057063994801315736,
        "lsy_2": 0.12019306764776778,
        "lsy_3": 0.11604936073575343,
        "master": 0.09177015147283153,
        "prol": 0.09999225445964449,
        "prol2": 0.07847506619204554,
        "putien": 0.10424805139599709,
        "zaiton": 0.11218349264299962,
        "niu": 0.06454243949550646,
        "lee": 0.06127744857828963,
        "yyl": 0.04652449078560366,
        "1070": 0.020409485968247376,
        "banzhang": 0.016843903245278926,
        "prot": 0.010426792578718723
    }
}