{
    "sum": 2.302984206381584,
    "coin": {
        "lsy": 0.12645737718677977,
        "lsy_2": 0.2699949586345197,
        "lsy_3": 0.2574515787517966,
        "master": 0.20335569599778647,
        "prol": 0.2216031988102114,
        "prol2": 0.17389479528842489,
        "putien": 0.2756729207309305,
        "zaiton": 0.28699594080274377,
        "niu": 0.1430211511516291,
        "lee": 0.13578617888950265,
        "yyl": 0.10309474325592631,
        "1070": 0.04522587309075892,
        "banzhang": 0.037324812183372365,
        "prot": 0.02310498160720185
    },
    "portion": {
        "lsy": 0.0549102233686039,
        "lsy_2": 0.11723699966606889,
        "lsy_3": 0.11179042306864137,
        "master": 0.08830095118945519,
        "prol": 0.09622436758191719,
        "prol2": 0.07550846193671727,
        "putien": 0.11970247992454272,
        "zaiton": 0.12461915283981373,
        "niu": 0.06210253233839667,
        "lee": 0.05896096834413291,
        "yyl": 0.04476571874450989,
        "1070": 0.01963794322402982,
        "banzhang": 0.01620715073943845,
        "prot": 0.010032627033732058
    }
}