{
    "sum": 0.6172441359416736,
    "coin": {
        "1070": 0.017396340287388568,
        "banzhang": 0.03732481218337236,
        "lsy": 0.034551483506938895,
        "lsy_2": 0.05802146659835866,
        "lsy_3": 0.06071100365917278,
        "master": 0.057647816154024,
        "niu": 0.053221315465984534,
        "prol": 0.05811764835633838,
        "prol2": 0.0572622366545063,
        "prot": 0.02310498160720185,
        "putien": 0.04168897245517769,
        "yyl": 0.04556399103308954,
        "zaiton": 0.05341828574883224,
        "lee": 0.019213782231287946
    },
    "portion": {
        "1070": 0.02818388912006194,
        "banzhang": 0.06047009604462141,
        "lsy": 0.05597701378600676,
        "lsy_2": 0.09400083892225328,
        "lsy_3": 0.09835817000764452,
        "master": 0.0933954861573143,
        "niu": 0.08622409248941601,
        "prol": 0.09415666342082545,
        "prol2": 0.09277080707643577,
        "prot": 0.03743248459048164,
        "putien": 0.06754049172387291,
        "yyl": 0.07381842674548326,
        "zaiton": 0.08654320493030977,
        "lee": 0.03112833498527323
    }
}