{
    "sum": 0.15099558368736168,
    "coin": {
        "1070": 0.011013055378396315,
        "banzhang": 0.031145697307297035,
        "lsy": 0.007043964456041404,
        "lsy_2": 0.010364681264211632,
        "master": 0.008401742629626612,
        "niu": 0.024028795980127658,
        "prol": 0.01014450949116294,
        "prot": 0.020028856057921034,
        "putien": 0.02353623669755773,
        "syl": 0.005288044425019316
    },
    "portion": {
        "1070": 0.0729362747535649,
        "banzhang": 0.20626892884353892,
        "lsy": 0.04665013561340989,
        "lsy_2": 0.068642280860822,
        "master": 0.055642307042718074,
        "niu": 0.15913575346600595,
        "prol": 0.06718414700238702,
        "prot": 0.13264531033828805,
        "putien": 0.15587367605591573,
        "syl": 0.0350211860233494
    }
}