{
    "sum": 1.8033032936160183,
    "coin": {
        "1070": 0.017396340287388568,
        "banzhang": 0.03732481218337236,
        "lsy": 0.107119713399318,
        "lsy_2": 0.19980763564852191,
        "lsy_3": 0.21004816190340414,
        "master": 0.1673375659231708,
        "niu": 0.13016485281960372,
        "prol": 0.18688889500947084,
        "prol2": 0.13707440824053269,
        "prot": 0.02310498160720185,
        "putien": 0.1722214758244491,
        "yyl": 0.10309474325592632,
        "zaiton": 0.18554442667323207,
        "lee": 0.12617528084042598
    },
    "portion": {
        "1070": 0.009646929803197493,
        "banzhang": 0.020698022520952607,
        "lsy": 0.05940193963962629,
        "lsy_2": 0.11080090429373299,
        "lsy_3": 0.11647966409588902,
        "master": 0.09279502040259813,
        "niu": 0.07218134258413883,
        "prol": 0.10363697314316864,
        "prol2": 0.07601295285479596,
        "prot": 0.012812587704462792,
        "putien": 0.09550333348480017,
        "yyl": 0.057169941196746094,
        "zaiton": 0.10289141451140747,
        "lee": 0.06996897376448356
    }
}