{
    "sum": 2.252269183470902,
    "coin": {
        "lsy": 0.12644948485969393,
        "lsy_2": 0.2699949586345197,
        "lsy_3": 0.2574515787517966,
        "master": 0.20335569599778647,
        "prol": 0.2215752526686047,
        "prol2": 0.17389479528842489,
        "putien": 0.24819790206761674,
        "zaiton": 0.2637917750240679,
        "niu": 0.1430211511516291,
        "lee": 0.13578617888950265,
        "yyl": 0.10309474325592631,
        "1070": 0.04522587309075892,
        "banzhang": 0.037324812183372365,
        "prot": 0.02310498160720185
    },
    "portion": {
        "lsy": 0.05614314922376488,
        "lsy_2": 0.11987686046409377,
        "lsy_3": 0.11430764166255028,
        "master": 0.09028925027709224,
        "prol": 0.09837867262701785,
        "prol2": 0.07720870869459796,
        "putien": 0.11019904010102677,
        "zaiton": 0.11712266764559048,
        "niu": 0.06350091374567567,
        "lee": 0.060288610209658325,
        "yyl": 0.04577372190345836,
        "1070": 0.02008013670065082,
        "banzhang": 0.016572092029360476,
        "prot": 0.010258534715462155
    }
}