{
    "sum": 2.091775282557503,
    "coin": {
        "lsy": 0.1260867627421448,
        "lsy_2": 0.23737330394303896,
        "lsy_3": 0.24744819106317015,
        "master": 0.19993187427274273,
        "prol": 0.217746455657343,
        "prol2": 0.17379757036672158,
        "putien": 0.20451298379449856,
        "zaiton": 0.21962453277000762,
        "niu": 0.1430211511516291,
        "lee": 0.12668559845298874,
        "yyl": 0.10309474325592631,
        "1070": 0.03202232129671699,
        "banzhang": 0.037324812183372365,
        "prot": 0.02310498160720185
    },
    "portion": {
        "lsy": 0.060277393940703416,
        "lsy_2": 0.1134793521667467,
        "lsy_3": 0.11829578116088471,
        "master": 0.09557999654164409,
        "prol": 0.10409648563736537,
        "prol2": 0.08308615739747555,
        "putien": 0.09777005469939934,
        "zaiton": 0.10499432448665534,
        "niu": 0.068373095496551,
        "lee": 0.06056367503209856,
        "yyl": 0.04928576416195043,
        "1070": 0.015308681369236276,
        "banzhang": 0.01784360513990647,
        "prot": 0.011045632769382672
    }
}