{
    "sum": 2.3515225167331564,
    "coin": {
        "lsy": 0.12645737718677977,
        "lsy_2": 0.2699949586345197,
        "lsy_3": 0.2574515787517966,
        "master": 0.20335569599778647,
        "prol": 0.2216853962665857,
        "prol2": 0.17389479528842489,
        "putien": 0.30112629253100226,
        "zaiton": 0.3099986818978696,
        "niu": 0.1430211511516291,
        "lee": 0.13578617888950265,
        "yyl": 0.10309474325592631,
        "1070": 0.04522587309075892,
        "banzhang": 0.037324812183372365,
        "prot": 0.02310498160720185
    },
    "portion": {
        "lsy": 0.0537768089767051,
        "lsy_2": 0.1148170841288006,
        "lsy_3": 0.10948293155596069,
        "master": 0.08647831120082047,
        "prol": 0.09427313355032692,
        "prol2": 0.07394987462421052,
        "putien": 0.1280558831090169,
        "zaiton": 0.13182892347062622,
        "niu": 0.060820659863517146,
        "lee": 0.05774394160517887,
        "yyl": 0.04384169937660231,
        "1070": 0.019232591977723774,
        "banzhang": 0.015872615260017035,
        "prot": 0.009825541300493417
    }
}