{
    "sum": 2.1999582122787933,
    "coin": {
        "lsy": 0.12644948485969393,
        "lsy_2": 0.2614944151922684,
        "lsy_3": 0.25643388897900105,
        "master": 0.20335569599778647,
        "prol": 0.2215752526686047,
        "prol2": 0.17389479528842489,
        "putien": 0.2262367943085071,
        "zaiton": 0.24420528925296073,
        "niu": 0.1430211511516291,
        "lee": 0.13578617888950265,
        "yyl": 0.10309474325592631,
        "1070": 0.04398072864391356,
        "banzhang": 0.037324812183372365,
        "prot": 0.02310498160720185
    },
    "portion": {
        "lsy": 0.05747813033626359,
        "lsy_2": 0.11886335555501457,
        "lsy_3": 0.11656307267462954,
        "master": 0.09243616304290778,
        "prol": 0.10071793701894426,
        "prol2": 0.07904459017350998,
        "putien": 0.10283685983024339,
        "zaiton": 0.11100451267208589,
        "niu": 0.06501084900311939,
        "lee": 0.061722162780924184,
        "yyl": 0.046862137053565754,
        "1070": 0.019991620021889773,
        "banzhang": 0.01696614598179573,
        "prot": 0.010502463855106097
    }
}