{
    "sum": 0.9512047924447573,
    "coin": {
        "1070": 0.017396340287388568,
        "banzhang": 0.03732481218337236,
        "lsy": 0.04483880195368179,
        "lsy_2": 0.09812774153963649,
        "lsy_3": 0.1022933681098319,
        "master": 0.09545017215502803,
        "niu": 0.07576162168147649,
        "prol": 0.09333903345048855,
        "prol2": 0.08502751317262705,
        "prot": 0.02310498160720185,
        "putien": 0.07580226658040289,
        "yyl": 0.07325948155148483,
        "zaiton": 0.08232471583094318,
        "lee": 0.04715394234119335
    },
    "portion": {
        "1070": 0.01828874331328486,
        "banzhang": 0.03923951233197771,
        "lsy": 0.04713895715184369,
        "lsy_2": 0.10316152979783837,
        "lsy_3": 0.10754084601163608,
        "master": 0.10034660560288487,
        "niu": 0.07964806557245817,
        "prol": 0.09812716903012172,
        "prol2": 0.0893892817277465,
        "prot": 0.02429022834064801,
        "putien": 0.07969079548640438,
        "yyl": 0.0770175698581118,
        "zaiton": 0.08654783542390986,
        "lee": 0.04957286035113399
    }
}