{
    "sum": 2.070346058407133,
    "coin": {
        "lsy": 0.1258780520562414,
        "lsy_2": 0.23442392212489346,
        "lsy_3": 0.2442043354463214,
        "master": 0.1968669503334352,
        "prol": 0.21568551509960607,
        "prol2": 0.17149482851446438,
        "putien": 0.20158260453198765,
        "zaiton": 0.21688027859157155,
        "niu": 0.1430211511516291,
        "lee": 0.126175280840426,
        "yyl": 0.10309474325592631,
        "1070": 0.030608602670056523,
        "banzhang": 0.037324812183372365,
        "prot": 0.02310498160720185
    },
    "portion": {
        "lsy": 0.0608004886647252,
        "lsy_2": 0.1132293421058568,
        "lsy_3": 0.11795338970249516,
        "master": 0.09508891015297181,
        "prol": 0.10417848466625358,
        "prol2": 0.08283389524087956,
        "putien": 0.09736662318524648,
        "zaiton": 0.10475556862142807,
        "niu": 0.06908079476416885,
        "lee": 0.06094405344848569,
        "yyl": 0.04979589901759928,
        "1070": 0.014784292966754521,
        "banzhang": 0.018028296299454905,
        "prot": 0.011159961163680135
    }
}