{
    "sum": 1.9275707902416641,
    "coin": {
        "1070": 0.021718573036440425,
        "banzhang": 0.03732481218337236,
        "lsy": 0.11627213820396919,
        "lsy_2": 0.21506307697040006,
        "lsy_3": 0.22692063294735745,
        "master": 0.1807461736277304,
        "niu": 0.13643914156841808,
        "prol": 0.20212465173851,
        "prol2": 0.1535757655910421,
        "prot": 0.02310498160720185,
        "putien": 0.18517288793869977,
        "yyl": 0.10309474325592632,
        "zaiton": 0.19983793073217035,
        "lee": 0.12617528084042598
    },
    "portion": {
        "1070": 0.011267328362927473,
        "banzhang": 0.019363653139137297,
        "lsy": 0.06032055413611651,
        "lsy_2": 0.11157207717566477,
        "lsy_3": 0.11772363126487712,
        "master": 0.09376889011950104,
        "niu": 0.07078294725109026,
        "prol": 0.1048597814211374,
        "prol2": 0.07967321686369191,
        "prot": 0.011986580064488902,
        "putien": 0.0960654150167342,
        "yyl": 0.053484283834266386,
        "zaiton": 0.1036734587097142,
        "lee": 0.06545818264065263
    }
}