{
    "sum": 1.741380614333736,
    "coin": {
        "1070": 0.017396340287388568,
        "banzhang": 0.03732481218337236,
        "lsy": 0.09958256958873314,
        "lsy_2": 0.18815587196652606,
        "lsy_3": 0.1958326039710212,
        "master": 0.1673375659231708,
        "niu": 0.1283035263008321,
        "prol": 0.18604079909473176,
        "prol2": 0.13271621278489726,
        "prot": 0.02310498160720185,
        "putien": 0.1621963732943623,
        "yyl": 0.10309474325592632,
        "zaiton": 0.1741189332351463,
        "lee": 0.12617528084042598
    },
    "portion": {
        "1070": 0.009989970110035091,
        "banzhang": 0.021434034510400865,
        "lsy": 0.05718598723854182,
        "lsy_2": 0.10804982576340197,
        "lsy_3": 0.11245824282128469,
        "master": 0.09609476787887368,
        "niu": 0.0736791975543623,
        "prol": 0.10683523037030719,
        "prol2": 0.07621321363777521,
        "prot": 0.013268197324019237,
        "putien": 0.09314240204541367,
        "yyl": 0.059202877537126525,
        "zaiton": 0.09998901549835236,
        "lee": 0.07245703771010538
    }
}