{
    "sum": 0.24883903722531286,
    "coin": {
        "1070": 0.006374718520926985,
        "banzhang": 0.020571935389691848,
        "lsy": 0.01247675912961307,
        "lsy_2": 0.02194160513572725,
        "lsy_3": 0.02264930949445307,
        "master": 0.02100657495539288,
        "niu": 0.021078978379049516,
        "prol": 0.020507164149555154,
        "prol2": 0.021334842568196767,
        "prot": 0.02310498160720185,
        "putien": 0.01977962342637392,
        "yyl": 0.016593022372508415,
        "zaiton": 0.02141952209662219
    },
    "portion": {
        "1070": 0.025617839515891378,
        "banzhang": 0.08267165642127469,
        "lsy": 0.050139878649007597,
        "lsy_2": 0.0881758962757121,
        "lsy_3": 0.09101992093766667,
        "master": 0.08441832595732295,
        "niu": 0.08470929084958412,
        "prol": 0.08241136269542312,
        "prol2": 0.08573752256113658,
        "prot": 0.09285111317273463,
        "putien": 0.07948762238805937,
        "yyl": 0.06668174960620893,
        "zaiton": 0.08607782096997807
    }
}