{
    "sum": 1.8288302229204856,
    "coin": {
        "1070": 0.017396340287388568,
        "banzhang": 0.03732481218337236,
        "lsy": 0.10907762391444306,
        "lsy_2": 0.20323775728830723,
        "lsy_3": 0.21377576179614327,
        "master": 0.16897906077486544,
        "niu": 0.1320671414105179,
        "prol": 0.19032309962634977,
        "prol2": 0.14070570093928972,
        "prot": 0.02310498160720185,
        "putien": 0.1748171624600014,
        "yyl": 0.10309474325592632,
        "zaiton": 0.18875075653625284,
        "lee": 0.12617528084042598
    },
    "portion": {
        "1070": 0.009512277339559765,
        "banzhang": 0.020409118197843332,
        "lsy": 0.059643384359787874,
        "lsy_2": 0.1111299205039131,
        "lsy_3": 0.11689207621184303,
        "master": 0.09239734703477304,
        "niu": 0.07221399764469004,
        "prol": 0.10406821652499817,
        "prol2": 0.07693754137253635,
        "prot": 0.012633748785223579,
        "putien": 0.09558960709913976,
        "yyl": 0.05637195949840157,
        "zaiton": 0.10320846307692466,
        "lee": 0.06899234235036582
    }
}