{
    "sum": 0.3771037724077355,
    "coin": {
        "1070": 0.010062748817011895,
        "banzhang": 0.032757515662338144,
        "lsy": 0.020365533791358317,
        "lsy_2": 0.03350046214441192,
        "lsy_3": 0.03455001445456714,
        "master": 0.03406851128194077,
        "niu": 0.03403128995231103,
        "prol": 0.033220928724198205,
        "prol2": 0.03384966899105533,
        "prot": 0.02310498160720185,
        "putien": 0.028873006369090726,
        "yyl": 0.0269079961129358,
        "zaiton": 0.031811114499314355
    },
    "portion": {
        "1070": 0.026684296348358352,
        "banzhang": 0.08686605136084337,
        "lsy": 0.05400511817033353,
        "lsy_2": 0.08883618938765282,
        "lsy_3": 0.09161938167303896,
        "master": 0.09034253639103061,
        "niu": 0.09024383324257869,
        "prol": 0.08809492546862877,
        "prol2": 0.08976221259981479,
        "prot": 0.06126955840213679,
        "putien": 0.07656514859223523,
        "yyl": 0.07135435411089469,
        "zaiton": 0.0843563942524533
    }
}