{
    "sum": 0.5862940448703616,
    "coin": {
        "1070": 0.017396340287388568,
        "banzhang": 0.03732481218337236,
        "lsy": 0.032477151359991,
        "lsy_2": 0.05465952149668695,
        "lsy_3": 0.05708199397082097,
        "master": 0.05406867525357264,
        "niu": 0.05159404866441934,
        "prol": 0.0545668608744862,
        "prol2": 0.05386201920675559,
        "prot": 0.02310498160720185,
        "putien": 0.04047803530375472,
        "yyl": 0.04268708765861944,
        "zaiton": 0.05015524482211784,
        "lee": 0.016837272181174198
    },
    "portion": {
        "1070": 0.02967169876548065,
        "banzhang": 0.06366227409255953,
        "lsy": 0.05539396424736359,
        "lsy_2": 0.09322885329454947,
        "lsy_3": 0.0973606920797612,
        "master": 0.09222108893418494,
        "niu": 0.08800029458908722,
        "prol": 0.09307080866999383,
        "prol2": 0.09186861043192975,
        "prot": 0.03940852172958828,
        "putien": 0.06904050221541141,
        "yyl": 0.07280832550168269,
        "zaiton": 0.08554622933822893,
        "lee": 0.028718136110178587
    }
}