{
    "sum": 1.9463914836617562,
    "coin": {
        "1070": 0.022718817206380946,
        "banzhang": 0.03732481218337236,
        "lsy": 0.11676096994334488,
        "lsy_2": 0.21799296780458066,
        "lsy_3": 0.22916772228051072,
        "master": 0.18258517422360024,
        "niu": 0.13850418985432272,
        "prol": 0.20420597417651945,
        "prol2": 0.15580203734579764,
        "prot": 0.02310498160720185,
        "putien": 0.18715183525406962,
        "yyl": 0.10309474325592632,
        "zaiton": 0.20180197768570318,
        "lee": 0.12617528084042598
    },
    "portion": {
        "1070": 0.011672275283305247,
        "banzhang": 0.019176415688560763,
        "lsy": 0.05998843034582225,
        "lsy_2": 0.11199852117851923,
        "lsy_3": 0.11773978883702076,
        "master": 0.0938070145478143,
        "niu": 0.07115947177992892,
        "prol": 0.10491516012613543,
        "prol2": 0.08004660863635021,
        "prot": 0.011870675453087337,
        "putien": 0.09615323372766711,
        "yyl": 0.05296711587638765,
        "zaiton": 0.1036800558262062,
        "lee": 0.06482523269319479
    }
}