{
    "sum": 1.2162302576377393,
    "coin": {
        "1070": 0.017396340287388568,
        "banzhang": 0.03732481218337236,
        "lsy": 0.062427916827931425,
        "lsy_2": 0.12847731067717869,
        "lsy_3": 0.13652511587143606,
        "master": 0.12474406986484779,
        "niu": 0.09126640069685582,
        "prol": 0.12804924574525206,
        "prol2": 0.08502751317262705,
        "prot": 0.02310498160720185,
        "putien": 0.10538699990691582,
        "yyl": 0.0878759056258629,
        "zaiton": 0.11470965456767367,
        "lee": 0.07391399060319541
    },
    "portion": {
        "1070": 0.014303492433395914,
        "banzhang": 0.030688935708496207,
        "lsy": 0.05132902790067398,
        "lsy_2": 0.1056356803083634,
        "lsy_3": 0.11225268818472431,
        "master": 0.10256616218966284,
        "niu": 0.07504039644114824,
        "prol": 0.10528371987222195,
        "prol2": 0.06991070369995099,
        "prot": 0.018997209995480803,
        "putien": 0.08665053286176827,
        "yyl": 0.07225268823400478,
        "zaiton": 0.0943157381978574,
        "lee": 0.06077302397225106
    }
}