{
    "sum": 2.2384981282414818,
    "coin": {
        "lsy": 0.12644948485969393,
        "lsy_2": 0.2699949586345197,
        "lsy_3": 0.25715658243741574,
        "master": 0.20335569599778647,
        "prol": 0.2215752526686047,
        "prol2": 0.17389479528842489,
        "putien": 0.24111396499617624,
        "zaiton": 0.25739965318046887,
        "niu": 0.1430211511516291,
        "lee": 0.13578617888950265,
        "yyl": 0.10309474325592631,
        "1070": 0.04522587309075892,
        "banzhang": 0.037324812183372365,
        "prot": 0.02310498160720185
    },
    "portion": {
        "lsy": 0.056488537231447256,
        "lsy_2": 0.12061433298879827,
        "lsy_3": 0.11487906967312618,
        "master": 0.09084470227256278,
        "prol": 0.09898389007931388,
        "prol2": 0.07768369028078352,
        "putien": 0.10771238177696867,
        "zaiton": 0.11498765620263295,
        "niu": 0.06389156611177674,
        "lee": 0.06065950075025235,
        "yyl": 0.046055318052428046,
        "1070": 0.02020366803982429,
        "banzhang": 0.016674042168037893,
        "prot": 0.010321644372047186
    }
}