{
    "sum": 1.5809117021434678,
    "coin": {
        "1070": 0.017396340287388568,
        "banzhang": 0.03732481218337236,
        "lsy": 0.08637452574946108,
        "lsy_2": 0.17037609293443456,
        "lsy_3": 0.17714629953426228,
        "master": 0.1633946046412638,
        "niu": 0.1080748943088232,
        "prol": 0.17091201370186754,
        "prol2": 0.11770499211926544,
        "prot": 0.02310498160720185,
        "putien": 0.1449148864278375,
        "yyl": 0.09698512331244893,
        "zaiton": 0.1569775338425642,
        "lee": 0.11022460149327666
    },
    "portion": {
        "1070": 0.011003992356943063,
        "banzhang": 0.023609675437765296,
        "lsy": 0.05463589499170055,
        "lsy_2": 0.10777078359495433,
        "lsy_3": 0.11205325338162767,
        "master": 0.10335466833456061,
        "niu": 0.06836238492149221,
        "prol": 0.10810977834507628,
        "prol2": 0.07445386858714245,
        "prot": 0.014614972851345921,
        "putien": 0.09166538917471209,
        "yyl": 0.061347590242359744,
        "zaiton": 0.09929557332628212,
        "lee": 0.06972217445403778
    }
}