{
    "sum": 2.229968756531954,
    "coin": {
        "lsy": 0.12644948485969393,
        "lsy_2": 0.2699949586345197,
        "lsy_3": 0.25715658243741574,
        "master": 0.20335569599778647,
        "prol": 0.2215752526686047,
        "prol2": 0.17389479528842489,
        "putien": 0.23669857727250426,
        "zaiton": 0.2532856691946128,
        "niu": 0.1430211511516291,
        "lee": 0.13578617888950265,
        "yyl": 0.10309474325592631,
        "1070": 0.04522587309075892,
        "banzhang": 0.037324812183372365,
        "prot": 0.02310498160720185
    },
    "portion": {
        "lsy": 0.05670459933095569,
        "lsy_2": 0.12107566881538544,
        "lsy_3": 0.11531846878309879,
        "master": 0.09119217271637703,
        "prol": 0.0993624919719496,
        "prol2": 0.07798082138104301,
        "putien": 0.106144346901352,
        "zaiton": 0.11358260892790378,
        "niu": 0.0641359439376431,
        "lee": 0.06089151630118676,
        "yyl": 0.04623147429933466,
        "1070": 0.02028094472547417,
        "banzhang": 0.016737818444335466,
        "prot": 0.010361123463960412
    }
}