{
    "sum": 1.072332507323381,
    "coin": {
        "1070": 0.017396340287388568,
        "banzhang": 0.03732481218337236,
        "lsy": 0.05326978238997371,
        "lsy_2": 0.11170396583781765,
        "lsy_3": 0.11631782904176068,
        "master": 0.10842487970058325,
        "niu": 0.07973918807999857,
        "prol": 0.10851921117929728,
        "prol2": 0.08502751317262705,
        "prot": 0.02310498160720185,
        "putien": 0.08840884764414961,
        "yyl": 0.08498003598453054,
        "zaiton": 0.09631418335058974,
        "lee": 0.061800936864090196
    },
    "portion": {
        "1070": 0.016222897439536813,
        "banzhang": 0.0348071255216703,
        "lsy": 0.049676552772739226,
        "lsy_2": 0.10416915003037518,
        "lsy_3": 0.10847179232876036,
        "master": 0.1011112495052673,
        "niu": 0.07436050621931933,
        "prol": 0.10119921800204401,
        "prol2": 0.07929211563758506,
        "prot": 0.021546471313150385,
        "putien": 0.08244536749596862,
        "yyl": 0.07924784094874343,
        "zaiton": 0.08981746118188365,
        "lee": 0.057632251602956416
    }
}