{
    "sum": 1.819331546812543,
    "coin": {
        "1070": 0.017396340287388568,
        "banzhang": 0.03732481218337236,
        "lsy": 0.10858852432724425,
        "lsy_2": 0.2016953065921589,
        "lsy_3": 0.21256118525542103,
        "master": 0.16768252321799879,
        "niu": 0.13178768990107967,
        "prol": 0.18896535208053675,
        "prol2": 0.13928499010824857,
        "prot": 0.02310498160720185,
        "putien": 0.17414937701728508,
        "yyl": 0.10309474325592632,
        "zaiton": 0.18752044013825506,
        "lee": 0.12617528084042598
    },
    "portion": {
        "1070": 0.009561940657746985,
        "banzhang": 0.02051567359933113,
        "lsy": 0.05968594592749773,
        "lsy_2": 0.11086231475814716,
        "lsy_3": 0.11683477133556379,
        "master": 0.09216710583168718,
        "niu": 0.07243742358668537,
        "prol": 0.10386526436679604,
        "prol2": 0.07655833284058365,
        "prot": 0.012699709213354558,
        "putien": 0.09572162771672577,
        "yyl": 0.0566662758289151,
        "zaiton": 0.10307106501109688,
        "lee": 0.06935254932586875
    }
}