{
    "sum": 0.16368812580776038,
    "coin": {
        "1070": 0.011991507585090343,
        "banzhang": 0.033725235347555914,
        "lsy": 0.007754850536571086,
        "lsy_2": 0.01205002327034383,
        "master": 0.01060386586358314,
        "niu": 0.024028795980127658,
        "prol": 0.01227289740952883,
        "prot": 0.02150822481082722,
        "putien": 0.024464680579113017,
        "syl": 0.005288044425019316
    },
    "portion": {
        "1070": 0.073258261867898,
        "banzhang": 0.20603348704208216,
        "lsy": 0.04737576716883292,
        "lsy_2": 0.07361574464170781,
        "master": 0.06478091071820688,
        "niu": 0.14679620688154074,
        "prol": 0.07497732256976565,
        "prot": 0.13139758736126678,
        "putien": 0.14945910375835678,
        "syl": 0.032305607990342156
    }
}