{
    "sum": 1.1114138265482167,
    "coin": {
        "1070": 0.017396340287388568,
        "banzhang": 0.03732481218337236,
        "lsy": 0.0559723787110969,
        "lsy_2": 0.11456246181194939,
        "lsy_3": 0.12100538745283573,
        "master": 0.11233499463124216,
        "niu": 0.08415565662534624,
        "prol": 0.11305829069971496,
        "prol2": 0.08502751317262705,
        "prot": 0.02310498160720185,
        "putien": 0.09269920003413626,
        "yyl": 0.0878759056258629,
        "zaiton": 0.10078342389993243,
        "lee": 0.06611247980551006
    },
    "portion": {
        "1070": 0.015652441846451922,
        "banzhang": 0.033583181432333103,
        "lsy": 0.05036142017859685,
        "lsy_2": 0.10307813262297875,
        "lsy_3": 0.10887518632789488,
        "master": 0.10107395818542905,
        "niu": 0.07571946165787177,
        "prol": 0.10172474734352256,
        "prol2": 0.07650391882985835,
        "prot": 0.02078881965951454,
        "putien": 0.08340655642375587,
        "yyl": 0.07906677380358337,
        "zaiton": 0.09068037619519403,
        "lee": 0.059485025493015035
    }
}