{
    "sum": 2.099622019696867,
    "coin": {
        "lsy": 0.1260867627421448,
        "lsy_2": 0.23851858470881734,
        "lsy_3": 0.2488095811713846,
        "master": 0.20042186667069473,
        "prol": 0.21847054641529837,
        "prol2": 0.17379757036672158,
        "putien": 0.20574919822596507,
        "zaiton": 0.2207329072164877,
        "niu": 0.1430211511516291,
        "lee": 0.12788321386537452,
        "yyl": 0.10309474325592631,
        "1070": 0.0326061001158482,
        "banzhang": 0.037324812183372365,
        "prot": 0.02310498160720185
    },
    "portion": {
        "lsy": 0.06005212441063492,
        "lsy_2": 0.11360072549784626,
        "lsy_3": 0.11850208220206536,
        "master": 0.09545616534333673,
        "prol": 0.10405232197309498,
        "prol2": 0.0827756466336801,
        "putien": 0.09799344658028979,
        "zaiton": 0.10512983058177111,
        "niu": 0.06811757059600557,
        "lee": 0.06090773132767852,
        "yyl": 0.049101572706315315,
        "1070": 0.015529509506932923,
        "banzhang": 0.017776919766140164,
        "prot": 0.011004352874208109
    }
}