{
    "sum": 0.10784853119457127,
    "coin": {
        "1070": 0.00873731160393259,
        "banzhang": 0.025427118868306186,
        "lsy": 0.0041982570411207825,
        "lsy_2": 0.005306199530917145,
        "master": 0.003847654200072258,
        "niu": 0.01925168296811212,
        "prol": 0.005225073307361572,
        "prot": 0.01205430161970617,
        "putien": 0.018512887630023123,
        "syl": 0.005288044425019316
    },
    "portion": {
        "1070": 0.08101465552803372,
        "banzhang": 0.23576694635212705,
        "lsy": 0.03892734555231577,
        "lsy_2": 0.04920048026749798,
        "master": 0.03567646362406775,
        "niu": 0.17850667741946202,
        "prol": 0.048448256545422334,
        "prot": 0.11177066100194549,
        "putien": 0.17165637236749867,
        "syl": 0.04903214134162912
    }
}