{
    "sum": 2.2590426562749943,
    "coin": {
        "lsy": 0.12645737718677977,
        "lsy_2": 0.2699949586345197,
        "lsy_3": 0.2574515787517966,
        "master": 0.20335569599778647,
        "prol": 0.2216031988102114,
        "prol2": 0.17389479528842489,
        "putien": 0.2520033897295941,
        "zaiton": 0.26672392169749015,
        "niu": 0.1430211511516291,
        "lee": 0.13578617888950265,
        "yyl": 0.10309474325592631,
        "1070": 0.04522587309075892,
        "banzhang": 0.037324812183372365,
        "prot": 0.02310498160720185
    },
    "portion": {
        "lsy": 0.05597830427659975,
        "lsy_2": 0.1195174238452508,
        "lsy_3": 0.11396490368903281,
        "master": 0.09001852861561543,
        "prol": 0.09809606657698966,
        "prol2": 0.07697720749335712,
        "putien": 0.1115531789670277,
        "zaiton": 0.11806944900159588,
        "niu": 0.0633105137498648,
        "lee": 0.06010784192690044,
        "yyl": 0.04563647480031317,
        "1070": 0.020019928780509736,
        "banzhang": 0.016522402567164626,
        "prot": 0.010227775709778042
    }
}