{
    "sum": 0.2057742130308139,
    "coin": {
        "1070": 0.006374718520926985,
        "banzhang": 0.020571935389691848,
        "lsy": 0.009545653517393804,
        "lsy_2": 0.017255207307762813,
        "lsy_3": 0.01786020163306636,
        "master": 0.016566304018177283,
        "niu": 0.016648985492654915,
        "prol": 0.015875944173370862,
        "prol2": 0.016811540128020906,
        "prot": 0.02310498160720185,
        "putien": 0.015405768002198611,
        "yyl": 0.012955791623188455,
        "zaiton": 0.016797181617159214
    },
    "portion": {
        "1070": 0.030979190380732477,
        "banzhang": 0.09997334013184286,
        "lsy": 0.046388968650626694,
        "lsy_2": 0.08385505187269948,
        "lsy_3": 0.0867951400226804,
        "master": 0.08050719171355326,
        "niu": 0.08090899849614196,
        "prol": 0.07715225313967548,
        "prol2": 0.0816989645126401,
        "prot": 0.11228317322609306,
        "putien": 0.07486734015545309,
        "yyl": 0.06296120117465047,
        "zaiton": 0.08162918652321076
    }
}