{
    "sum": 2.3595974817049092,
    "coin": {
        "lsy": 0.12645737718677977,
        "lsy_2": 0.2699949586345197,
        "lsy_3": 0.2574515787517966,
        "master": 0.20335569599778647,
        "prol": 0.2216853962665857,
        "prol2": 0.17389479528842489,
        "putien": 0.305403836032589,
        "zaiton": 0.3137961033680359,
        "niu": 0.1430211511516291,
        "lee": 0.13578617888950265,
        "yyl": 0.10309474325592631,
        "1070": 0.04522587309075892,
        "banzhang": 0.037324812183372365,
        "prot": 0.02310498160720185
    },
    "portion": {
        "lsy": 0.05359277510985007,
        "lsy_2": 0.11442415951361201,
        "lsy_3": 0.10910826136573806,
        "master": 0.08618236693948891,
        "prol": 0.09395051401157142,
        "prol2": 0.07369680491554793,
        "putien": 0.12943048058006987,
        "zaiton": 0.1329871326787927,
        "niu": 0.06061252067801423,
        "lee": 0.057546331500316475,
        "yyl": 0.04369166523327359,
        "1070": 0.019166774605167535,
        "banzhang": 0.01581829632925511,
        "prot": 0.009791916539302085
    }
}