{
    "sum": 2.298635118400355,
    "coin": {
        "lsy": 0.12645737718677977,
        "lsy_2": 0.2699949586345197,
        "lsy_3": 0.2574515787517966,
        "master": 0.20335569599778647,
        "prol": 0.2216031988102114,
        "prol2": 0.17389479528842489,
        "putien": 0.273298347409739,
        "zaiton": 0.28502142614270565,
        "niu": 0.1430211511516291,
        "lee": 0.13578617888950265,
        "yyl": 0.10309474325592631,
        "1070": 0.04522587309075892,
        "banzhang": 0.037324812183372365,
        "prot": 0.02310498160720185
    },
    "portion": {
        "lsy": 0.0550141151914458,
        "lsy_2": 0.11745881565683733,
        "lsy_3": 0.11200193396982464,
        "master": 0.08846801929107562,
        "prol": 0.09640642702980518,
        "prol2": 0.07565132625722701,
        "putien": 0.11889592446491913,
        "zaiton": 0.12399594170520424,
        "niu": 0.06222003222989088,
        "lee": 0.05907252430041951,
        "yyl": 0.04485041685418566,
        "1070": 0.019675098813522043,
        "banzhang": 0.016237815164569097,
        "prot": 0.01005160907107382
    }
}