{
    "sum": 2.2321587066928097,
    "coin": {
        "lsy": 0.12644948485969393,
        "lsy_2": 0.2699949586345197,
        "lsy_3": 0.25715658243741574,
        "master": 0.20335569599778647,
        "prol": 0.2215752526686047,
        "prol2": 0.17389479528842489,
        "putien": 0.23785980916583763,
        "zaiton": 0.25431438746213514,
        "niu": 0.1430211511516291,
        "lee": 0.13578617888950265,
        "yyl": 0.10309474325592631,
        "1070": 0.04522587309075892,
        "banzhang": 0.037324812183372365,
        "prot": 0.02310498160720185
    },
    "portion": {
        "lsy": 0.05664896697557981,
        "lsy_2": 0.12095688260202034,
        "lsy_3": 0.1152053309051764,
        "master": 0.09110270492328947,
        "prol": 0.09926500835457752,
        "prol2": 0.0779043151219607,
        "putien": 0.10656043786342292,
        "zaiton": 0.1139320365974022,
        "niu": 0.06407302075914252,
        "lee": 0.06083177620048572,
        "yyl": 0.04618611702958729,
        "1070": 0.020261047279100535,
        "banzhang": 0.016721397126225494,
        "prot": 0.010350958262028975
    }
}