{
    "sum": 1.2285280589754906,
    "coin": {
        "1070": 0.017396340287388568,
        "banzhang": 0.03732481218337236,
        "lsy": 0.06358054402812503,
        "lsy_2": 0.13036309063252616,
        "lsy_3": 0.138629423904565,
        "master": 0.1263020584821161,
        "niu": 0.09126640069685582,
        "prol": 0.1300135221668975,
        "prol2": 0.08502751317262705,
        "prot": 0.02310498160720185,
        "putien": 0.10711089025585478,
        "yyl": 0.0878759056258629,
        "zaiton": 0.11661858532890207,
        "lee": 0.07391399060319541
    },
    "portion": {
        "1070": 0.014160311732640393,
        "banzhang": 0.030381733580019922,
        "lsy": 0.051753432543613954,
        "lsy_2": 0.10611323826111076,
        "lsy_3": 0.11284188659083015,
        "master": 0.10280763028517516,
        "niu": 0.07428922769005848,
        "prol": 0.10582869574449931,
        "prol2": 0.06921088415638976,
        "prot": 0.018807044282301413,
        "putien": 0.08718636051762467,
        "yyl": 0.07152942497637821,
        "zaiton": 0.09492545528520863,
        "lee": 0.06016467435414921
    }
}