{
    "sum": 2.2202351540777587,
    "coin": {
        "lsy": 0.12644948485969393,
        "lsy_2": 0.2669106812333596,
        "lsy_3": 0.25715658243741574,
        "master": 0.20335569599778647,
        "prol": 0.2215752526686047,
        "prol2": 0.17389479528842489,
        "putien": 0.23321284082414104,
        "zaiton": 0.2501220805899414,
        "niu": 0.1430211511516291,
        "lee": 0.13578617888950265,
        "yyl": 0.10309474325592631,
        "1070": 0.04522587309075892,
        "banzhang": 0.037324812183372365,
        "prot": 0.02310498160720185
    },
    "portion": {
        "lsy": 0.05695319463231295,
        "lsy_2": 0.12021730254254484,
        "lsy_3": 0.11582402970474244,
        "master": 0.09159196296135413,
        "prol": 0.09979810123339959,
        "prol2": 0.07832269251707137,
        "putien": 0.10503970284220321,
        "zaiton": 0.11265567078809592,
        "niu": 0.06441711856014515,
        "lee": 0.06115846721916513,
        "yyl": 0.04643415498875379,
        "1070": 0.020369857223319594,
        "banzhang": 0.0168111977304838,
        "prot": 0.010406547056408175
    }
}