{
    "sum": 2.2037965580362413,
    "coin": {
        "lsy": 0.12644948485969393,
        "lsy_2": 0.26265773546876453,
        "lsy_3": 0.25643388897900105,
        "master": 0.20335569599778647,
        "prol": 0.2215752526686047,
        "prol2": 0.17389479528842489,
        "putien": 0.22738266305543234,
        "zaiton": 0.2452501560716049,
        "niu": 0.1430211511516291,
        "lee": 0.13578617888950265,
        "yyl": 0.10309474325592631,
        "1070": 0.04446501855929595,
        "banzhang": 0.037324812183372365,
        "prot": 0.02310498160720185
    },
    "portion": {
        "lsy": 0.0573780208516028,
        "lsy_2": 0.11918420260299052,
        "lsy_3": 0.11636005512573452,
        "master": 0.0922751672590834,
        "prol": 0.10054251689459301,
        "prol2": 0.07890691845139237,
        "putien": 0.10317770132922272,
        "zaiton": 0.11128529771828956,
        "niu": 0.06489761980528383,
        "lee": 0.06161466147787206,
        "yyl": 0.04678051741209359,
        "1070": 0.02017655322908655,
        "banzhang": 0.016936596096979003,
        "prot": 0.01048417174577595
    }
}