{
    "sum": 1.812707570238386,
    "coin": {
        "1070": 0.017396340287388568,
        "banzhang": 0.03732481218337236,
        "lsy": 0.10798158223012075,
        "lsy_2": 0.2007173913473905,
        "lsy_3": 0.2115438309413156,
        "master": 0.1673375659231708,
        "niu": 0.13136575963893224,
        "prol": 0.18812122288323666,
        "prol2": 0.13837313169309376,
        "prot": 0.02310498160720185,
        "putien": 0.17339728205616645,
        "yyl": 0.10309474325592632,
        "zaiton": 0.18677364535064386,
        "lee": 0.12617528084042598
    },
    "portion": {
        "1070": 0.00959688179881149,
        "banzhang": 0.020590641753906198,
        "lsy": 0.05956922341087828,
        "lsy_2": 0.11072794897689676,
        "lsy_3": 0.1167004730462376,
        "master": 0.09231360240922067,
        "niu": 0.07246936118971278,
        "prol": 0.10377913457850081,
        "prol2": 0.07633505479038549,
        "prot": 0.012746116354643655,
        "putien": 0.0956565112338353,
        "yyl": 0.056873345126687215,
        "zaiton": 0.10303572866200454,
        "lee": 0.0696059766682791
    }
}