{
    "sum": 0.7533562217371689,
    "coin": {
        "1070": 0.017396340287388568,
        "banzhang": 0.03732481218337236,
        "lsy": 0.03666900050183738,
        "lsy_2": 0.0740897226056912,
        "lsy_3": 0.07740262250979238,
        "master": 0.07425686600147956,
        "niu": 0.06412697430500368,
        "prol": 0.07049973324050997,
        "prol2": 0.06902657743618393,
        "prot": 0.02310498160720185,
        "putien": 0.05453509451761626,
        "yyl": 0.05779738372329231,
        "zaiton": 0.06905110775296641,
        "lee": 0.02807500506483293
    },
    "portion": {
        "1070": 0.023091785513198838,
        "banzhang": 0.049544705554173084,
        "lsy": 0.04867418552312756,
        "lsy_2": 0.09834620126299248,
        "lsy_3": 0.1027437223937823,
        "master": 0.09856806628642448,
        "niu": 0.08512171593556749,
        "prol": 0.09358087343852313,
        "prol2": 0.09162541629644354,
        "prot": 0.030669397743771105,
        "putien": 0.072389518987264,
        "yyl": 0.07671985981613978,
        "zaiton": 0.09165797767454688,
        "lee": 0.037266573574045225
    }
}