{
    "sum": 1.5014866395799915,
    "coin": {
        "1070": 0.017396340287388568,
        "banzhang": 0.03732481218337236,
        "lsy": 0.08103379053858327,
        "lsy_2": 0.1621620642520292,
        "lsy_3": 0.16845217543553875,
        "master": 0.15485770880991864,
        "niu": 0.10340652644094799,
        "prol": 0.16215718658514963,
        "prol2": 0.11001754317179535,
        "prot": 0.02310498160720185,
        "putien": 0.13684447291446578,
        "yyl": 0.09453368338991781,
        "zaiton": 0.14885439212519372,
        "lee": 0.10134096183848883
    },
    "portion": {
        "1070": 0.011586077310854273,
        "banzhang": 0.024858570965248926,
        "lsy": 0.05396903868638533,
        "lsy_2": 0.10800100379007738,
        "lsy_3": 0.11219025930371222,
        "master": 0.10313625491415411,
        "niu": 0.06886942828200837,
        "prol": 0.10799775523178122,
        "prol2": 0.07327240900563084,
        "prot": 0.01538807006212521,
        "putien": 0.09113932106165465,
        "yyl": 0.06296005631882384,
        "zaiton": 0.09913800642730496,
        "lee": 0.06749374864023883
    }
}