{
    "sum": 2.315582620658741,
    "coin": {
        "lsy": 0.12645737718677977,
        "lsy_2": 0.2699949586345197,
        "lsy_3": 0.2574515787517966,
        "master": 0.20335569599778647,
        "prol": 0.2216031988102114,
        "prol2": 0.17389479528842489,
        "putien": 0.28220988940937625,
        "zaiton": 0.29305738640145457,
        "niu": 0.1430211511516291,
        "lee": 0.13578617888950265,
        "yyl": 0.10309474325592631,
        "1070": 0.04522587309075892,
        "banzhang": 0.037324812183372365,
        "prot": 0.02310498160720185
    },
    "portion": {
        "lsy": 0.05461147274926643,
        "lsy_2": 0.11659914711128343,
        "lsy_3": 0.11118220375939612,
        "master": 0.08782053129243797,
        "prol": 0.09570083867150866,
        "prol2": 0.07509764226808499,
        "putien": 0.12187424749676723,
        "zaiton": 0.12655881236407152,
        "niu": 0.06176465044937252,
        "lee": 0.058640178794775184,
        "yyl": 0.04452216143624266,
        "1070": 0.019531098863530504,
        "banzhang": 0.016118972327039724,
        "prot": 0.009978042416223052
    }
}