{
    "sum": 0.9282050245114288,
    "coin": {
        "1070": 0.017396340287388568,
        "banzhang": 0.03732481218337236,
        "lsy": 0.0431875975219571,
        "lsy_2": 0.09492604446813366,
        "lsy_3": 0.09895935123246358,
        "master": 0.09275454101705338,
        "niu": 0.07576162168147649,
        "prol": 0.09011732579233128,
        "prol2": 0.08502751317262705,
        "prot": 0.02310498160720185,
        "putien": 0.07302745480221501,
        "yyl": 0.07062438458525844,
        "zaiton": 0.08175970773246678,
        "lee": 0.04423334842748334
    },
    "portion": {
        "1070": 0.018741915663024262,
        "banzhang": 0.04021181872293645,
        "lsy": 0.04652807987619909,
        "lsy_2": 0.10226840187392763,
        "lsy_3": 0.10661367760269554,
        "master": 0.09992893656859461,
        "niu": 0.08162164573646266,
        "prol": 0.09708773752842542,
        "prol2": 0.09160423713218127,
        "prot": 0.024892110037180008,
        "putien": 0.07867599600708242,
        "yyl": 0.07608705266644336,
        "zaiton": 0.08808367286688835,
        "lee": 0.04765471771795898
    }
}