{
    "sum": 2.292419659727762,
    "coin": {
        "lsy": 0.12645737718677977,
        "lsy_2": 0.2699949586345197,
        "lsy_3": 0.2574515787517966,
        "master": 0.20335569599778647,
        "prol": 0.2216031988102114,
        "prol2": 0.17389479528842489,
        "putien": 0.2699082189661444,
        "zaiton": 0.28219609591370753,
        "niu": 0.1430211511516291,
        "lee": 0.13578617888950265,
        "yyl": 0.10309474325592631,
        "1070": 0.04522587309075892,
        "banzhang": 0.037324812183372365,
        "prot": 0.02310498160720185
    },
    "portion": {
        "lsy": 0.05516327547190784,
        "lsy_2": 0.11777728283249114,
        "lsy_3": 0.11230560585157887,
        "master": 0.08870788345181795,
        "prol": 0.09666781466903318,
        "prol2": 0.07585644039934464,
        "putien": 0.11773944522801623,
        "zaiton": 0.12309966664097617,
        "niu": 0.06238872998001321,
        "lee": 0.059232688183117416,
        "yyl": 0.044972020205135306,
        "1070": 0.019728444091309947,
        "banzhang": 0.01628184090333831,
        "prot": 0.010078862091919811
    }
}