{
    "sum": 1.5608055034635837,
    "coin": {
        "1070": 0.017396340287388568,
        "banzhang": 0.03732481218337236,
        "lsy": 0.08523062156068022,
        "lsy_2": 0.16831502243951704,
        "lsy_3": 0.17493455077705491,
        "master": 0.16129093104953088,
        "niu": 0.10651361732067392,
        "prol": 0.16890350886686503,
        "prol2": 0.1156797909552359,
        "prot": 0.02310498160720185,
        "putien": 0.14313314636732302,
        "yyl": 0.09568328021085967,
        "zaiton": 0.15512760791191427,
        "lee": 0.10816729192596629
    },
    "portion": {
        "1070": 0.01114574509686463,
        "banzhang": 0.02391381379713543,
        "lsy": 0.05460681767942574,
        "lsy_2": 0.10783856288692548,
        "lsy_3": 0.11207966039897836,
        "master": 0.10333826392308981,
        "niu": 0.0682427228019824,
        "prol": 0.10821560309215417,
        "prol2": 0.07411544276242675,
        "prot": 0.014803242015696116,
        "putien": 0.09170466534728142,
        "yyl": 0.06130378192447995,
        "zaiton": 0.09938945471916301,
        "lee": 0.0693022235543969
    }
}