{
    "sum": 2.048338800411344,
    "coin": {
        "lsy": 0.12428549433325962,
        "lsy_2": 0.23114133292855088,
        "lsy_3": 0.24095020350378346,
        "master": 0.19414641979361602,
        "prol": 0.21234507371648886,
        "prol2": 0.17001985544467826,
        "putien": 0.19904398813933877,
        "zaiton": 0.21477318059865766,
        "niu": 0.14277010601970758,
        "lee": 0.126175280840426,
        "yyl": 0.10309474325592631,
        "1070": 0.02916332804633613,
        "banzhang": 0.037324812183372365,
        "prot": 0.02310498160720185
    },
    "portion": {
        "lsy": 0.06067623886649065,
        "lsy_2": 0.11284331131262731,
        "lsy_3": 0.11763200670484601,
        "master": 0.09478237670185609,
        "prol": 0.10366696841061941,
        "prol2": 0.08300377623591133,
        "putien": 0.09717337195358848,
        "zaiton": 0.10485237137309866,
        "niu": 0.06970043529470647,
        "lee": 0.06159883355970589,
        "yyl": 0.05033090386962498,
        "1070": 0.014237550956159986,
        "banzhang": 0.018221991486895066,
        "prot": 0.011279863273869511
    }
}