{
    "sum": 1.9350264132451374,
    "coin": {
        "1070": 0.022105119649562556,
        "banzhang": 0.03732481218337236,
        "lsy": 0.11627213820396919,
        "lsy_2": 0.21643962040318443,
        "lsy_3": 0.22782990061793654,
        "master": 0.18151597584750798,
        "niu": 0.1372459874409224,
        "prol": 0.20290155754772607,
        "prol2": 0.15443799120397728,
        "prot": 0.02310498160720185,
        "putien": 0.18594890069409206,
        "yyl": 0.10309474325592632,
        "zaiton": 0.20062940374933266,
        "lee": 0.12617528084042598
    },
    "portion": {
        "1070": 0.011423678508083592,
        "banzhang": 0.019289045321493444,
        "lsy": 0.06008814009364085,
        "lsy_2": 0.11185357415364901,
        "lsy_3": 0.11773994352658693,
        "master": 0.09380542539628516,
        "niu": 0.07092719070989523,
        "prol": 0.10485725474281764,
        "prol2": 0.07981182589904648,
        "prot": 0.011940395980669653,
        "putien": 0.09609631135848236,
        "yyl": 0.053278209821968896,
        "zaiton": 0.10368303108217887,
        "lee": 0.06520597340520207
    }
}