{
    "sum": 2.2870942289047496,
    "coin": {
        "lsy": 0.12645737718677977,
        "lsy_2": 0.2699949586345197,
        "lsy_3": 0.2574515787517966,
        "master": 0.20335569599778647,
        "prol": 0.2216031988102114,
        "prol2": 0.17389479528842489,
        "putien": 0.2671495350120558,
        "zaiton": 0.2796293490447836,
        "niu": 0.1430211511516291,
        "lee": 0.13578617888950265,
        "yyl": 0.10309474325592631,
        "1070": 0.04522587309075892,
        "banzhang": 0.037324812183372365,
        "prot": 0.02310498160720185
    },
    "portion": {
        "lsy": 0.055291721516580475,
        "lsy_2": 0.11805152372922374,
        "lsy_3": 0.11256710611135849,
        "master": 0.08891443711751659,
        "prol": 0.09689290279759631,
        "prol2": 0.0760330698624954,
        "putien": 0.11680740200196699,
        "zaiton": 0.12226402633996122,
        "niu": 0.06253400028039925,
        "lee": 0.05937060973413777,
        "yyl": 0.04507673621532272,
        "1070": 0.01977438118604183,
        "banzhang": 0.01631975268515569,
        "prot": 0.01010233042224344
    }
}