{
    "sum": 1.7599050207514189,
    "coin": {
        "1070": 0.017396340287388568,
        "banzhang": 0.03732481218337236,
        "lsy": 0.10205597830275148,
        "lsy_2": 0.19252828967951602,
        "lsy_3": 0.20049517815915835,
        "master": 0.1673375659231708,
        "niu": 0.1283035263008321,
        "prol": 0.18604079909473176,
        "prol2": 0.13271621278489726,
        "prot": 0.02310498160720185,
        "putien": 0.16555743052381444,
        "yyl": 0.10309474325592632,
        "zaiton": 0.17777388180823153,
        "lee": 0.12617528084042598
    },
    "portion": {
        "1070": 0.00988481769315081,
        "banzhang": 0.02120842417247946,
        "lsy": 0.05798948073866912,
        "lsy_2": 0.10939697734217103,
        "lsy_3": 0.1139238628193434,
        "master": 0.09508329367213432,
        "niu": 0.07290366513418486,
        "prol": 0.10571070421476424,
        "prol2": 0.07541100867377036,
        "prot": 0.013128538946571571,
        "putien": 0.09407179851849455,
        "yyl": 0.05857971995097123,
        "zaiton": 0.10101333862456294,
        "lee": 0.07169436949873208
    }
}