{
    "sum": 1.6505038628061426,
    "coin": {
        "1070": 0.017396340287388568,
        "banzhang": 0.03732481218337236,
        "lsy": 0.0911988834049048,
        "lsy_2": 0.17701653434427722,
        "lsy_3": 0.18298381302412456,
        "master": 0.16543764349041734,
        "niu": 0.11649133216583145,
        "prol": 0.17870361618109967,
        "prol2": 0.12490260690741431,
        "prot": 0.02310498160720185,
        "putien": 0.15264133532051927,
        "yyl": 0.09975859609347941,
        "zaiton": 0.16462897929093503,
        "lee": 0.11891438850517659
    },
    "portion": {
        "1070": 0.010540017917808307,
        "banzhang": 0.02261419256536226,
        "lsy": 0.0552551771977382,
        "lsy_2": 0.10724999700595576,
        "lsy_3": 0.11086542549074703,
        "master": 0.10023462969007821,
        "niu": 0.07057925448764234,
        "prol": 0.10827215870750678,
        "prol2": 0.07567544052581508,
        "prot": 0.013998744339755363,
        "putien": 0.09248165894080523,
        "yyl": 0.060441298164472336,
        "zaiton": 0.09974467979192563,
        "lee": 0.07204732517438736
    }
}