{
    "sum": 2.086248116328234,
    "coin": {
        "lsy": 0.1260867627421448,
        "lsy_2": 0.2366005312642565,
        "lsy_3": 0.2465896852946361,
        "master": 0.19920782934405074,
        "prol": 0.21731436436139842,
        "prol2": 0.17337564968787456,
        "putien": 0.20375711925611295,
        "zaiton": 0.2189269981918134,
        "niu": 0.1430211511516291,
        "lee": 0.126175280840426,
        "yyl": 0.10309474325592631,
        "1070": 0.03166820714739092,
        "banzhang": 0.037324812183372365,
        "prot": 0.02310498160720185
    },
    "portion": {
        "lsy": 0.060437088836804154,
        "lsy_2": 0.11340958412974865,
        "lsy_3": 0.11819767906064323,
        "master": 0.09548616379084075,
        "prol": 0.10416515785469875,
        "prol2": 0.08310404133186859,
        "putien": 0.09766677206866577,
        "zaiton": 0.10493814061633364,
        "niu": 0.06855423860290608,
        "lee": 0.060479518161287854,
        "yyl": 0.04941633856924532,
        "1070": 0.015179501852889148,
        "banzhang": 0.017890878793967942,
        "prot": 0.011074896330100122
    }
}