{
    "sum": 1.6899205753558162,
    "coin": {
        "1070": 0.017396340287388568,
        "banzhang": 0.03732481218337236,
        "lsy": 0.0939811789273946,
        "lsy_2": 0.18155484525757695,
        "lsy_3": 0.18794628011024847,
        "master": 0.16543764349041734,
        "niu": 0.1201639772820662,
        "prol": 0.18299523612134894,
        "prol2": 0.12952358289454546,
        "prot": 0.02310498160720185,
        "putien": 0.1567693308086483,
        "yyl": 0.10133419498458486,
        "zaiton": 0.1687897075837536,
        "lee": 0.12359846381726847
    },
    "portion": {
        "1070": 0.01029417627140597,
        "banzhang": 0.022086725688580687,
        "lsy": 0.05561277867014944,
        "lsy_2": 0.10743395157452901,
        "lsy_3": 0.11121604343486735,
        "master": 0.09789669757443134,
        "niu": 0.07110628690745743,
        "prol": 0.1082862939181736,
        "prol2": 0.07664477537192776,
        "prot": 0.013672229301271778,
        "putien": 0.09276727740630071,
        "yyl": 0.059963880233394246,
        "zaiton": 0.0998802606733246,
        "lee": 0.07313862297418597
    }
}