{
    "sum": 1.1563431078902413,
    "coin": {
        "1070": 0.017396340287388568,
        "banzhang": 0.03732481218337236,
        "lsy": 0.058467630888312444,
        "lsy_2": 0.12062255485648316,
        "lsy_3": 0.12729514362634403,
        "master": 0.11742024224670121,
        "niu": 0.08737161330061899,
        "prol": 0.11893965969087798,
        "prol2": 0.08502751317262705,
        "prot": 0.02310498160720185,
        "putien": 0.09732252284243631,
        "yyl": 0.0878759056258629,
        "zaiton": 0.10624868745387755,
        "lee": 0.07192550010813686
    },
    "portion": {
        "1070": 0.015044272040612885,
        "banzhang": 0.03227831940942842,
        "lsy": 0.050562528102050246,
        "lsy_2": 0.10431380965858837,
        "lsy_3": 0.1100842325757406,
        "master": 0.1015444649996103,
        "niu": 0.07555855412156112,
        "prol": 0.10285844995252706,
        "prol2": 0.07353138752023224,
        "prot": 0.019981077804283456,
        "putien": 0.08416405319352156,
        "yyl": 0.0759946637172364,
        "zaiton": 0.09188335774122376,
        "lee": 0.06220082916338353
    }
}