{
    "sum": 2.161607945948205,
    "coin": {
        "lsy": 0.12628488061016963,
        "lsy_2": 0.2503852716116511,
        "lsy_3": 0.25478600957290404,
        "master": 0.20335569599778647,
        "prol": 0.2215401079568406,
        "prol2": 0.17383810270322028,
        "putien": 0.21733190344007416,
        "zaiton": 0.23323446359881841,
        "niu": 0.1430211511516291,
        "lee": 0.13578617888950265,
        "yyl": 0.10309474325592631,
        "1070": 0.03851964336910824,
        "banzhang": 0.037324812183372365,
        "prot": 0.02310498160720185
    },
    "portion": {
        "lsy": 0.058421732232656946,
        "lsy_2": 0.1158328789829729,
        "lsy_3": 0.11786874213267212,
        "master": 0.09407612346122414,
        "prol": 0.10248857031271709,
        "prol2": 0.08042073634539909,
        "putien": 0.10054177671184492,
        "zaiton": 0.1078985965220943,
        "niu": 0.06616424195687892,
        "lee": 0.0628172093575179,
        "yyl": 0.0476935438034315,
        "1070": 0.017819902744764995,
        "banzhang": 0.01726715163743514,
        "prot": 0.010688793798390061
    }
}