{
    "sum": 2.1766099274464334,
    "coin": {
        "lsy": 0.12644948485969393,
        "lsy_2": 0.2542982881281104,
        "lsy_3": 0.25588725930914996,
        "master": 0.20335569599778647,
        "prol": 0.2215752526686047,
        "prol2": 0.17383810270322028,
        "putien": 0.2203792685361277,
        "zaiton": 0.2376044128289425,
        "niu": 0.1430211511516291,
        "lee": 0.13578617888950265,
        "yyl": 0.10309474325592631,
        "1070": 0.040890295327165205,
        "banzhang": 0.037324812183372365,
        "prot": 0.02310498160720185
    },
    "portion": {
        "lsy": 0.05809469269858683,
        "lsy_2": 0.11683227431864623,
        "lsy_3": 0.11756229542210768,
        "master": 0.09342771685157218,
        "prol": 0.10179832861855662,
        "prol2": 0.07986644759411006,
        "putien": 0.10124885757305783,
        "zaiton": 0.10916260641505779,
        "niu": 0.06570821411230969,
        "lee": 0.06238425047008996,
        "yyl": 0.04736482267949386,
        "1070": 0.01878623028019407,
        "banzhang": 0.017148140193939704,
        "prot": 0.010615122772277472
    }
}