{
    "sum": 2.288358041908582,
    "coin": {
        "lsy": 0.12645737718677977,
        "lsy_2": 0.2699949586345197,
        "lsy_3": 0.2574515787517966,
        "master": 0.20335569599778647,
        "prol": 0.2216031988102114,
        "prol2": 0.17389479528842489,
        "putien": 0.26780027041910265,
        "zaiton": 0.2802424266415694,
        "niu": 0.1430211511516291,
        "lee": 0.13578617888950265,
        "yyl": 0.10309474325592631,
        "1070": 0.04522587309075892,
        "banzhang": 0.037324812183372365,
        "prot": 0.02310498160720185
    },
    "portion": {
        "lsy": 0.05526118503785765,
        "lsy_2": 0.11798632630466041,
        "lsy_3": 0.11250493761766042,
        "master": 0.08886533150563261,
        "prol": 0.09683939084348246,
        "prol2": 0.07599107836437592,
        "putien": 0.1170272595086329,
        "zaiton": 0.12246441400744965,
        "niu": 0.062499464040314145,
        "lee": 0.05933782056948202,
        "yyl": 0.045051841262541754,
        "1070": 0.01976346020268696,
        "banzhang": 0.01631073962195268,
        "prot": 0.010096751113270444
    }
}