{
    "sum": 2.2997979655619565,
    "coin": {
        "lsy": 0.12645737718677977,
        "lsy_2": 0.2699949586345197,
        "lsy_3": 0.2574515787517966,
        "master": 0.20335569599778647,
        "prol": 0.2216031988102114,
        "prol2": 0.17389479528842489,
        "putien": 0.2743436664396249,
        "zaiton": 0.2851389542744218,
        "niu": 0.1430211511516291,
        "lee": 0.13578617888950265,
        "yyl": 0.10309474325592631,
        "1070": 0.04522587309075892,
        "banzhang": 0.037324812183372365,
        "prot": 0.02310498160720185
    },
    "portion": {
        "lsy": 0.054986298396815854,
        "lsy_2": 0.1173994249397235,
        "lsy_3": 0.11194530241654867,
        "master": 0.0884232871943151,
        "prol": 0.09635768103484803,
        "prol2": 0.07561307466672779,
        "putien": 0.11929033356310013,
        "zaiton": 0.12398434929685138,
        "niu": 0.062188571906437805,
        "lee": 0.059042655451833674,
        "yyl": 0.04482773913174372,
        "1070": 0.019665150490603186,
        "banzhang": 0.016229604835854367,
        "prot": 0.010046526674596889
    }
}