{
    "sum": 2.2974791781027477,
    "coin": {
        "lsy": 0.12645737718677977,
        "lsy_2": 0.2699949586345197,
        "lsy_3": 0.2574515787517966,
        "master": 0.20335569599778647,
        "prol": 0.2216031988102114,
        "prol2": 0.17389479528842489,
        "putien": 0.27251323916013603,
        "zaiton": 0.28465059409470145,
        "niu": 0.1430211511516291,
        "lee": 0.13578617888950265,
        "yyl": 0.10309474325592631,
        "1070": 0.04522587309075892,
        "banzhang": 0.037324812183372365,
        "prot": 0.02310498160720185
    },
    "portion": {
        "lsy": 0.0550417946730677,
        "lsy_2": 0.11751791320149454,
        "lsy_3": 0.11205828597080014,
        "master": 0.08851253057523553,
        "prol": 0.09645493239821687,
        "prol2": 0.07568938902507345,
        "putien": 0.11861401912037207,
        "zaiton": 0.1238969200712257,
        "niu": 0.062251337254658215,
        "lee": 0.059102245706372195,
        "yyl": 0.04487298263179981,
        "1070": 0.019684998028189456,
        "banzhang": 0.016245984964353453,
        "prot": 0.010056666379140761
    }
}