{
    "sum": 2.2903248638710014,
    "coin": {
        "lsy": 0.12645737718677977,
        "lsy_2": 0.2699949586345197,
        "lsy_3": 0.2574515787517966,
        "master": 0.20335569599778647,
        "prol": 0.2216031988102114,
        "prol2": 0.17389479528842489,
        "putien": 0.2688048463594571,
        "zaiton": 0.2812046726636345,
        "niu": 0.1430211511516291,
        "lee": 0.13578617888950265,
        "yyl": 0.10309474325592631,
        "1070": 0.04522587309075892,
        "banzhang": 0.037324812183372365,
        "prot": 0.02310498160720185
    },
    "portion": {
        "lsy": 0.05521372936285001,
        "lsy_2": 0.11788500526435657,
        "lsy_3": 0.11240832373302004,
        "master": 0.08878901818936029,
        "prol": 0.09675622978465505,
        "prol2": 0.07592582084382385,
        "putien": 0.11736537929607749,
        "zaiton": 0.12277938256687104,
        "niu": 0.0624457924758767,
        "lee": 0.05928686407394762,
        "yyl": 0.045013152885953624,
        "1070": 0.01974648828390233,
        "banzhang": 0.016296732735236383,
        "prot": 0.010088080504069138
    }
}