{
    "sum": 2.3269973468473792,
    "coin": {
        "lsy": 0.12645737718677977,
        "lsy_2": 0.2699949586345197,
        "lsy_3": 0.2574515787517966,
        "master": 0.20335569599778647,
        "prol": 0.2216031988102114,
        "prol2": 0.17389479528842489,
        "putien": 0.288021912395064,
        "zaiton": 0.29866008960440515,
        "niu": 0.1430211511516291,
        "lee": 0.13578617888950265,
        "yyl": 0.10309474325592631,
        "1070": 0.04522587309075892,
        "banzhang": 0.037324812183372365,
        "prot": 0.02310498160720185
    },
    "portion": {
        "lsy": 0.054343584601892425,
        "lsy_2": 0.11602718799843474,
        "lsy_3": 0.1106368166257656,
        "master": 0.08738974123597226,
        "prol": 0.09523139298394125,
        "prol2": 0.07472926237927083,
        "putien": 0.1237740613607818,
        "zaiton": 0.12834569408041244,
        "niu": 0.06146167349326567,
        "lee": 0.05835252845194088,
        "yyl": 0.04430376484769064,
        "1070": 0.019435292073723687,
        "banzhang": 0.016039903197113695,
        "prot": 0.009929096669794028
    }
}