{
    "sum": 1.0196100282570382,
    "coin": {
        "1070": 0.017396340287388568,
        "banzhang": 0.03732481218337236,
        "lsy": 0.049597569139211255,
        "lsy_2": 0.10649552213853154,
        "lsy_3": 0.11091704792964656,
        "master": 0.10314597394026767,
        "niu": 0.07576162168147649,
        "prol": 0.10218384987040847,
        "prol2": 0.08502751317262705,
        "prot": 0.02310498160720185,
        "putien": 0.08269592237607479,
        "yyl": 0.07966093158083969,
        "zaiton": 0.09052432038923232,
        "lee": 0.0557736219607596
    },
    "portion": {
        "1070": 0.017061758716836635,
        "banzhang": 0.036606948881404075,
        "lsy": 0.04864366548453364,
        "lsy_2": 0.10444730748733339,
        "lsy_3": 0.10878379464279354,
        "master": 0.10116218071784709,
        "niu": 0.07430450817650981,
        "prol": 0.10021856105621636,
        "prol2": 0.08339218997088177,
        "prot": 0.02266060647392653,
        "putien": 0.08110544235960339,
        "yyl": 0.07812882315115637,
        "zaiton": 0.08878327780276758,
        "lee": 0.054700935078189884
    }
}