{
    "sum": 0.2839000451148591,
    "coin": {
        "1070": 0.006374718520926985,
        "banzhang": 0.02410188400944203,
        "lsy": 0.01469749307758943,
        "lsy_2": 0.02578510065457832,
        "lsy_3": 0.026677948769079713,
        "master": 0.024678774208759007,
        "niu": 0.02476448253281446,
        "prol": 0.023862374263498146,
        "prol2": 0.024671477091361527,
        "prot": 0.02310498160720185,
        "putien": 0.023195906530547393,
        "yyl": 0.01912938942972033,
        "zaiton": 0.022855514419339945
    },
    "portion": {
        "1070": 0.022454094779547948,
        "banzhang": 0.08489566812041538,
        "lsy": 0.05176995682280776,
        "lsy_2": 0.09082457399450673,
        "lsy_3": 0.09396951225663405,
        "master": 0.08692768681588117,
        "niu": 0.08722958294281126,
        "prol": 0.0840520270218485,
        "prol2": 0.08690198369422605,
        "prot": 0.08138421252400342,
        "putien": 0.08170448342536504,
        "yyl": 0.06738071993606426,
        "zaiton": 0.08050549766588855
    }
}