{
    "sum": 1.9575172399846021,
    "coin": {
        "lsy": 0.1175351786376558,
        "lsy_2": 0.2192306986280274,
        "lsy_3": 0.23054992368650673,
        "master": 0.183757630172108,
        "prol": 0.2054787495763199,
        "prol2": 0.15710247255461082,
        "putien": 0.18832462354890459,
        "zaiton": 0.20289443163266954,
        "niu": 0.1396400917166643,
        "lee": 0.126175280840426,
        "yyl": 0.10309474325592631,
        "1070": 0.02330362194420846,
        "banzhang": 0.037324812183372365,
        "prot": 0.02310498160720185
    },
    "portion": {
        "lsy": 0.0600429851839161,
        "lsy_2": 0.11199426199166035,
        "lsy_3": 0.11777670151621257,
        "master": 0.09387280296624792,
        "prol": 0.10496906253450733,
        "prol2": 0.08025598413419163,
        "putien": 0.09620585694069593,
        "zaiton": 0.1036488606528265,
        "niu": 0.07133530620540676,
        "lee": 0.06445679162520096,
        "yyl": 0.052666071669814386,
        "1070": 0.011904682864704563,
        "banzhang": 0.01906742450128611,
        "prot": 0.011803207213328858
    }
}