{
    "sum": 2.208204897492999,
    "coin": {
        "lsy": 0.12644948485969393,
        "lsy_2": 0.26397728927284014,
        "lsy_3": 0.25643388897900105,
        "master": 0.20335569599778647,
        "prol": 0.2215752526686047,
        "prol2": 0.17389479528842489,
        "putien": 0.22866468525104452,
        "zaiton": 0.24644934392585077,
        "niu": 0.1430211511516291,
        "lee": 0.13578617888950265,
        "yyl": 0.10309474325592631,
        "1070": 0.045072594162120186,
        "banzhang": 0.037324812183372365,
        "prot": 0.02310498160720185
    },
    "portion": {
        "lsy": 0.05726347450965874,
        "lsy_2": 0.11954383833336149,
        "lsy_3": 0.11612776027719778,
        "master": 0.09209095416311167,
        "prol": 0.10034179931407711,
        "prol2": 0.07874939299602574,
        "putien": 0.10355229512924741,
        "zaiton": 0.11160619388429381,
        "niu": 0.06476806174735085,
        "lee": 0.06149165733834858,
        "yyl": 0.04668712734627615,
        "1070": 0.020411418439154644,
        "banzhang": 0.016902784803053225,
        "prot": 0.010463241718842853
    }
}