{
    "sum": 1.9717123799867569,
    "coin": {
        "lsy": 0.1184091574298468,
        "lsy_2": 0.2206814552706981,
        "lsy_3": 0.2324386122933279,
        "master": 0.1852327710915579,
        "prol": 0.20661194896806667,
        "prol2": 0.1588783177240415,
        "putien": 0.1899783595780737,
        "zaiton": 0.20449154042098244,
        "niu": 0.14120022774801266,
        "lee": 0.126175280840426,
        "yyl": 0.10309474325592631,
        "1070": 0.02409017157522274,
        "banzhang": 0.037324812183372365,
        "prot": 0.02310498160720185
    },
    "portion": {
        "lsy": 0.06005397066616892,
        "lsy_2": 0.11192375597508818,
        "lsy_3": 0.11788667284976377,
        "master": 0.0939451275813372,
        "prol": 0.10478807713803288,
        "prol2": 0.08057885081855024,
        "putien": 0.09635196365676302,
        "zaiton": 0.10371266240279726,
        "niu": 0.07161299446167754,
        "lee": 0.06399274159919484,
        "yyl": 0.05228690771653965,
        "1070": 0.012217893349832568,
        "banzhang": 0.018930150544382674,
        "prot": 0.011718231239871323
    }
}