{
    "sum": 0.31856911032401486,
    "coin": {
        "1070": 0.007380642952635537,
        "banzhang": 0.02703498774855863,
        "lsy": 0.016691125322754956,
        "lsy_2": 0.029343443886413093,
        "lsy_3": 0.03024942957361012,
        "master": 0.028188216710303717,
        "niu": 0.028324158598597743,
        "prol": 0.027304318193398062,
        "prol2": 0.02811884578431884,
        "prot": 0.02310498160720185,
        "putien": 0.024616215866360362,
        "yyl": 0.022010718570527218,
        "zaiton": 0.02620202550933474
    },
    "portion": {
        "1070": 0.023168106114019423,
        "banzhang": 0.0848638077968749,
        "lsy": 0.05239404820441789,
        "lsy_2": 0.09211013540066092,
        "lsy_3": 0.09495405735616863,
        "master": 0.08848383536505984,
        "niu": 0.08891056188652252,
        "prol": 0.08570924583876632,
        "prol2": 0.0882660775105261,
        "prot": 0.07252737587678197,
        "putien": 0.0772711950676051,
        "yyl": 0.06909244448760346,
        "zaiton": 0.08224910909499294
    }
}