{
    "sum": 2.3378301341246828,
    "coin": {
        "lsy": 0.12645737718677977,
        "lsy_2": 0.2699949586345197,
        "lsy_3": 0.2574515787517966,
        "master": 0.20335569599778647,
        "prol": 0.2216853962665857,
        "prol2": 0.17389479528842489,
        "putien": 0.29358209741458574,
        "zaiton": 0.3038504944058129,
        "niu": 0.1430211511516291,
        "lee": 0.13578617888950265,
        "yyl": 0.10309474325592631,
        "1070": 0.04522587309075892,
        "banzhang": 0.037324812183372365,
        "prot": 0.02310498160720185
    },
    "portion": {
        "lsy": 0.05409177311084974,
        "lsy_2": 0.11548955362217098,
        "lsy_3": 0.11012415957594376,
        "master": 0.08698480399814239,
        "prol": 0.09482527966027263,
        "prol2": 0.07438298991450618,
        "putien": 0.12557888322562286,
        "zaiton": 0.1299711599960101,
        "niu": 0.0611768789630981,
        "lee": 0.05808214074558627,
        "yyl": 0.04409847479980682,
        "1070": 0.019345234895644863,
        "banzhang": 0.015965579208922,
        "prot": 0.009883088283423418
    }
}