{
    "sum": 1.2119367543223378,
    "coin": {
        "1070": 0.017396340287388568,
        "banzhang": 0.03732481218337236,
        "lsy": 0.06204848044866395,
        "lsy_2": 0.1278991219087711,
        "lsy_3": 0.1359401514533987,
        "master": 0.12422912049298479,
        "niu": 0.09072547800141201,
        "prol": 0.1274371787286956,
        "prol2": 0.08502751317262705,
        "prot": 0.02310498160720185,
        "putien": 0.10486753343529963,
        "yyl": 0.0878759056258629,
        "zaiton": 0.11414614637346394,
        "lee": 0.07391399060319541
    },
    "portion": {
        "1070": 0.014354165120700414,
        "banzhang": 0.030797656767363873,
        "lsy": 0.05119778753088378,
        "lsy_2": 0.1055328353172082,
        "lsy_3": 0.11216769436901061,
        "master": 0.10250462332289632,
        "niu": 0.07485991135910532,
        "prol": 0.10515167418942822,
        "prol2": 0.07015837490642879,
        "prot": 0.01906451101907636,
        "putien": 0.08652888284911944,
        "yyl": 0.07250865634073395,
        "zaiton": 0.09418490359861187,
        "lee": 0.06098832330943283
    }
}