{
    "sum": 1.0852108042917854,
    "coin": {
        "1070": 0.017396340287388568,
        "banzhang": 0.03732481218337236,
        "lsy": 0.0543354230034241,
        "lsy_2": 0.11170396583781765,
        "lsy_3": 0.1179318539665355,
        "master": 0.10987099772458396,
        "niu": 0.0812918267806064,
        "prol": 0.11018253809119799,
        "prol2": 0.08502751317262705,
        "prot": 0.02310498160720185,
        "putien": 0.08986296974351479,
        "yyl": 0.08597170131494239,
        "zaiton": 0.09792533769184224,
        "lee": 0.06328054288673036
    },
    "portion": {
        "1070": 0.016030378815424268,
        "banzhang": 0.03439406614434763,
        "lsy": 0.05006900298867159,
        "lsy_2": 0.1029329650940181,
        "lsy_3": 0.10867183914879881,
        "master": 0.10124392172476239,
        "niu": 0.07490878865112101,
        "prol": 0.10153099992687939,
        "prol2": 0.07835114876884816,
        "prot": 0.021290777345587056,
        "putien": 0.08280692505836215,
        "yyl": 0.07922119921303954,
        "zaiton": 0.09023623548951751,
        "lee": 0.058311751630622216
    }
}