{
    "sum": 0.9682373424802352,
    "coin": {
        "1070": 0.017396340287388568,
        "banzhang": 0.03732481218337236,
        "lsy": 0.04593209527305835,
        "lsy_2": 0.10039033738175211,
        "lsy_3": 0.10462192507881199,
        "master": 0.0974557606292125,
        "niu": 0.07576162168147649,
        "prol": 0.09571258016266027,
        "prol2": 0.08502751317262705,
        "prot": 0.02310498160720185,
        "putien": 0.07713151219645675,
        "yyl": 0.07439878387019572,
        "zaiton": 0.08448316045130201,
        "lee": 0.04949591850471916
    },
    "portion": {
        "1070": 0.01796702060966388,
        "banzhang": 0.038549238441641986,
        "lsy": 0.04743888017724949,
        "lsy_2": 0.10368360419212132,
        "lsy_3": 0.1080540075130883,
        "master": 0.10065275976608172,
        "niu": 0.07824695284671178,
        "prol": 0.09885239492775921,
        "prol2": 0.0878168083817349,
        "prot": 0.02386293173532862,
        "putien": 0.07966178209867097,
        "yyl": 0.07683940765971277,
        "zaiton": 0.08725459837656135,
        "lee": 0.05111961327367368
    }
}