{
    "sum": 0.22400175928073252,
    "coin": {
        "1070": 0.01523677645069474,
        "banzhang": 0.04206841519510672,
        "lsy": 0.011750137168994259,
        "lsy_2": 0.01891990799287235,
        "master": 0.017548954510726612,
        "niu": 0.02828982363896632,
        "prol": 0.019265700418514414,
        "prot": 0.026085046593023173,
        "putien": 0.031029986794208448,
        "syl": 0.005288044425019316,
        "prol2": 0.0030625536351407256,
        "zaiton": 0.004206434028905355,
        "lsy_3": 0.001249978428560082
    },
    "portion": {
        "1070": 0.06802078920995926,
        "banzhang": 0.1878039499787323,
        "lsy": 0.05245555752206516,
        "lsy_2": 0.0844632115998731,
        "master": 0.07834293162284142,
        "niu": 0.12629286363555656,
        "prol": 0.0860069156616287,
        "prot": 0.1164501862698847,
        "putien": 0.13852563878893379,
        "syl": 0.023607155774129522,
        "prol2": 0.01367200706358091,
        "zaiton": 0.01877857585767261,
        "lsy_3": 0.0055802170151419824
    }
}