{
    "sum": 0.14346250817255327,
    "coin": {
        "1070": 0.005497508698934672,
        "banzhang": 0.014190630402386946,
        "lsy": 0.006170284435219208,
        "lsy_2": 0.011765837598912282,
        "lsy_3": 0.012178546702331518,
        "master": 0.011334437239647529,
        "niu": 0.011724190354837289,
        "prol": 0.010332481338782088,
        "prol2": 0.0113764946347442,
        "prot": 0.01846503184945398,
        "putien": 0.010273185199176698,
        "yyl": 0.008696260906799497,
        "zaiton": 0.011457618811327341
    },
    "portion": {
        "1070": 0.038320176950499156,
        "banzhang": 0.09891525377012644,
        "lsy": 0.043009734834677064,
        "lsy_2": 0.08201332702729981,
        "lsy_3": 0.08489010026008645,
        "master": 0.0790062671009121,
        "niu": 0.08172302648393484,
        "prol": 0.07202217130035415,
        "prol2": 0.0792994265864976,
        "prot": 0.12870980777252744,
        "putien": 0.07160884979663368,
        "yyl": 0.06061695851810874,
        "zaiton": 0.07986489959834239
    }
}