{
    "sum": 0.29145705657710275,
    "coin": {
        "1070": 0.006374718520926985,
        "banzhang": 0.025029124679655974,
        "lsy": 0.015078223716419701,
        "lsy_2": 0.02659151905564317,
        "lsy_3": 0.027456268968016874,
        "master": 0.02543742566620678,
        "niu": 0.025489416147709,
        "prol": 0.024578878417754375,
        "prol2": 0.025449797290298688,
        "prot": 0.02310498160720185,
        "putien": 0.02363985812416498,
        "yyl": 0.019656230719614615,
        "zaiton": 0.02357061366348979
    },
    "portion": {
        "1070": 0.02187189631224661,
        "banzhang": 0.0858758575743549,
        "lsy": 0.05173394630927686,
        "lsy_2": 0.09123649078164826,
        "lsy_3": 0.0942034798898531,
        "master": 0.08727675344335849,
        "niu": 0.08745513471884654,
        "prol": 0.08433104590573609,
        "prol2": 0.08731920094570136,
        "prot": 0.0792740511365509,
        "putien": 0.08110923235756769,
        "yyl": 0.06744125858697371,
        "zaiton": 0.0808716520378856
    }
}