{
    "sum": 0.6504859858721583,
    "coin": {
        "1070": 0.017396340287388568,
        "banzhang": 0.03732481218337236,
        "lsy": 0.03666900050183738,
        "lsy_2": 0.06167867730835344,
        "lsy_3": 0.06444032999694028,
        "master": 0.06128416619303361,
        "niu": 0.05541236989476318,
        "prol": 0.061727277795411796,
        "prol2": 0.06056177028318271,
        "prot": 0.02310498160720185,
        "putien": 0.04401437054752666,
        "yyl": 0.04860192642363009,
        "zaiton": 0.05695202247605071,
        "lee": 0.021317940373465613
    },
    "portion": {
        "1070": 0.02674360503564717,
        "banzhang": 0.0573798867216609,
        "lsy": 0.0563716994650889,
        "lsy_2": 0.09481937912260466,
        "lsy_3": 0.09906490131457638,
        "master": 0.09421289239746657,
        "niu": 0.08518610869143846,
        "prol": 0.09489409324114666,
        "prol2": 0.09310234439867712,
        "prot": 0.0355195686133394,
        "putien": 0.06766382597545602,
        "yyl": 0.07471633129569367,
        "zaiton": 0.08755303528897798,
        "lee": 0.032772328438226
    }
}