{
    "sum": 2.273221156647548,
    "coin": {
        "lsy": 0.12645737718677977,
        "lsy_2": 0.2699949586345197,
        "lsy_3": 0.2574515787517966,
        "master": 0.20335569599778647,
        "prol": 0.2216031988102114,
        "prol2": 0.17389479528842489,
        "putien": 0.2594244912206057,
        "zaiton": 0.2734813205790324,
        "niu": 0.1430211511516291,
        "lee": 0.13578617888950265,
        "yyl": 0.10309474325592631,
        "1070": 0.04522587309075892,
        "banzhang": 0.037324812183372365,
        "prot": 0.02310498160720185
    },
    "portion": {
        "lsy": 0.055629157249826866,
        "lsy_2": 0.11877197158973174,
        "lsy_3": 0.11325408352765616,
        "master": 0.0894570664200957,
        "prol": 0.09748422328473423,
        "prol2": 0.07649708642729583,
        "putien": 0.11412197641306229,
        "zaiton": 0.12030563756601283,
        "niu": 0.06291563437784942,
        "lee": 0.05973293821079619,
        "yyl": 0.045351831674823116,
        "1070": 0.01989506078566335,
        "banzhang": 0.016419349289541824,
        "prot": 0.01016398318291042
    }
}