{
    "sum": 2.1281384389062112,
    "coin": {
        "lsy": 0.12628488061016963,
        "lsy_2": 0.24375638301309047,
        "lsy_3": 0.2527319966626581,
        "master": 0.20335569599778647,
        "prol": 0.21865174681823446,
        "prol2": 0.17379757036672158,
        "putien": 0.2101397497023824,
        "zaiton": 0.22548498922468427,
        "niu": 0.1430211511516291,
        "lee": 0.13260968211602855,
        "yyl": 0.10309474325592631,
        "1070": 0.03478005619632579,
        "banzhang": 0.037324812183372365,
        "prot": 0.02310498160720185
    },
    "portion": {
        "lsy": 0.05934053833221284,
        "lsy_2": 0.11453972098655985,
        "lsy_3": 0.11875731016472477,
        "master": 0.09555567075904338,
        "prol": 0.1027431969748236,
        "prol2": 0.08166647770153874,
        "putien": 0.09874345853664805,
        "zaiton": 0.10595409824023275,
        "niu": 0.06720481550304452,
        "lee": 0.06231252614570756,
        "yyl": 0.048443626303236835,
        "1070": 0.016342948165628514,
        "banzhang": 0.017538714352885808,
        "prot": 0.010856897833712832
    }
}