{
    "sum": 2.2672899540669924,
    "coin": {
        "lsy": 0.12645737718677977,
        "lsy_2": 0.2699949586345197,
        "lsy_3": 0.2574515787517966,
        "master": 0.20335569599778647,
        "prol": 0.2216031988102114,
        "prol2": 0.17389479528842489,
        "putien": 0.2563335578624724,
        "zaiton": 0.27064105135661015,
        "niu": 0.1430211511516291,
        "lee": 0.13578617888950265,
        "yyl": 0.10309474325592631,
        "1070": 0.04522587309075892,
        "banzhang": 0.037324812183372365,
        "prot": 0.02310498160720185
    },
    "portion": {
        "lsy": 0.05577468243968733,
        "lsy_2": 0.11908267760381128,
        "lsy_3": 0.11355035481456095,
        "master": 0.08969108500349217,
        "prol": 0.09773924081157183,
        "prol2": 0.07669720186273395,
        "putien": 0.113057245899524,
        "zaiton": 0.11936764015168985,
        "niu": 0.06308022090208724,
        "lee": 0.05988919884108062,
        "yyl": 0.04547047150762444,
        "1070": 0.019947106019516467,
        "banzhang": 0.016462302104951466,
        "prot": 0.010190572037668526
    }
}