{
    "sum": 1.7244072217575959,
    "coin": {
        "1070": 0.017396340287388568,
        "banzhang": 0.03732481218337236,
        "lsy": 0.09707744186811629,
        "lsy_2": 0.18401446301652408,
        "lsy_3": 0.19134096073841164,
        "master": 0.1673375659231708,
        "niu": 0.1274416510031529,
        "prol": 0.18604079909473176,
        "prol2": 0.13271621278489726,
        "prot": 0.02310498160720185,
        "putien": 0.15964194154942934,
        "yyl": 0.10309474325592632,
        "zaiton": 0.17170002760484687,
        "lee": 0.12617528084042598
    },
    "portion": {
        "1070": 0.010088301688772453,
        "banzhang": 0.021645010362070494,
        "lsy": 0.05629612346970483,
        "lsy_2": 0.10671172139314518,
        "lsy_3": 0.11096042647245936,
        "master": 0.09704063159316428,
        "niu": 0.07390461452211877,
        "prol": 0.10788681278260383,
        "prol2": 0.07696338261076564,
        "prot": 0.013398796592635574,
        "putien": 0.09257786648951451,
        "yyl": 0.05978561325604249,
        "zaiton": 0.09957046423746836,
        "lee": 0.07317023452953432
    }
}