{
    "sum": 2.3131442306722376,
    "coin": {
        "lsy": 0.12645737718677977,
        "lsy_2": 0.2699949586345197,
        "lsy_3": 0.2574515787517966,
        "master": 0.20335569599778647,
        "prol": 0.2216031988102114,
        "prol2": 0.17389479528842489,
        "putien": 0.28093378441244954,
        "zaiton": 0.2918951014118781,
        "niu": 0.1430211511516291,
        "lee": 0.13578617888950265,
        "yyl": 0.10309474325592631,
        "1070": 0.04522587309075892,
        "banzhang": 0.037324812183372365,
        "prot": 0.02310498160720185
    },
    "portion": {
        "lsy": 0.05466904117346335,
        "lsy_2": 0.11672205954751674,
        "lsy_3": 0.11129940595056494,
        "master": 0.0879131068877136,
        "prol": 0.09580172125531916,
        "prol2": 0.07517680609042188,
        "putien": 0.12145104515631763,
        "zaiton": 0.12618975398998297,
        "niu": 0.06182975936181239,
        "lee": 0.05870199406028433,
        "yyl": 0.04456909426091658,
        "1070": 0.019551687478482713,
        "banzhang": 0.01613596406503591,
        "prot": 0.009988560722167836
    }
}