{
    "sum": 1.4977051395968217,
    "coin": {
        "1070": 0.017396340287388568,
        "banzhang": 0.03732481218337236,
        "lsy": 0.08066769084370275,
        "lsy_2": 0.16163873678850094,
        "lsy_3": 0.16788753264594247,
        "master": 0.15485770880991864,
        "niu": 0.10281548774858602,
        "prol": 0.16215718658514963,
        "prol2": 0.11001754317179535,
        "prot": 0.02310498160720185,
        "putien": 0.13628442071665484,
        "yyl": 0.09453368338991781,
        "zaiton": 0.14829663522327544,
        "lee": 0.10072237959541484
    },
    "portion": {
        "1070": 0.011615330566383458,
        "banzhang": 0.024921335446188093,
        "lsy": 0.05386086266981649,
        "lsy_2": 0.10792427195116233,
        "lsy_3": 0.11209651900582872,
        "master": 0.1033966598068869,
        "niu": 0.06864868459773309,
        "prol": 0.10827043474578843,
        "prol2": 0.07345741178494705,
        "prot": 0.015426922827694676,
        "putien": 0.09099549511684406,
        "yyl": 0.06311902182252378,
        "zaiton": 0.09901590860748231,
        "lee": 0.06725114105072047
    }
}