{
    "sum": 1.7233691506849003,
    "coin": {
        "1070": 0.017396340287388568,
        "banzhang": 0.03732481218337236,
        "lsy": 0.09707744186811629,
        "lsy_2": 0.18401446301652408,
        "lsy_3": 0.19134096073841164,
        "master": 0.1673375659231708,
        "niu": 0.12640357993045737,
        "prol": 0.18604079909473176,
        "prol2": 0.13271621278489726,
        "prot": 0.02310498160720185,
        "putien": 0.15964194154942934,
        "yyl": 0.10309474325592632,
        "zaiton": 0.17170002760484687,
        "lee": 0.12617528084042598
    },
    "portion": {
        "1070": 0.010094378375332369,
        "banzhang": 0.02165804822985183,
        "lsy": 0.05633003342872642,
        "lsy_2": 0.1067759991777694,
        "lsy_3": 0.1110272634637617,
        "master": 0.09709908399872867,
        "niu": 0.07334678114681474,
        "prol": 0.10795179838329794,
        "prol2": 0.07700974148931079,
        "prot": 0.013406867355156895,
        "putien": 0.09263363074938677,
        "yyl": 0.059821625108558124,
        "zaiton": 0.09963044048723395,
        "lee": 0.07321430860607055
    }
}