{
    "sum": 0.10203453817170688,
    "coin": {
        "1070": 0.008321804072587624,
        "banzhang": 0.024258406673399558,
        "lsy": 0.003687820822839326,
        "lsy_2": 0.0044020426930466375,
        "master": 0.003847654200072258,
        "niu": 0.018652542894824434,
        "prol": 0.005225073307361572,
        "prot": 0.010675501347153208,
        "putien": 0.01767564773540293,
        "syl": 0.005288044425019316
    },
    "portion": {
        "1070": 0.08155869788505765,
        "banzhang": 0.23774701300236945,
        "lsy": 0.036142867786918845,
        "lsy_2": 0.0431426727843737,
        "master": 0.037709331261903754,
        "niu": 0.18280616768642946,
        "prol": 0.05120886908478634,
        "prot": 0.10462635043428278,
        "putien": 0.17323200606502281,
        "syl": 0.05182602400885503
    }
}