{
    "sum": 1.3345780604929198,
    "coin": {
        "1070": 0.017396340287388568,
        "banzhang": 0.03732481218337236,
        "lsy": 0.07123602048151148,
        "lsy_2": 0.14399521071878732,
        "lsy_3": 0.14907323228102218,
        "master": 0.13680313847479675,
        "niu": 0.09836094280177776,
        "prol": 0.14470775976578373,
        "prol2": 0.09128452096737265,
        "prot": 0.02310498160720185,
        "putien": 0.1195979488926367,
        "yyl": 0.0878759056258629,
        "zaiton": 0.13059935616793059,
        "lee": 0.08321789023747499
    },
    "portion": {
        "1070": 0.013035086371016255,
        "banzhang": 0.027967500207209027,
        "lsy": 0.05337718533691525,
        "lsy_2": 0.10789568252426043,
        "lsy_3": 0.11170064658935178,
        "master": 0.10250665923900261,
        "niu": 0.07370190303102138,
        "prol": 0.10842959587716933,
        "prol2": 0.06839953665479646,
        "prot": 0.017312574131983064,
        "putien": 0.08961480218584125,
        "yyl": 0.06584545949556998,
        "zaiton": 0.09785816209184074,
        "lee": 0.062355206264022404
    }
}