{
    "sum": 1.0788726923861016,
    "coin": {
        "1070": 0.017396340287388568,
        "banzhang": 0.03732481218337236,
        "lsy": 0.053805003945616436,
        "lsy_2": 0.11170396583781765,
        "lsy_3": 0.11703251657896907,
        "master": 0.10911574431988469,
        "niu": 0.08057299020674169,
        "prol": 0.10930536747022651,
        "prol2": 0.08502751317262705,
        "prot": 0.02310498160720185,
        "putien": 0.08912829976493938,
        "yyl": 0.08565978324214207,
        "zaiton": 0.09712575075395304,
        "lee": 0.06256962301522098
    },
    "portion": {
        "1070": 0.016124553351066606,
        "banzhang": 0.03459612282967557,
        "lsy": 0.04987150414069519,
        "lsy_2": 0.10353767096539096,
        "lsy_3": 0.10847666958752354,
        "master": 0.10113866546993376,
        "niu": 0.07468257448294616,
        "prol": 0.10131442592033726,
        "prol2": 0.07881144251095552,
        "prot": 0.021415855429709175,
        "putien": 0.08261243462175108,
        "yyl": 0.079397489478292,
        "zaiton": 0.09002521932327688,
        "lee": 0.057995371888446015
    }
}