{
    "sum": 2.0626152500882906,
    "coin": {
        "lsy": 0.12535949835921978,
        "lsy_2": 0.23325811655448594,
        "lsy_3": 0.24296758173326496,
        "master": 0.1958170601287486,
        "prol": 0.21449427312317979,
        "prol2": 0.17140255376010796,
        "putien": 0.2007323719439171,
        "zaiton": 0.21576901723094868,
        "niu": 0.1430211511516291,
        "lee": 0.126175280840426,
        "yyl": 0.10309474325592631,
        "1070": 0.030093808215862043,
        "banzhang": 0.037324812183372365,
        "prot": 0.02310498160720185
    },
    "portion": {
        "lsy": 0.06077696669500225,
        "lsy_2": 0.11308852513550517,
        "lsy_3": 0.11779588157455187,
        "master": 0.09493629998147576,
        "prol": 0.10399141241392369,
        "prol2": 0.08309962497987497,
        "putien": 0.09731934830566424,
        "zaiton": 0.1046094356287304,
        "niu": 0.06933971381502539,
        "lee": 0.06117247549441179,
        "yyl": 0.04998253709775166,
        "1070": 0.014590122037822551,
        "banzhang": 0.018095867458448524,
        "prot": 0.011201789381811678
    }
}