{
    "sum": 1.3399072913462882,
    "coin": {
        "1070": 0.017396340287388568,
        "banzhang": 0.03732481218337236,
        "lsy": 0.0715518431139324,
        "lsy_2": 0.14456612086200973,
        "lsy_3": 0.14969273052154014,
        "master": 0.13734865029443286,
        "niu": 0.09887884774795053,
        "prol": 0.14527204425937496,
        "prol2": 0.0918753080594887,
        "prot": 0.02310498160720185,
        "putien": 0.12007830849089929,
        "yyl": 0.0878759056258629,
        "zaiton": 0.1311603278367062,
        "lee": 0.08378107045612766
    },
    "portion": {
        "1070": 0.012983241750934411,
        "banzhang": 0.027856264701619615,
        "lsy": 0.053400592396239455,
        "lsy_2": 0.10789262943464929,
        "lsy_3": 0.1117187222491599,
        "master": 0.10250608469816604,
        "niu": 0.07379529045520813,
        "prol": 0.10841947439021031,
        "prol2": 0.06856840667474529,
        "prot": 0.017243716603696394,
        "putien": 0.08961687817240635,
        "yyl": 0.06558357148543352,
        "zaiton": 0.09788761407882277,
        "lee": 0.06252751290870849
    }
}