{
    "sum": 2.27986366608988,
    "coin": {
        "lsy": 0.12645737718677977,
        "lsy_2": 0.2699949586345197,
        "lsy_3": 0.2574515787517966,
        "master": 0.20335569599778647,
        "prol": 0.2216031988102114,
        "prol2": 0.17389479528842489,
        "putien": 0.26283860133279513,
        "zaiton": 0.27670971990917476,
        "niu": 0.1430211511516291,
        "lee": 0.13578617888950265,
        "yyl": 0.10309474325592631,
        "1070": 0.04522587309075892,
        "banzhang": 0.037324812183372365,
        "prot": 0.02310498160720185
    },
    "portion": {
        "lsy": 0.05546707860986386,
        "lsy_2": 0.11842592285247447,
        "lsy_3": 0.11292411146379792,
        "master": 0.08919642828755424,
        "prol": 0.09720019758474235,
        "prol2": 0.0762742079164173,
        "putien": 0.11528698195518905,
        "zaiton": 0.1213711696996999,
        "niu": 0.06273232618199492,
        "lee": 0.05955890297702981,
        "yyl": 0.04521969659384974,
        "1070": 0.019837095420852224,
        "banzhang": 0.016371510603257665,
        "prot": 0.010134369853276558
    }
}