{
    "sum": 1.76571157913339,
    "coin": {
        "1070": 0.017396340287388568,
        "banzhang": 0.03732481218337236,
        "lsy": 0.10262198803542874,
        "lsy_2": 0.19398844508563862,
        "lsy_3": 0.2021118006574431,
        "master": 0.1673375659231708,
        "niu": 0.1283035263008321,
        "prol": 0.18604079909473176,
        "prol2": 0.13271621278489726,
        "prot": 0.02310498160720185,
        "putien": 0.16642454425907166,
        "yyl": 0.10309474325592632,
        "zaiton": 0.17907053881786086,
        "lee": 0.12617528084042598
    },
    "portion": {
        "1070": 0.009852311381412971,
        "banzhang": 0.021138680079161826,
        "lsy": 0.05811933797579531,
        "lsy_2": 0.10986417452211987,
        "lsy_3": 0.1144647874805462,
        "master": 0.09477061140715856,
        "niu": 0.07266392077680285,
        "prol": 0.10536307361479753,
        "prol2": 0.07516301889464545,
        "prot": 0.013085365628367098,
        "putien": 0.09425352714782145,
        "yyl": 0.05838708001593621,
        "zaiton": 0.10141550915452939,
        "lee": 0.07145860192090529
    }
}