{
    "sum": 0.3117383765471177,
    "coin": {
        "1070": 0.007057193054038746,
        "banzhang": 0.026388087951365043,
        "lsy": 0.016309586462777515,
        "lsy_2": 0.028633174313167892,
        "lsy_3": 0.02951407613067782,
        "master": 0.027508311821416585,
        "niu": 0.02761652943268803,
        "prol": 0.026631014322849637,
        "prol2": 0.02746270456145106,
        "prot": 0.02310498160720185,
        "putien": 0.024616215866360362,
        "yyl": 0.02140474508703364,
        "zaiton": 0.02549175593608954
    },
    "portion": {
        "1070": 0.022638191461076294,
        "banzhang": 0.08464818558319724,
        "lsy": 0.052318186305536245,
        "lsy_2": 0.0918500142020215,
        "lsy_3": 0.09467578697747184,
        "master": 0.08824165996533583,
        "niu": 0.08858880237516707,
        "prol": 0.0854274491893509,
        "prol2": 0.0880953601723149,
        "prot": 0.07411657769927998,
        "putien": 0.07896434227641441,
        "yyl": 0.06866252825243163,
        "zaiton": 0.08177291554040216
    }
}