{
    "sum": 2.2122948549163075,
    "coin": {
        "lsy": 0.12644948485969393,
        "lsy_2": 0.2652594154336345,
        "lsy_3": 0.25666027531107,
        "master": 0.20335569599778647,
        "prol": 0.2215752526686047,
        "prol2": 0.17389479528842489,
        "putien": 0.229959777325788,
        "zaiton": 0.24758241785291388,
        "niu": 0.1430211511516291,
        "lee": 0.13578617888950265,
        "yyl": 0.10309474325592631,
        "1070": 0.04522587309075892,
        "banzhang": 0.037324812183372365,
        "prot": 0.02310498160720185
    },
    "portion": {
        "lsy": 0.05715760924846412,
        "lsy_2": 0.11990237867441474,
        "lsy_3": 0.11601540126565978,
        "master": 0.09192070195610501,
        "prol": 0.10015629344171983,
        "prol2": 0.07860380586339312,
        "putien": 0.10394626051529986,
        "zaiton": 0.1119120343758518,
        "niu": 0.06464832245746903,
        "lee": 0.06137797526751448,
        "yyl": 0.046600814998426804,
        "1070": 0.020442968074646562,
        "banzhang": 0.016871535953006764,
        "prot": 0.010443897908028145
    }
}