{
    "sum": 2.3193032475364204,
    "coin": {
        "lsy": 0.12645737718677977,
        "lsy_2": 0.2699949586345197,
        "lsy_3": 0.2574515787517966,
        "master": 0.20335569599778647,
        "prol": 0.2216031988102114,
        "prol2": 0.17389479528842489,
        "putien": 0.2841750428119001,
        "zaiton": 0.2948128598766103,
        "niu": 0.1430211511516291,
        "lee": 0.13578617888950265,
        "yyl": 0.10309474325592631,
        "1070": 0.04522587309075892,
        "banzhang": 0.037324812183372365,
        "prot": 0.02310498160720185
    },
    "portion": {
        "lsy": 0.05452386501036622,
        "lsy_2": 0.11641209872892223,
        "lsy_3": 0.11100384523898002,
        "master": 0.08767964957311739,
        "prol": 0.09554731536102483,
        "prol2": 0.07497717061067245,
        "putien": 0.12252604014319936,
        "zaiton": 0.12711268360002623,
        "niu": 0.061665567580930676,
        "lee": 0.058546108204580685,
        "yyl": 0.04445073897319561,
        "1070": 0.01949976706961375,
        "banzhang": 0.01609311426740726,
        "prot": 0.009962035637963306
    }
}