{
    "sum": 1.6307484810320254,
    "coin": {
        "1070": 0.017396340287388568,
        "banzhang": 0.03732481218337236,
        "lsy": 0.08973693152231982,
        "lsy_2": 0.17443965182619378,
        "lsy_3": 0.18019101472970567,
        "master": 0.16543764349041734,
        "niu": 0.11394309693517948,
        "prol": 0.1767351522979433,
        "prol2": 0.12367269304490494,
        "prot": 0.02310498160720185,
        "putien": 0.15033746992208533,
        "yyl": 0.09975859609347941,
        "zaiton": 0.16233600952170663,
        "lee": 0.11633408757012675
    },
    "portion": {
        "1070": 0.01066770289209727,
        "banzhang": 0.02288814775393886,
        "lsy": 0.05502806384067852,
        "lsy_2": 0.10696907208878648,
        "lsy_3": 0.11049589610267249,
        "master": 0.1014489023995408,
        "niu": 0.0698716560282001,
        "prol": 0.10837670821321004,
        "prol2": 0.0758379937086547,
        "prot": 0.01416832937509761,
        "putien": 0.09218924418494241,
        "yyl": 0.06117350238483546,
        "zaiton": 0.0995469328409073,
        "lee": 0.07133784818643785
    }
}