{
    "sum": 0.2268915668561717,
    "coin": {
        "1070": 0.006374718520926985,
        "banzhang": 0.020571935389691848,
        "lsy": 0.010946505426890905,
        "lsy_2": 0.019570001445083918,
        "lsy_3": 0.020181375625130022,
        "master": 0.018777427721577557,
        "niu": 0.01875842970968421,
        "prol": 0.01813860445159907,
        "prol2": 0.019004022004080967,
        "prot": 0.02310498160720185,
        "putien": 0.017491753053586863,
        "yyl": 0.014853705159938372,
        "zaiton": 0.019118106740779146
    },
    "portion": {
        "1070": 0.028095881258416132,
        "banzhang": 0.09066857651317008,
        "lsy": 0.048245536749411136,
        "lsy_2": 0.08625266119956539,
        "lsy_3": 0.08894722666322433,
        "master": 0.0827594783788536,
        "niu": 0.08267574669963526,
        "prol": 0.07994393402508992,
        "prol2": 0.08375816813027591,
        "prot": 0.10183270329235408,
        "putien": 0.07709300656676683,
        "yyl": 0.06546609627564628,
        "zaiton": 0.0842609842475911
    }
}