{
    "sum": 1.7302387198228117,
    "coin": {
        "1070": 0.017396340287388568,
        "banzhang": 0.03732481218337236,
        "lsy": 0.09801434050783589,
        "lsy_2": 0.1857040595623972,
        "lsy_3": 0.19318435398373726,
        "master": 0.1673375659231708,
        "niu": 0.1283035263008321,
        "prol": 0.18604079909473176,
        "prol2": 0.13271621278489726,
        "prot": 0.02310498160720185,
        "putien": 0.15989537824871433,
        "yyl": 0.10309474325592632,
        "zaiton": 0.17194632524218018,
        "lee": 0.12617528084042598
    },
    "portion": {
        "1070": 0.010054300651166834,
        "banzhang": 0.021572059251566553,
        "lsy": 0.05664787140925457,
        "lsy_2": 0.10732857693845538,
        "lsy_3": 0.11165184998490882,
        "master": 0.09671357137372774,
        "niu": 0.07415365569553967,
        "prol": 0.10752319721164465,
        "prol2": 0.07670398960814395,
        "prot": 0.013353638051498442,
        "putien": 0.0924123223095416,
        "yyl": 0.05958411522918868,
        "zaiton": 0.09937722654813126,
        "lee": 0.0729236257372319
    }
}