{
    "sum": 0.04452497182966352,
    "coin": {
        "1070": 0.0016527389651121178,
        "banzhang": 0.004423553738467318,
        "lsy": 0.0021529653955743313,
        "lsy_2": 0.003543614953172794,
        "lsy_3": 0.0037099977334705725,
        "master": 0.003375699294129056,
        "niu": 0.003505598651259324,
        "prol": 0.0035101067565092015,
        "prol2": 0.0034814991297593854,
        "prot": 0.005692086006369381,
        "putien": 0.003184341923980843,
        "yyl": 0.002793879787032344,
        "zaiton": 0.0034988894948268607
    },
    "portion": {
        "1070": 0.03711937138185962,
        "banzhang": 0.099349950301827,
        "lsy": 0.04835411022405135,
        "lsy_2": 0.07958713520874053,
        "lsy_3": 0.08332397710803019,
        "master": 0.07581586591549712,
        "niu": 0.07873331542287056,
        "prol": 0.07883456434150264,
        "prol2": 0.07819205687716872,
        "prot": 0.1278403056187267,
        "putien": 0.07151811204200165,
        "yyl": 0.06274860313715008,
        "zaiton": 0.078582632420574
    }
}