{
    "sum": 2.140245524422791,
    "coin": {
        "lsy": 0.12628488061016963,
        "lsy_2": 0.24603659757513455,
        "lsy_3": 0.2543461008916601,
        "master": 0.20335569599778647,
        "prol": 0.21959042017831795,
        "prol2": 0.17383810270322028,
        "putien": 0.21189720108271032,
        "zaiton": 0.2275642411688484,
        "niu": 0.1430211511516291,
        "lee": 0.1350183416140827,
        "yyl": 0.10309474325592631,
        "1070": 0.03576825440273146,
        "banzhang": 0.037324812183372365,
        "prot": 0.02310498160720185
    },
    "portion": {
        "lsy": 0.059004856764846056,
        "lsy_2": 0.1149571835415887,
        "lsy_3": 0.11883968357333928,
        "master": 0.09501512498320959,
        "prol": 0.102600574407247,
        "prol2": 0.08122343942296208,
        "putien": 0.09900602461946859,
        "zaiton": 0.10632623153374932,
        "niu": 0.06682464676112376,
        "lee": 0.06308544513858809,
        "yyl": 0.048169587124229696,
        "1070": 0.016712220160991997,
        "banzhang": 0.01743950016829896,
        "prot": 0.01079548180035704
    }
}