{
    "sum": 0.03402780235453598,
    "coin": {
        "1070": 0.0012636048122745816,
        "banzhang": 0.0033522532367283512,
        "lsy": 0.001640946773419678,
        "lsy_2": 0.0027054798547534844,
        "lsy_3": 0.0028009677489067735,
        "master": 0.002542290521452713,
        "niu": 0.0027289057874985735,
        "prol": 0.002766498172949213,
        "prol2": 0.002730013336627787,
        "prot": 0.004359262146852961,
        "putien": 0.002368263012362042,
        "yyl": 0.0020943835770733717,
        "zaiton": 0.00267493337363645
    },
    "portion": {
        "1070": 0.037134481948292504,
        "banzhang": 0.09851512600788011,
        "lsy": 0.048223707082891774,
        "lsy_2": 0.07950792197994644,
        "lsy_3": 0.08231409480175844,
        "master": 0.07471215728140669,
        "niu": 0.0801963570572698,
        "prol": 0.08130111207667906,
        "prol2": 0.08022890541633437,
        "prot": 0.12810883586996802,
        "putien": 0.06959788315704578,
        "yyl": 0.06154918719851404,
        "zaiton": 0.07861023012201303
    }
}