{
    "sum": 1.722022545208375,
    "coin": {
        "1070": 0.017396340287388568,
        "banzhang": 0.03732481218337236,
        "lsy": 0.09707744186811629,
        "lsy_2": 0.18401446301652408,
        "lsy_3": 0.19134096073841164,
        "master": 0.1673375659231708,
        "niu": 0.1250569744539322,
        "prol": 0.18604079909473176,
        "prol2": 0.13271621278489726,
        "prot": 0.02310498160720185,
        "putien": 0.15964194154942934,
        "yyl": 0.10309474325592632,
        "zaiton": 0.17170002760484687,
        "lee": 0.12617528084042598
    },
    "portion": {
        "1070": 0.010102272084529245,
        "banzhang": 0.021674984620399282,
        "lsy": 0.05637408298645087,
        "lsy_2": 0.10685949700748966,
        "lsy_3": 0.11111408574227362,
        "master": 0.09717501457155543,
        "niu": 0.0726221470223548,
        "prol": 0.10803621567696706,
        "prol2": 0.07706996238474788,
        "prot": 0.01341735139966243,
        "putien": 0.09270606937966176,
        "yyl": 0.05986840505822254,
        "zaiton": 0.09970835055708875,
        "lee": 0.07327156150859687
    }
}