{
    "sum": 2.3143311932655313,
    "coin": {
        "lsy": 0.12645737718677977,
        "lsy_2": 0.2699949586345197,
        "lsy_3": 0.2574515787517966,
        "master": 0.20335569599778647,
        "prol": 0.2216031988102114,
        "prol2": 0.17389479528842489,
        "putien": 0.2815495764117488,
        "zaiton": 0.2924662720058725,
        "niu": 0.1430211511516291,
        "lee": 0.13578617888950265,
        "yyl": 0.10309474325592631,
        "1070": 0.04522587309075892,
        "banzhang": 0.037324812183372365,
        "prot": 0.02310498160720185
    },
    "portion": {
        "lsy": 0.054641002789383775,
        "lsy_2": 0.11666219572210651,
        "lsy_3": 0.11124232326857734,
        "master": 0.08786801845368152,
        "prol": 0.09575258694825278,
        "prol2": 0.07513824978656515,
        "putien": 0.12165483368630622,
        "zaiton": 0.1263718316794587,
        "niu": 0.061798048424445966,
        "lee": 0.058671887275523325,
        "yyl": 0.0445462358870336,
        "1070": 0.019541659906914626,
        "banzhang": 0.016127688332587736,
        "prot": 0.009983437839162779
    }
}