{
    "sum": 2.264104579103096,
    "coin": {
        "lsy": 0.12645737718677977,
        "lsy_2": 0.2699949586345197,
        "lsy_3": 0.2574515787517966,
        "master": 0.20335569599778647,
        "prol": 0.2216031988102114,
        "prol2": 0.17389479528842489,
        "putien": 0.25470187439939607,
        "zaiton": 0.2690873598557897,
        "niu": 0.1430211511516291,
        "lee": 0.13578617888950265,
        "yyl": 0.10309474325592631,
        "1070": 0.04522587309075892,
        "banzhang": 0.037324812183372365,
        "prot": 0.02310498160720185
    },
    "portion": {
        "lsy": 0.05585315199392189,
        "lsy_2": 0.11925021535068656,
        "lsy_3": 0.11371010912127727,
        "master": 0.08981727163784278,
        "prol": 0.09787675041847999,
        "prol2": 0.0768051073671304,
        "putien": 0.11249563149609187,
        "zaiton": 0.1188493510146895,
        "niu": 0.0631689686384918,
        "lee": 0.059973457119764796,
        "yyl": 0.04553444403913813,
        "1070": 0.019975169657876286,
        "banzhang": 0.016485462963092563,
        "prot": 0.010204909181516111
    }
}