{
    "sum": 0.6426384674823357,
    "coin": {
        "1070": 0.017396340287388568,
        "banzhang": 0.03732481218337236,
        "lsy": 0.03620901902444251,
        "lsy_2": 0.060930108725714034,
        "lsy_3": 0.06361558613778963,
        "master": 0.060518018700430075,
        "niu": 0.05468284513125159,
        "prol": 0.06097724430360871,
        "prol2": 0.05983224551967111,
        "prot": 0.02310498160720185,
        "putien": 0.043349301787216896,
        "yyl": 0.04789730511590102,
        "zaiton": 0.05616683116431936,
        "lee": 0.02063382779402803
    },
    "portion": {
        "1070": 0.02707018201935872,
        "banzhang": 0.05808057573895281,
        "lsy": 0.056344306879571905,
        "lsy_2": 0.09481242068253382,
        "lsy_3": 0.09899125146836661,
        "master": 0.09417117362662941,
        "niu": 0.08509114828666037,
        "prol": 0.09488576764241832,
        "prol2": 0.09310405235166806,
        "prot": 0.03595331243976139,
        "putien": 0.06745519289725439,
        "yyl": 0.074532272093123,
        "zaiton": 0.08740035650894681,
        "lee": 0.0321079873647545
    }
}