{
    "sum": 1.1515635866134128,
    "coin": {
        "1070": 0.017396340287388568,
        "banzhang": 0.03732481218337236,
        "lsy": 0.058137883779751875,
        "lsy_2": 0.11995218985556333,
        "lsy_3": 0.12657767189562982,
        "master": 0.11687911878649924,
        "niu": 0.08737161330061899,
        "prol": 0.1182729182845577,
        "prol2": 0.08502751317262705,
        "prot": 0.02310498160720185,
        "putien": 0.09669201738211172,
        "yyl": 0.0878759056258629,
        "zaiton": 0.10566166512874772,
        "lee": 0.07128895532347965
    },
    "portion": {
        "1070": 0.015106712724868947,
        "banzhang": 0.032412289357932375,
        "lsy": 0.05048603868304593,
        "lsy_2": 0.10416462560120185,
        "lsy_3": 0.109918091685998,
        "master": 0.10149601823571407,
        "niu": 0.07587215705349512,
        "prol": 0.10270637215299745,
        "prol2": 0.0738365767735684,
        "prot": 0.020064008514849244,
        "putien": 0.08396585173943316,
        "yyl": 0.07631007670561521,
        "zaiton": 0.09175495505157807,
        "lee": 0.06190622571970209
    }
}