{
    "sum": 2.1901632583804815,
    "coin": {
        "lsy": 0.12644948485969393,
        "lsy_2": 0.2584411607626183,
        "lsy_3": 0.25643388897900105,
        "master": 0.20335569599778647,
        "prol": 0.2215752526686047,
        "prol2": 0.17383810270322028,
        "putien": 0.22335473253250834,
        "zaiton": 0.24158923354066203,
        "niu": 0.1430211511516291,
        "lee": 0.13578617888950265,
        "yyl": 0.10309474325592631,
        "1070": 0.04279383924875394,
        "banzhang": 0.037324812183372365,
        "prot": 0.02310498160720185
    },
    "portion": {
        "lsy": 0.05773518680666624,
        "lsy_2": 0.11800086581386764,
        "lsy_3": 0.1170843716776718,
        "master": 0.09284956051548324,
        "prol": 0.10116837264106456,
        "prol2": 0.07937221211160535,
        "putien": 0.10198085995546662,
        "zaiton": 0.11030649547070999,
        "niu": 0.06530159366173746,
        "lee": 0.061998199618191877,
        "yyl": 0.047071716166108925,
        "1070": 0.019539109281012178,
        "banzhang": 0.017042022799237458,
        "prot": 0.010549433481176583
    }
}