{
    "sum": 0.04366997736874517,
    "coin": {
        "1070": 0.00423915017484152,
        "banzhang": 0.011446830150271235,
        "niu": 0.01088423655819829,
        "prot": 0.004593154266495647,
        "putien": 0.008953549952949082,
        "syl": 0.003553056265989397
    },
    "portion": {
        "1070": 0.09707241519835323,
        "banzhang": 0.26212127507223737,
        "niu": 0.24923842909953497,
        "prot": 0.1051787645253737,
        "putien": 0.20502758399314364,
        "syl": 0.08136153211135708
    }
}