{
    "sum": 2.282751976457801,
    "coin": {
        "lsy": 0.12645737718677977,
        "lsy_2": 0.2699949586345197,
        "lsy_3": 0.2574515787517966,
        "master": 0.20335569599778647,
        "prol": 0.2216031988102114,
        "prol2": 0.17389479528842489,
        "putien": 0.2643442532172312,
        "zaiton": 0.27809237839266016,
        "niu": 0.1430211511516291,
        "lee": 0.13578617888950265,
        "yyl": 0.10309474325592631,
        "1070": 0.04522587309075892,
        "banzhang": 0.037324812183372365,
        "prot": 0.02310498160720185
    },
    "portion": {
        "lsy": 0.05539689746890795,
        "lsy_2": 0.11827608142233531,
        "lsy_3": 0.11278123134134359,
        "master": 0.08908357022357645,
        "prol": 0.09707721254679547,
        "prol2": 0.07617770002252346,
        "putien": 0.11580068966906351,
        "zaiton": 0.12182329979807202,
        "niu": 0.06265295250058586,
        "lee": 0.059483544550558314,
        "yyl": 0.04516248121528332,
        "1070": 0.019811996028117323,
        "banzhang": 0.016350796130418923,
        "prot": 0.010121547082418645
    }
}