{
    "sum": 2.299109619069336,
    "coin": {
        "lsy": 0.12645737718677977,
        "lsy_2": 0.2699949586345197,
        "lsy_3": 0.2574515787517966,
        "master": 0.20335569599778647,
        "prol": 0.2216031988102114,
        "prol2": 0.17389479528842489,
        "putien": 0.27377284807872,
        "zaiton": 0.28502142614270565,
        "niu": 0.1430211511516291,
        "lee": 0.13578617888950265,
        "yyl": 0.10309474325592631,
        "1070": 0.04522587309075892,
        "banzhang": 0.037324812183372365,
        "prot": 0.02310498160720185
    },
    "portion": {
        "lsy": 0.055002761128879474,
        "lsy_2": 0.11743457397382029,
        "lsy_3": 0.11197881850279555,
        "master": 0.08844976086007743,
        "prol": 0.09638653023421949,
        "prol2": 0.07563571299345714,
        "putien": 0.1190777707195803,
        "zaiton": 0.12397035086046937,
        "niu": 0.06220719097748941,
        "lee": 0.05906033264497757,
        "yyl": 0.04484116042177161,
        "1070": 0.01967103817740802,
        "banzhang": 0.016234463930641638,
        "prot": 0.010049534574412591
    }
}