{
    "sum": 2.205023727840132,
    "coin": {
        "lsy": 0.12644948485969393,
        "lsy_2": 0.2630043571151267,
        "lsy_3": 0.25643388897900105,
        "master": 0.20335569599778647,
        "prol": 0.2215752526686047,
        "prol2": 0.17389479528842489,
        "putien": 0.2277393317060369,
        "zaiton": 0.24560323650640864,
        "niu": 0.1430211511516291,
        "lee": 0.13578617888950265,
        "yyl": 0.10309474325592631,
        "1070": 0.04463581763141646,
        "banzhang": 0.037324812183372365,
        "prot": 0.02310498160720185
    },
    "portion": {
        "lsy": 0.057346088054822844,
        "lsy_2": 0.11927506892306557,
        "lsy_3": 0.11629529684480246,
        "master": 0.09222381302761659,
        "prol": 0.10048656160523153,
        "prol2": 0.07886300409962417,
        "putien": 0.10328203222062943,
        "zaiton": 0.11138348916860967,
        "niu": 0.06486150209899165,
        "lee": 0.0615803708482122,
        "yyl": 0.046754482482104544,
        "1070": 0.020242783362307944,
        "banzhang": 0.016927170312100368,
        "prot": 0.010478336951881093
    }
}