{
    "sum": 0.8549099445654882,
    "coin": {
        "1070": 0.017396340287388568,
        "banzhang": 0.03732481218337236,
        "lsy": 0.03854123842896943,
        "lsy_2": 0.08667441264606454,
        "lsy_3": 0.0904142578397095,
        "master": 0.0851729483670009,
        "niu": 0.07277601302941529,
        "prol": 0.08186616770177947,
        "prol2": 0.07954558589406194,
        "prot": 0.02310498160720185,
        "putien": 0.06555341136952235,
        "yyl": 0.06363806408744069,
        "zaiton": 0.07619134850735935,
        "lee": 0.03671036261620204
    },
    "portion": {
        "1070": 0.02034874011932372,
        "banzhang": 0.043659349643362565,
        "lsy": 0.04508222026655472,
        "lsy_2": 0.10138426064293497,
        "lsy_3": 0.10575880935115681,
        "master": 0.0996279770851074,
        "niu": 0.08512711016176566,
        "prol": 0.09575998995237833,
        "prol2": 0.09304557327905612,
        "prot": 0.02702621691802294,
        "putien": 0.0766787329896369,
        "yyl": 0.07443832475218781,
        "zaiton": 0.08912207536208266,
        "lee": 0.042940619476429465
    }
}