{
    "sum": 1.7478780104229417,
    "coin": {
        "1070": 0.017396340287388568,
        "banzhang": 0.03732481218337236,
        "lsy": 0.10051623156529903,
        "lsy_2": 0.18964003272020447,
        "lsy_3": 0.19740164157286802,
        "master": 0.1673375659231708,
        "niu": 0.1283035263008321,
        "prol": 0.18604079909473176,
        "prol2": 0.13271621278489726,
        "prot": 0.02310498160720185,
        "putien": 0.16349957801918538,
        "yyl": 0.10309474325592632,
        "zaiton": 0.17532626426743766,
        "lee": 0.12617528084042598
    },
    "portion": {
        "1070": 0.009952834341785156,
        "banzhang": 0.021354357661574282,
        "lsy": 0.0575075783126173,
        "lsy_2": 0.10849729305440282,
        "lsy_3": 0.11293788261865133,
        "master": 0.09573755429458113,
        "niu": 0.07340530948712258,
        "prol": 0.10643809120850181,
        "prol2": 0.07592990585926722,
        "prot": 0.01321887538456476,
        "putien": 0.09354175580000727,
        "yyl": 0.058982802370160854,
        "zaiton": 0.10030806682270303,
        "lee": 0.07218769278406037
    }
}