{
    "sum": 2.2503185034457265,
    "coin": {
        "lsy": 0.12644948485969393,
        "lsy_2": 0.2699949586345197,
        "lsy_3": 0.2574515787517966,
        "master": 0.20335569599778647,
        "prol": 0.2215752526686047,
        "prol2": 0.17389479528842489,
        "putien": 0.24718080748742785,
        "zaiton": 0.26285818957908114,
        "niu": 0.1430211511516291,
        "lee": 0.13578617888950265,
        "yyl": 0.10309474325592631,
        "1070": 0.04522587309075892,
        "banzhang": 0.037324812183372365,
        "prot": 0.02310498160720185
    },
    "portion": {
        "lsy": 0.056191816698868316,
        "lsy_2": 0.11998077526407874,
        "lsy_3": 0.11440672880642554,
        "master": 0.0903675171698605,
        "prol": 0.09846395180474446,
        "prol2": 0.07727563676970801,
        "putien": 0.10984258766434189,
        "zaiton": 0.11680932684710549,
        "niu": 0.06355595927093549,
        "lee": 0.06034087116183087,
        "yyl": 0.04581340067997746,
        "1070": 0.020097543090681735,
        "banzhang": 0.01658645748422722,
        "prot": 0.01026742728721428
    }
}