{
    "sum": 0.8700760020960682,
    "coin": {
        "1070": 0.017396340287388568,
        "banzhang": 0.03732481218337236,
        "lsy": 0.03961381891004441,
        "lsy_2": 0.0883680619217646,
        "lsy_3": 0.0920982565718038,
        "master": 0.08680571954779964,
        "niu": 0.0742967400931532,
        "prol": 0.08346221087935807,
        "prol2": 0.081120803650314,
        "prot": 0.02310498160720185,
        "putien": 0.06708377842901414,
        "yyl": 0.06500035442348935,
        "zaiton": 0.07619134850735935,
        "lee": 0.038208775084004755
    },
    "portion": {
        "1070": 0.01999404677922352,
        "banzhang": 0.04289833542524391,
        "lsy": 0.04552914781537729,
        "lsy_2": 0.10156361249923036,
        "lsy_3": 0.10585081803191132,
        "master": 0.09976797353182845,
        "niu": 0.08539109217374993,
        "prol": 0.0959251958200115,
        "prol2": 0.09323415822857871,
        "prot": 0.02655513030073291,
        "putien": 0.07710105584731113,
        "yyl": 0.07470652479427013,
        "zaiton": 0.08756861276924036,
        "lee": 0.04391429598329042
    }
}