{
    "sum": 0.7213330577265155,
    "coin": {
        "1070": 0.017396340287388568,
        "banzhang": 0.03732481218337236,
        "lsy": 0.03666900050183738,
        "lsy_2": 0.07005530007341006,
        "lsy_3": 0.07315280206916364,
        "master": 0.06991558170190744,
        "niu": 0.06012311339225534,
        "prol": 0.06853462948905094,
        "prol2": 0.06710653992708561,
        "prot": 0.02310498160720185,
        "putien": 0.05114549111540935,
        "yyl": 0.05535445800683851,
        "zaiton": 0.06528940795771423,
        "lee": 0.02616059941388022
    },
    "portion": {
        "1070": 0.02411693197899184,
        "banzhang": 0.051744214109654185,
        "lsy": 0.05083504784517997,
        "lsy_2": 0.09711921465821778,
        "lsy_3": 0.10141335030412348,
        "master": 0.09692551998416114,
        "niu": 0.08335000420159626,
        "prol": 0.09501107533468263,
        "prol2": 0.09303128313374517,
        "prot": 0.032030947923035326,
        "putien": 0.07090412752828601,
        "yyl": 0.07673911158501968,
        "zaiton": 0.09051215282367928,
        "lee": 0.036267018589627276
    }
}