{
    "sum": 1.306695095851058,
    "coin": {
        "1070": 0.017396340287388568,
        "banzhang": 0.03732481218337236,
        "lsy": 0.06947606985801573,
        "lsy_2": 0.140888608307767,
        "lsy_3": 0.1457637718028169,
        "master": 0.13500477275353193,
        "niu": 0.09541984264369163,
        "prol": 0.14158618788126576,
        "prol2": 0.0882090647704708,
        "prot": 0.02310498160720185,
        "putien": 0.11691346829479903,
        "yyl": 0.0878759056258629,
        "zaiton": 0.1276347268002851,
        "lee": 0.08009654303458826
    },
    "portion": {
        "1070": 0.013313236073682693,
        "banzhang": 0.028564285809202106,
        "lsy": 0.053169304819932435,
        "lsy_2": 0.10782056866602492,
        "lsy_3": 0.11155147996318157,
        "master": 0.10331773126124924,
        "niu": 0.07302380099738888,
        "prol": 0.1083544189695224,
        "prol2": 0.0675054686059105,
        "prot": 0.01768199917529609,
        "putien": 0.08947264642380297,
        "yyl": 0.0672505054200336,
        "zaiton": 0.09767751268489752,
        "lee": 0.061297041129875
    }
}