{
    "sum": 1.7322108590382717,
    "coin": {
        "1070": 0.017396340287388568,
        "banzhang": 0.03732481218337236,
        "lsy": 0.09829382879346349,
        "lsy_2": 0.18612678559440893,
        "lsy_3": 0.193657737267519,
        "master": 0.1673375659231708,
        "niu": 0.1283035263008321,
        "prol": 0.18604079909473176,
        "prol2": 0.13271621278489726,
        "prot": 0.02310498160720185,
        "putien": 0.16029976286198178,
        "yyl": 0.10309474325592632,
        "zaiton": 0.1723384822429514,
        "lee": 0.12617528084042598
    },
    "portion": {
        "1070": 0.010042853730317257,
        "banzhang": 0.021547499248500957,
        "lsy": 0.056744724974208106,
        "lsy_2": 0.107450420728656,
        "lsy_3": 0.11179801596154311,
        "master": 0.09660346201505578,
        "niu": 0.07406923102425682,
        "prol": 0.10740078098691873,
        "prol2": 0.07661666135644807,
        "prot": 0.013338434802348371,
        "putien": 0.09254055995872272,
        "yyl": 0.059516278123995146,
        "zaiton": 0.09949047562179249,
        "lee": 0.07284060146723641
    }
}