{
    "sum": 1.654716201278366,
    "coin": {
        "1070": 0.017396340287388568,
        "banzhang": 0.03732481218337236,
        "lsy": 0.0914995499625225,
        "lsy_2": 0.17754670970754308,
        "lsy_3": 0.18356309725846798,
        "master": 0.16543764349041734,
        "niu": 0.11704756529742417,
        "prol": 0.1789080694402797,
        "prol2": 0.12546986447945302,
        "prot": 0.02310498160720185,
        "putien": 0.15312641070014252,
        "yyl": 0.09975859609347941,
        "zaiton": 0.16508699468037266,
        "lee": 0.11944556609030117
    },
    "portion": {
        "1070": 0.010513186656387884,
        "banzhang": 0.022556624607009187,
        "lsy": 0.05529621931049789,
        "lsy_2": 0.10729737798564959,
        "lsy_3": 0.11093328095576428,
        "master": 0.0999794667886898,
        "niu": 0.07073573414401697,
        "prol": 0.10812009292110795,
        "prol2": 0.07582560948065906,
        "prot": 0.01396310835015206,
        "putien": 0.09253937961194997,
        "yyl": 0.06028743540216141,
        "zaiton": 0.09976755805789125,
        "lee": 0.07218492572806286
    }
}