{
    "sum": 2.013518401039005,
    "coin": {
        "lsy": 0.12133785056714713,
        "lsy_2": 0.22689329484788498,
        "lsy_3": 0.23605891855109434,
        "master": 0.19059337056434839,
        "prol": 0.2096277654791342,
        "prol2": 0.16505587300887598,
        "putien": 0.19459511132961388,
        "zaiton": 0.20993682444613346,
        "niu": 0.14277010601970758,
        "lee": 0.126175280840426,
        "yyl": 0.10309474325592631,
        "1070": 0.02694946833813891,
        "banzhang": 0.037324812183372365,
        "prot": 0.02310498160720185
    },
    "portion": {
        "lsy": 0.06026160501167261,
        "lsy_2": 0.11268498700126342,
        "lsy_3": 0.117237030676891,
        "master": 0.09465688044668448,
        "prol": 0.10411018114905887,
        "prol2": 0.08197385875575049,
        "putien": 0.09664431734480299,
        "zaiton": 0.1042636731493504,
        "niu": 0.07090578658036406,
        "lee": 0.06266408132913893,
        "yyl": 0.051201291829629125,
        "1070": 0.013384267223101903,
        "banzhang": 0.018537110047820875,
        "prot": 0.011474929454471011
    }
}