{
    "sum": 2.314962595088004,
    "coin": {
        "lsy": 0.12645737718677977,
        "lsy_2": 0.2699949586345197,
        "lsy_3": 0.2574515787517966,
        "master": 0.20335569599778647,
        "prol": 0.2216031988102114,
        "prol2": 0.17389479528842489,
        "putien": 0.28188043905298055,
        "zaiton": 0.29276681118711356,
        "niu": 0.1430211511516291,
        "lee": 0.13578617888950265,
        "yyl": 0.10309474325592631,
        "1070": 0.04522587309075892,
        "banzhang": 0.037324812183372365,
        "prot": 0.02310498160720185
    },
    "portion": {
        "lsy": 0.05462609955560532,
        "lsy_2": 0.11663037632115855,
        "lsy_3": 0.11121198212794858,
        "master": 0.08784405261202755,
        "prol": 0.09572647060493307,
        "prol2": 0.0751177559660804,
        "putien": 0.12176457608908568,
        "zaiton": 0.12646718863117695,
        "niu": 0.0617811931195338,
        "lee": 0.05865588462535857,
        "yyl": 0.044534085982502504,
        "1070": 0.019536329954843026,
        "banzhang": 0.01612328953503175,
        "prot": 0.009980714874714209
    }
}