{
    "sum": 2.3257608345532472,
    "coin": {
        "lsy": 0.12645737718677977,
        "lsy_2": 0.2699949586345197,
        "lsy_3": 0.2574515787517966,
        "master": 0.20335569599778647,
        "prol": 0.2216031988102114,
        "prol2": 0.17389479528842489,
        "putien": 0.287382182839539,
        "zaiton": 0.29806330686579824,
        "niu": 0.1430211511516291,
        "lee": 0.13578617888950265,
        "yyl": 0.10309474325592631,
        "1070": 0.04522587309075892,
        "banzhang": 0.037324812183372365,
        "prot": 0.02310498160720185
    },
    "portion": {
        "lsy": 0.054372476872098854,
        "lsy_2": 0.11608887492783958,
        "lsy_3": 0.11069563771429239,
        "master": 0.08743620280150123,
        "prol": 0.09528202363626907,
        "prol2": 0.07476899288392572,
        "putien": 0.12356480450181022,
        "zaiton": 0.12815733347881098,
        "niu": 0.06149435016137499,
        "lee": 0.05838355211428507,
        "yyl": 0.0443273193547133,
        "1070": 0.01944562502680819,
        "banzhang": 0.016048430960246197,
        "prot": 0.009934375566024209
    }
}