{
    "sum": 1.4362488103524682,
    "coin": {
        "1070": 0.017396340287388568,
        "banzhang": 0.03732481218337236,
        "lsy": 0.07658491643086332,
        "lsy_2": 0.1544750341952973,
        "lsy_3": 0.16032576941140772,
        "master": 0.14752613326138025,
        "niu": 0.10128925819096928,
        "prol": 0.15579106948208715,
        "prol2": 0.1032976771471395,
        "prot": 0.02310498160720185,
        "putien": 0.1297657419455877,
        "yyl": 0.09269349984376611,
        "zaiton": 0.14169255848646542,
        "lee": 0.09498101787954182
    },
    "portion": {
        "1070": 0.0121123444364207,
        "banzhang": 0.025987706248621727,
        "lsy": 0.053322875450855,
        "lsy_2": 0.1075545080224559,
        "lsy_3": 0.11162813034606613,
        "master": 0.10271627882161728,
        "niu": 0.07052347578001614,
        "prol": 0.10847080837188275,
        "prol2": 0.07192185393127624,
        "prot": 0.01608703272069669,
        "putien": 0.0903504608743537,
        "yyl": 0.06453860861407315,
        "zaiton": 0.09865460459576834,
        "lee": 0.06613131178589636
    }
}