{
    "sum": 2.237773020668596,
    "coin": {
        "lsy": 0.12644948485969393,
        "lsy_2": 0.2699949586345197,
        "lsy_3": 0.25715658243741574,
        "master": 0.20335569599778647,
        "prol": 0.2215752526686047,
        "prol2": 0.17389479528842489,
        "putien": 0.24072600023358567,
        "zaiton": 0.25706251037017347,
        "niu": 0.1430211511516291,
        "lee": 0.13578617888950265,
        "yyl": 0.10309474325592631,
        "1070": 0.04522587309075892,
        "banzhang": 0.037324812183372365,
        "prot": 0.02310498160720185
    },
    "portion": {
        "lsy": 0.05650684126217309,
        "lsy_2": 0.120653415757891,
        "lsy_3": 0.11491629403976958,
        "master": 0.09087413876186083,
        "prol": 0.09901596391684221,
        "prol2": 0.07770886219571503,
        "putien": 0.10757391299751312,
        "zaiton": 0.11487425578728669,
        "niu": 0.06391226895250424,
        "lee": 0.06067915630197955,
        "yyl": 0.046070241397907254,
        "1070": 0.02021021465226462,
        "banzhang": 0.016679445072682375,
        "prot": 0.010324988903610343
    }
}