{
    "sum": 1.576285407880708,
    "coin": {
        "1070": 0.017396340287388568,
        "banzhang": 0.03732481218337236,
        "lsy": 0.08605932767881153,
        "lsy_2": 0.16980105416038213,
        "lsy_3": 0.1765497956586244,
        "master": 0.16280036025000333,
        "niu": 0.10797434725402817,
        "prol": 0.1704194461075908,
        "prol2": 0.11721581375155483,
        "prot": 0.02310498160720185,
        "putien": 0.1445364227946203,
        "yyl": 0.09698512331244893,
        "zaiton": 0.1564510739826262,
        "lee": 0.10966650885205485
    },
    "portion": {
        "1070": 0.011036288352613556,
        "banzhang": 0.02367896828630483,
        "lsy": 0.05459628519591322,
        "lsy_2": 0.10772227752122446,
        "lsy_3": 0.11200369855354617,
        "master": 0.10328101715341384,
        "niu": 0.06849923669546498,
        "prol": 0.10811458715253679,
        "prol2": 0.07436204964248812,
        "prot": 0.014657866837875604,
        "putien": 0.09169432266009958,
        "yyl": 0.061527641395122706,
        "zaiton": 0.09925301166936025,
        "lee": 0.06957274888403606
    }
}