{
    "sum": 2.2391961182372926,
    "coin": {
        "lsy": 0.12644948485969393,
        "lsy_2": 0.2699949586345197,
        "lsy_3": 0.25715658243741574,
        "master": 0.20335569599778647,
        "prol": 0.2215752526686047,
        "prol2": 0.17389479528842489,
        "putien": 0.24146980303325635,
        "zaiton": 0.25774180513919975,
        "niu": 0.1430211511516291,
        "lee": 0.13578617888950265,
        "yyl": 0.10309474325592631,
        "1070": 0.04522587309075892,
        "banzhang": 0.037324812183372365,
        "prot": 0.02310498160720185
    },
    "portion": {
        "lsy": 0.05647092893285098,
        "lsy_2": 0.1205767357470507,
        "lsy_3": 0.11484326019636494,
        "master": 0.09081638465766419,
        "prol": 0.09895303536120362,
        "prol2": 0.07765947514472998,
        "putien": 0.10783771955774142,
        "zaiton": 0.11510461412468663,
        "niu": 0.06387165018141248,
        "lee": 0.060640592301666844,
        "yyl": 0.046040961939985435,
        "1070": 0.020197370262664164,
        "banzhang": 0.01666884462659513,
        "prot": 0.01031842696538355
    }
}