{
    "sum": 2.3552958175199787,
    "coin": {
        "lsy": 0.12645737718677977,
        "lsy_2": 0.2699949586345197,
        "lsy_3": 0.2574515787517966,
        "master": 0.20335569599778647,
        "prol": 0.2216853962665857,
        "prol2": 0.17389479528842489,
        "putien": 0.30314343870615723,
        "zaiton": 0.31175483650953734,
        "niu": 0.1430211511516291,
        "lee": 0.13578617888950265,
        "yyl": 0.10309474325592631,
        "1070": 0.04522587309075892,
        "banzhang": 0.037324812183372365,
        "prot": 0.02310498160720185
    },
    "portion": {
        "lsy": 0.0536906558599224,
        "lsy_2": 0.11463314146195544,
        "lsy_3": 0.10930753446625724,
        "master": 0.08633976865458494,
        "prol": 0.09412210331185088,
        "prol2": 0.07383140325512416,
        "putien": 0.12870716130483928,
        "zaiton": 0.13236334654463966,
        "niu": 0.06072322214804593,
        "lee": 0.057651432945046974,
        "yyl": 0.04377146279845241,
        "1070": 0.01920178041091235,
        "banzhang": 0.015847186542654216,
        "prot": 0.009809800295714178
    }
}