{
    "sum": 2.0600004624592017,
    "coin": {
        "lsy": 0.12531601251629684,
        "lsy_2": 0.23282486871203145,
        "lsy_3": 0.2425609085725967,
        "master": 0.19540474991436813,
        "prol": 0.21407471526831215,
        "prol2": 0.17140255376010796,
        "putien": 0.20041750222941948,
        "zaiton": 0.21537522876447984,
        "niu": 0.1430211511516291,
        "lee": 0.126175280840426,
        "yyl": 0.10309474325592631,
        "1070": 0.029902953683033584,
        "banzhang": 0.037324812183372365,
        "prot": 0.02310498160720185
    },
    "portion": {
        "lsy": 0.06083300212792002,
        "lsy_2": 0.11302175555537894,
        "lsy_3": 0.11774798743638662,
        "master": 0.09485665342089122,
        "prol": 0.10391974136391821,
        "prol2": 0.08320510450540862,
        "putien": 0.09729002778483054,
        "zaiton": 0.1045510584533402,
        "niu": 0.06942772769132893,
        "lee": 0.061250122579972435,
        "yyl": 0.050045980636748574,
        "1070": 0.014515993674746961,
        "banzhang": 0.018118836798130856,
        "prot": 0.011216007970997942
    }
}