{
    "sum": 1.7773988448261773,
    "coin": {
        "1070": 0.017396340287388568,
        "banzhang": 0.03732481218337236,
        "lsy": 0.10395098646146415,
        "lsy_2": 0.19634118238182768,
        "lsy_3": 0.20464650496730555,
        "master": 0.1673375659231708,
        "niu": 0.1283035263008321,
        "prol": 0.18604079909473176,
        "prol2": 0.13458929490419075,
        "prot": 0.02310498160720185,
        "putien": 0.1680245427108204,
        "yyl": 0.10309474325592632,
        "zaiton": 0.18106828390751908,
        "lee": 0.12617528084042598
    },
    "portion": {
        "1070": 0.009787527621066876,
        "banzhang": 0.020999682931054555,
        "lsy": 0.058484895927582395,
        "lsy_2": 0.11046546077902346,
        "lsy_3": 0.11513820072687128,
        "master": 0.0941474483401815,
        "niu": 0.07218612000019596,
        "prol": 0.1046702599342163,
        "prol2": 0.07572261864351164,
        "prot": 0.012999322956948039,
        "putien": 0.09453395516708156,
        "yyl": 0.05800315644179942,
        "zaiton": 0.10187262382587339,
        "lee": 0.07098872670459366
    }
}