{
    "sum": 2.316214119353423,
    "coin": {
        "lsy": 0.12645737718677977,
        "lsy_2": 0.2699949586345197,
        "lsy_3": 0.2574515787517966,
        "master": 0.20335569599778647,
        "prol": 0.2216031988102114,
        "prol2": 0.17389479528842489,
        "putien": 0.28254541428995383,
        "zaiton": 0.29335336021555936,
        "niu": 0.1430211511516291,
        "lee": 0.13578617888950265,
        "yyl": 0.10309474325592631,
        "1070": 0.04522587309075892,
        "banzhang": 0.037324812183372365,
        "prot": 0.02310498160720185
    },
    "portion": {
        "lsy": 0.05459658333404886,
        "lsy_2": 0.11656735721388724,
        "lsy_3": 0.11115189075164814,
        "master": 0.08779658767236671,
        "prol": 0.09567474654375757,
        "prol2": 0.07507716744985911,
        "putien": 0.12198587856325954,
        "zaiton": 0.1266520904800674,
        "niu": 0.06174781077301861,
        "lee": 0.05862419098257103,
        "yyl": 0.044510022797333376,
        "1070": 0.019525773853491506,
        "banzhang": 0.01611457760813222,
        "prot": 0.00997532197655874
    }
}