{
    "sum": 0.13668315399498132,
    "coin": {
        "1070": 0.010236647887032614,
        "banzhang": 0.029857476321752452,
        "lsy": 0.006050527024739695,
        "lsy_2": 0.008656065856264938,
        "master": 0.00671761761658544,
        "niu": 0.022396356227527975,
        "prol": 0.008433175502766146,
        "prot": 0.017258629133194123,
        "putien": 0.021788614000098624,
        "syl": 0.005288044425019316
    },
    "portion": {
        "1070": 0.07489326656457225,
        "banzhang": 0.21844298619893382,
        "lsy": 0.04426680865852609,
        "lsy_2": 0.06332942724297076,
        "master": 0.04914737054452296,
        "niu": 0.1638560098514431,
        "prol": 0.06169871894436817,
        "prot": 0.12626741942044897,
        "putien": 0.15940965190852013,
        "syl": 0.038688340665693745
    }
}