{
    "sum": 0.7707939289309806,
    "coin": {
        "1070": 0.017396340287388568,
        "banzhang": 0.03732481218337236,
        "lsy": 0.03666900050183738,
        "lsy_2": 0.07643469511394543,
        "lsy_3": 0.07981767264977484,
        "master": 0.07657989205402424,
        "niu": 0.06627551283105042,
        "prol": 0.07172241900521906,
        "prol2": 0.07013636214404644,
        "prot": 0.02310498160720185,
        "putien": 0.05648761186386197,
        "yyl": 0.05840445194382264,
        "zaiton": 0.07123860696848569,
        "lee": 0.029201569776949807
    },
    "portion": {
        "1070": 0.02256937896684743,
        "banzhang": 0.048423853357457546,
        "lsy": 0.04757302714188975,
        "lsy_2": 0.09916359255703172,
        "lsy_3": 0.10355254453090272,
        "master": 0.09935196578446513,
        "niu": 0.08598343907945458,
        "prol": 0.09305005697786355,
        "prol2": 0.09099236451086094,
        "prot": 0.02997556252064194,
        "putien": 0.07328497247273992,
        "yyl": 0.07577181105308416,
        "zaiton": 0.09242237684368765,
        "lee": 0.03788505420307301
    }
}