{
    "sum": 2.2917751179063006,
    "coin": {
        "lsy": 0.12645737718677977,
        "lsy_2": 0.2699949586345197,
        "lsy_3": 0.2574515787517966,
        "master": 0.20335569599778647,
        "prol": 0.2216031988102114,
        "prol2": 0.17389479528842489,
        "putien": 0.2695659963411083,
        "zaiton": 0.28189377671728233,
        "niu": 0.1430211511516291,
        "lee": 0.13578617888950265,
        "yyl": 0.10309474325592631,
        "1070": 0.04522587309075892,
        "banzhang": 0.037324812183372365,
        "prot": 0.02310498160720185
    },
    "portion": {
        "lsy": 0.055178789663406225,
        "lsy_2": 0.11781040666903622,
        "lsy_3": 0.11233719082655758,
        "master": 0.0887328317725896,
        "prol": 0.09669500165123604,
        "prol2": 0.07587777436352051,
        "putien": 0.11762323198070847,
        "zaiton": 0.12300237249054886,
        "niu": 0.06240627626775575,
        "lee": 0.05924934686155113,
        "yyl": 0.04498466819471829,
        "1070": 0.019733992544641976,
        "banzhang": 0.01628642002949715,
        "prot": 0.010081696684232219
    }
}