{
    "sum": 2.364364627432953,
    "coin": {
        "lsy": 0.12645737718677977,
        "lsy_2": 0.2699949586345197,
        "lsy_3": 0.2574515787517966,
        "master": 0.20335569599778647,
        "prol": 0.2216853962665857,
        "prol2": 0.17389479528842489,
        "putien": 0.30797758460145225,
        "zaiton": 0.3159895005272162,
        "niu": 0.1430211511516291,
        "lee": 0.13578617888950265,
        "yyl": 0.10309474325592631,
        "1070": 0.04522587309075892,
        "banzhang": 0.037324812183372365,
        "prot": 0.02310498160720185
    },
    "portion": {
        "lsy": 0.053484718777948206,
        "lsy_2": 0.11419345201744949,
        "lsy_3": 0.10888827203920654,
        "master": 0.08600860190442564,
        "prol": 0.0937610864646012,
        "prol2": 0.07354821387140553,
        "putien": 0.1302580748451777,
        "zaiton": 0.13364668751210915,
        "niu": 0.06049031079732849,
        "lee": 0.05743030381778674,
        "yyl": 0.043603571995516927,
        "1070": 0.01912812963196025,
        "banzhang": 0.01578640271906656,
        "prot": 0.009772173606017563
    }
}