{
    "sum": 1.8062617511946129,
    "coin": {
        "1070": 0.017396340287388568,
        "banzhang": 0.03732481218337236,
        "lsy": 0.10741066200247093,
        "lsy_2": 0.19980763564852191,
        "lsy_3": 0.2105647637136229,
        "master": 0.1673375659231708,
        "niu": 0.1305748694979744,
        "prol": 0.1872845082916458,
        "prol2": 0.13753435669238176,
        "prot": 0.02310498160720185,
        "putien": 0.17265165725749373,
        "yyl": 0.10309474325592632,
        "zaiton": 0.1859995739930159,
        "lee": 0.12617528084042598
    },
    "portion": {
        "1070": 0.009631129195911444,
        "banzhang": 0.02066412144235836,
        "lsy": 0.05946572357601683,
        "lsy_2": 0.11061942463010942,
        "lsy_3": 0.11657488931178499,
        "master": 0.09264303239134541,
        "niu": 0.072290114880424,
        "prol": 0.10368625043838794,
        "prol2": 0.0761430931045405,
        "prot": 0.012791602098599962,
        "putien": 0.09558507073701061,
        "yyl": 0.057076303136985675,
        "zaiton": 0.10297487275584548,
        "lee": 0.06985437230067959
    }
}