{
    "sum": 2.271906514275291,
    "coin": {
        "lsy": 0.12645737718677977,
        "lsy_2": 0.2699949586345197,
        "lsy_3": 0.2574515787517966,
        "master": 0.20335569599778647,
        "prol": 0.2216031988102114,
        "prol2": 0.17389479528842489,
        "putien": 0.258720761663845,
        "zaiton": 0.2728704077635357,
        "niu": 0.1430211511516291,
        "lee": 0.13578617888950265,
        "yyl": 0.10309474325592631,
        "1070": 0.04522587309075892,
        "banzhang": 0.037324812183372365,
        "prot": 0.02310498160720185
    },
    "portion": {
        "lsy": 0.05566134715147734,
        "lsy_2": 0.11884069918283793,
        "lsy_3": 0.11331961818592715,
        "master": 0.08950883089599941,
        "prol": 0.09754063268791674,
        "prol2": 0.07654135158985409,
        "putien": 0.11387826041177299,
        "zaiton": 0.12010635387018902,
        "niu": 0.06295204061125334,
        "lee": 0.059767502771924885,
        "yyl": 0.04537807458543787,
        "1070": 0.019906573094705615,
        "banzhang": 0.01642885037251566,
        "prot": 0.010169864588187973
    }
}