{
    "sum": 1.816103732125224,
    "coin": {
        "1070": 0.017396340287388568,
        "banzhang": 0.03732481218337236,
        "lsy": 0.10830744801293996,
        "lsy_2": 0.20120524821299848,
        "lsy_3": 0.21206747653451644,
        "master": 0.1673375659231708,
        "niu": 0.13178768990107967,
        "prol": 0.18856198931780138,
        "prol2": 0.13884968685525134,
        "prot": 0.02310498160720185,
        "putien": 0.1737542275234742,
        "yyl": 0.10309474325592632,
        "zaiton": 0.1871362416696768,
        "lee": 0.12617528084042598
    },
    "portion": {
        "1070": 0.009578935376687534,
        "banzhang": 0.020552136710657195,
        "lsy": 0.059637258652729834,
        "lsy_2": 0.11078951309545845,
        "lsy_3": 0.11677057471070378,
        "master": 0.0921409735375361,
        "niu": 0.07256616875450188,
        "prol": 0.10382776379031176,
        "prol2": 0.07645471147882503,
        "prot": 0.012722280780825308,
        "putien": 0.09567417568166392,
        "yyl": 0.056766990471014425,
        "zaiton": 0.10304270530334078,
        "lee": 0.06947581165574408
    }
}