{
    "sum": 2.363843399442218,
    "coin": {
        "lsy": 0.12645737718677977,
        "lsy_2": 0.2699949586345197,
        "lsy_3": 0.2574515787517966,
        "master": 0.20335569599778647,
        "prol": 0.2216853962665857,
        "prol2": 0.17389479528842489,
        "putien": 0.30769636391807914,
        "zaiton": 0.3157494932198547,
        "niu": 0.1430211511516291,
        "lee": 0.13578617888950265,
        "yyl": 0.10309474325592631,
        "1070": 0.04522587309075892,
        "banzhang": 0.037324812183372365,
        "prot": 0.02310498160720185
    },
    "portion": {
        "lsy": 0.05349651217023055,
        "lsy_2": 0.11421863169879562,
        "lsy_3": 0.10891228192719783,
        "master": 0.08602756682010791,
        "prol": 0.0937817608048382,
        "prol2": 0.07356443126877939,
        "putien": 0.13016782921858716,
        "zaiton": 0.13357462397651224,
        "niu": 0.06050364892419564,
        "lee": 0.05744296721244026,
        "yyl": 0.04361318659275524,
        "1070": 0.019132347388761285,
        "banzhang": 0.01578988362434655,
        "prot": 0.009774328372452167
    }
}