{
    "sum": 1.2804749325123848,
    "coin": {
        "1070": 0.017396340287388568,
        "banzhang": 0.03732481218337236,
        "lsy": 0.0685602784467851,
        "lsy_2": 0.1385313389215229,
        "lsy_3": 0.14316855442403612,
        "master": 0.1328428862592066,
        "niu": 0.09272325062305882,
        "prol": 0.13837046125033134,
        "prol2": 0.08502751317262705,
        "prot": 0.02310498160720185,
        "putien": 0.1140419761479953,
        "yyl": 0.0878759056258629,
        "zaiton": 0.12454525141228193,
        "lee": 0.0769613821507139
    },
    "portion": {
        "1070": 0.01358584994183032,
        "banzhang": 0.029149193971441806,
        "lsy": 0.053542850942239734,
        "lsy_2": 0.10818746654392862,
        "lsy_3": 0.1118089474372833,
        "master": 0.10374501123466683,
        "niu": 0.07241317129194327,
        "prol": 0.10806182748055712,
        "prol2": 0.066403106389437,
        "prot": 0.01804407178972899,
        "putien": 0.08906224811776414,
        "yyl": 0.06862758761973105,
        "zaiton": 0.09726488840192686,
        "lee": 0.06010377883752092
    }
}