{
    "sum": 0.25664467958588555,
    "coin": {
        "1070": 0.016799057696576906,
        "banzhang": 0.04585334918735068,
        "lsy": 0.013670434169934433,
        "lsy_2": 0.022143560844850065,
        "master": 0.020763674453076624,
        "niu": 0.03143383361014881,
        "prol": 0.022519176334660256,
        "prot": 0.026085046593023173,
        "putien": 0.0340740130030961,
        "lsy_3": 0.00457581324618272,
        "prol2": 0.006005772172172336,
        "zaiton": 0.007432903849794208,
        "syl": 0.005288044425019316
    },
    "portion": {
        "1070": 0.06545648140332923,
        "banzhang": 0.17866471754387553,
        "lsy": 0.05326599480648752,
        "lsy_2": 0.0862810048530142,
        "master": 0.08090436352150487,
        "niu": 0.12247997371646097,
        "prol": 0.08774456720083404,
        "prot": 0.10163875843876152,
        "putien": 0.13276726818602647,
        "lsy_3": 0.017829371150674622,
        "prol2": 0.02340111699125451,
        "zaiton": 0.028961846634762613,
        "syl": 0.020604535553014197
    }
}