{
    "sum": 1.1424475176524258,
    "coin": {
        "1070": 0.017396340287388568,
        "banzhang": 0.03732481218337236,
        "lsy": 0.057518339356025086,
        "lsy_2": 0.11867148218357432,
        "lsy_3": 0.12527290569569918,
        "master": 0.11580467265576845,
        "niu": 0.08737161330061899,
        "prol": 0.11703223141202891,
        "prol2": 0.08502751317262705,
        "prot": 0.02310498160720185,
        "putien": 0.09550894794154496,
        "yyl": 0.0878759056258629,
        "zaiton": 0.10447490929199146,
        "lee": 0.0700628629387217
    },
    "portion": {
        "1070": 0.015227255535672815,
        "banzhang": 0.03267092063893645,
        "lsy": 0.05034659226554008,
        "lsy_2": 0.10387477792190232,
        "lsy_3": 0.1096530945711344,
        "master": 0.10136542017591434,
        "niu": 0.07647757288681038,
        "prol": 0.10243991921179384,
        "prol2": 0.0744257498561921,
        "prot": 0.0202241076725165,
        "putien": 0.08360029363782316,
        "yyl": 0.07691898688391036,
        "zaiton": 0.09144832272617055,
        "lee": 0.06132698601568267
    }
}