{
    "sum": 2.363313265977059,
    "coin": {
        "lsy": 0.12645737718677977,
        "lsy_2": 0.2699949586345197,
        "lsy_3": 0.2574515787517966,
        "master": 0.20335569599778647,
        "prol": 0.2216853962665857,
        "prol2": 0.17389479528842489,
        "putien": 0.30741072395203717,
        "zaiton": 0.3155049997207373,
        "niu": 0.1430211511516291,
        "lee": 0.13578617888950265,
        "yyl": 0.10309474325592631,
        "1070": 0.04522587309075892,
        "banzhang": 0.037324812183372365,
        "prot": 0.02310498160720185
    },
    "portion": {
        "lsy": 0.05350851239541399,
        "lsy_2": 0.11424425298222002,
        "lsy_3": 0.10893671290139312,
        "master": 0.08604686434310418,
        "prol": 0.09380279773233315,
        "prol2": 0.07358093308740092,
        "putien": 0.13007616399298852,
        "zaiton": 0.13350113345650724,
        "niu": 0.06051722097556975,
        "lee": 0.05745585269812502,
        "yyl": 0.043622969811115624,
        "1070": 0.019136639116719593,
        "banzhang": 0.015793425577857644,
        "prot": 0.009776520929251254
    }
}