{
    "sum": 2.312557470356673,
    "coin": {
        "lsy": 0.12645737718677977,
        "lsy_2": 0.2699949586345197,
        "lsy_3": 0.2574515787517966,
        "master": 0.20335569599778647,
        "prol": 0.2216031988102114,
        "prol2": 0.17389479528842489,
        "putien": 0.28062968717127795,
        "zaiton": 0.2916124383374851,
        "niu": 0.1430211511516291,
        "lee": 0.13578617888950265,
        "yyl": 0.10309474325592631,
        "1070": 0.04522587309075892,
        "banzhang": 0.037324812183372365,
        "prot": 0.02310498160720185
    },
    "portion": {
        "lsy": 0.05468291223364747,
        "lsy_2": 0.11675167518880192,
        "lsy_3": 0.11132764571342264,
        "master": 0.08793541289437545,
        "prol": 0.09582602882341897,
        "prol2": 0.07519588054242152,
        "putien": 0.1213503624314234,
        "zaiton": 0.12609954220619166,
        "niu": 0.0618454472958765,
        "lee": 0.058716888393074144,
        "yyl": 0.0445804026829334,
        "1070": 0.01955664828679202,
        "banzhang": 0.016140058209068265,
        "prot": 0.00999109509855264
    }
}