{
    "sum": 1.2511120597411265,
    "coin": {
        "1070": 0.017396340287388568,
        "banzhang": 0.03732481218337236,
        "lsy": 0.0662341326852117,
        "lsy_2": 0.13467814337746128,
        "lsy_3": 0.13914149657730568,
        "master": 0.12983760307806222,
        "niu": 0.09126640069685582,
        "prol": 0.134248725197393,
        "prol2": 0.08502751317262705,
        "prot": 0.02310498160720185,
        "putien": 0.11034862476364551,
        "yyl": 0.0878759056258629,
        "zaiton": 0.1207133898855432,
        "lee": 0.07391399060319541
    },
    "portion": {
        "1070": 0.013904701942516745,
        "banzhang": 0.02983330860953847,
        "lsy": 0.052940208008958455,
        "lsy_2": 0.10764674701107763,
        "lsy_3": 0.11121425574468213,
        "master": 0.10377775681015139,
        "niu": 0.07294822233249049,
        "prol": 0.1073035178201152,
        "prol2": 0.06796154869630183,
        "prot": 0.01846755566562328,
        "putien": 0.08820043249081802,
        "yyl": 0.07023823720798096,
        "zaiton": 0.09648487435291814,
        "lee": 0.05907863330682729
    }
}