{
    "sum": 1.5857369461594617,
    "coin": {
        "1070": 0.017396340287388568,
        "banzhang": 0.03732481218337236,
        "lsy": 0.08665706855496035,
        "lsy_2": 0.17085219590863623,
        "lsy_3": 0.17767010454056123,
        "master": 0.16388355047026087,
        "niu": 0.10856384013782029,
        "prol": 0.17134133199074303,
        "prol2": 0.11818476448055153,
        "prot": 0.02310498160720185,
        "putien": 0.14531393227326664,
        "yyl": 0.09733554977900971,
        "zaiton": 0.15739859601049977,
        "lee": 0.11070987793518935
    },
    "portion": {
        "1070": 0.010970508273469457,
        "banzhang": 0.023537833481000938,
        "lsy": 0.05464782085379129,
        "lsy_2": 0.10774308836180407,
        "lsy_3": 0.1120426089401935,
        "master": 0.1033485098945161,
        "niu": 0.06846270461235952,
        "prol": 0.10805154814972252,
        "prol2": 0.07452986749585822,
        "prot": 0.014570500903797707,
        "putien": 0.0916381072063726,
        "yyl": 0.061381901969774534,
        "zaiton": 0.0992589574151675,
        "lee": 0.0698160424421721
    }
}