{
    "sum": 2.3601267808959534,
    "coin": {
        "lsy": 0.12645737718677977,
        "lsy_2": 0.2699949586345197,
        "lsy_3": 0.2574515787517966,
        "master": 0.20335569599778647,
        "prol": 0.2216853962665857,
        "prol2": 0.17389479528842489,
        "putien": 0.305690636915842,
        "zaiton": 0.31403860167582703,
        "niu": 0.1430211511516291,
        "lee": 0.13578617888950265,
        "yyl": 0.10309474325592631,
        "1070": 0.04522587309075892,
        "banzhang": 0.037324812183372365,
        "prot": 0.02310498160720185
    },
    "portion": {
        "lsy": 0.053580756004460876,
        "lsy_2": 0.11439849791968548,
        "lsy_3": 0.10908379195377911,
        "master": 0.08616303905529532,
        "prol": 0.09392944398623759,
        "prol2": 0.07368027713426936,
        "putien": 0.12952297282936445,
        "zaiton": 0.13306005601809723,
        "niu": 0.060598927273447276,
        "lee": 0.05753342574162706,
        "yyl": 0.043681866622770744,
        "1070": 0.019162476124943692,
        "banzhang": 0.015814748803114335,
        "prot": 0.009789720532907439
    }
}