{
    "sum": 2.1607240305015343,
    "coin": {
        "lsy": 0.12628488061016963,
        "lsy_2": 0.2503852716116511,
        "lsy_3": 0.25478600957290404,
        "master": 0.20335569599778647,
        "prol": 0.2215401079568406,
        "prol2": 0.17383810270322028,
        "putien": 0.2169796609284641,
        "zaiton": 0.23287486738132923,
        "niu": 0.1430211511516291,
        "lee": 0.13578617888950265,
        "yyl": 0.10309474325592631,
        "1070": 0.03834756665153673,
        "banzhang": 0.037324812183372365,
        "prot": 0.02310498160720185
    },
    "portion": {
        "lsy": 0.05844563156955178,
        "lsy_2": 0.11588026424343194,
        "lsy_3": 0.11791696023011539,
        "master": 0.09411460840308457,
        "prol": 0.10253049664348761,
        "prol2": 0.08045363510067041,
        "putien": 0.10041988605000153,
        "zaiton": 0.1077763120574337,
        "niu": 0.0661913086228008,
        "lee": 0.06284290680933685,
        "yyl": 0.04771305442092787,
        "1070": 0.017747554111589032,
        "banzhang": 0.01727421533545344,
        "prot": 0.010693166402115156
    }
}