{
    "sum": 0.8342884839275415,
    "coin": {
        "1070": 0.017396340287388568,
        "banzhang": 0.03732481218337236,
        "lsy": 0.037179955550167405,
        "lsy_2": 0.08432980328564921,
        "lsy_3": 0.08815483444283052,
        "master": 0.08301139745403222,
        "niu": 0.07069863950256708,
        "prol": 0.07972695506447616,
        "prol2": 0.07744755331665408,
        "prot": 0.02310498160720185,
        "putien": 0.06349514866490888,
        "yyl": 0.06165398330846188,
        "zaiton": 0.07619134850735935,
        "lee": 0.03457273075247206
    },
    "portion": {
        "1070": 0.020851708518727977,
        "banzhang": 0.04473849621855028,
        "lsy": 0.044564867268857694,
        "lsy_2": 0.10107990810163611,
        "lsy_3": 0.1056646905010939,
        "master": 0.09949963238524315,
        "niu": 0.08474123862976311,
        "prol": 0.09556281382328238,
        "prol2": 0.09283066326417189,
        "prot": 0.027694235330244035,
        "putien": 0.07610694608415987,
        "yyl": 0.07390007712705833,
        "zaiton": 0.09132494332017727,
        "lee": 0.04143977942703417
    }
}