{
    "sum": 2.318698624513408,
    "coin": {
        "lsy": 0.12645737718677977,
        "lsy_2": 0.2699949586345197,
        "lsy_3": 0.2574515787517966,
        "master": 0.20335569599778647,
        "prol": 0.2216031988102114,
        "prol2": 0.17389479528842489,
        "putien": 0.2838408930770155,
        "zaiton": 0.2945423865884823,
        "niu": 0.1430211511516291,
        "lee": 0.13578617888950265,
        "yyl": 0.10309474325592631,
        "1070": 0.04522587309075892,
        "banzhang": 0.037324812183372365,
        "prot": 0.02310498160720185
    },
    "portion": {
        "lsy": 0.05453808263388157,
        "lsy_2": 0.11644245430610012,
        "lsy_3": 0.11103279056191455,
        "master": 0.08770251288714237,
        "prol": 0.0955722302447633,
        "prol2": 0.0749967216308319,
        "putien": 0.12241387909417556,
        "zaiton": 0.12702918071135427,
        "niu": 0.06168164747225091,
        "lee": 0.058561374666791004,
        "yyl": 0.04446232993197265,
        "1070": 0.019504851821892044,
        "banzhang": 0.016097310702120757,
        "prot": 0.0099646333348089
    }
}