{
    "sum": 2.147674397703072,
    "coin": {
        "lsy": 0.12628488061016963,
        "lsy_2": 0.24773253654704683,
        "lsy_3": 0.25478600957290404,
        "master": 0.20335569599778647,
        "prol": 0.22029976749087102,
        "prol2": 0.17383810270322028,
        "putien": 0.21337943679050753,
        "zaiton": 0.22916547826124573,
        "niu": 0.1430211511516291,
        "lee": 0.13578617888950265,
        "yyl": 0.10309474325592631,
        "1070": 0.03650062264168822,
        "banzhang": 0.037324812183372365,
        "prot": 0.02310498160720185
    },
    "portion": {
        "lsy": 0.05880075710975124,
        "lsy_2": 0.11534920601185898,
        "lsy_3": 0.11863344361947813,
        "master": 0.09468646467792066,
        "prol": 0.10257596203897602,
        "prol2": 0.08094248499173773,
        "putien": 0.0993537181514646,
        "zaiton": 0.10670401365604448,
        "niu": 0.0665934982065203,
        "lee": 0.0632247509374444,
        "yyl": 0.04800296700756207,
        "1070": 0.016995417313129712,
        "banzhang": 0.017379176388791093,
        "prot": 0.010758139889320523
    }
}