{
    "sum": 0.708388065359214,
    "coin": {
        "1070": 0.017396340287388568,
        "banzhang": 0.03732481218337236,
        "lsy": 0.03666900050183738,
        "lsy_2": 0.06843740851737654,
        "lsy_3": 0.07145803612967055,
        "master": 0.0682502721309461,
        "niu": 0.05879038025994668,
        "prol": 0.06782343759849802,
        "prol2": 0.06638057431054667,
        "prot": 0.02310498160720185,
        "putien": 0.04974058714689185,
        "yyl": 0.05402267487561491,
        "zaiton": 0.06358902763656757,
        "lee": 0.025400532173354865
    },
    "portion": {
        "1070": 0.02455764169116418,
        "banzhang": 0.05268978122103942,
        "lsy": 0.05176400096921879,
        "lsy_2": 0.09661005296958645,
        "lsy_3": 0.10087413894167621,
        "master": 0.09634588083628613,
        "niu": 0.08299177122660145,
        "prol": 0.09574333746589261,
        "prol2": 0.09370651138353946,
        "prot": 0.03261627734437569,
        "putien": 0.0702165798370263,
        "yyl": 0.07626141308326637,
        "zaiton": 0.08976580880752479,
        "lee": 0.03585680422280209
    }
}