{
    "sum": 1.8005116111624635,
    "coin": {
        "1070": 0.017396340287388568,
        "banzhang": 0.03732481218337236,
        "lsy": 0.10686054526706262,
        "lsy_2": 0.1994201334572076,
        "lsy_3": 0.20973316012207766,
        "master": 0.1673375659231708,
        "niu": 0.12972235031726415,
        "prol": 0.1865072261844774,
        "prol2": 0.13668607271117253,
        "prot": 0.02310498160720185,
        "putien": 0.1719481409454145,
        "yyl": 0.10309474325592632,
        "zaiton": 0.1852002580603013,
        "lee": 0.12617528084042598
    },
    "portion": {
        "1070": 0.009661887309994616,
        "banzhang": 0.020730114680723638,
        "lsy": 0.059350100607277,
        "lsy_2": 0.1107574826070997,
        "lsy_3": 0.11648531385291525,
        "master": 0.09293889852514349,
        "niu": 0.07204749445270812,
        "prol": 0.10358568366246904,
        "prol2": 0.07591512982408592,
        "prot": 0.012832453544848063,
        "putien": 0.0954996012685526,
        "yyl": 0.05725858284766368,
        "zaiton": 0.10285979657789074,
        "lee": 0.07007746023862822
    }
}