{
    "sum": 2.321634942248503,
    "coin": {
        "lsy": 0.12645737718677977,
        "lsy_2": 0.2699949586345197,
        "lsy_3": 0.2574515787517966,
        "master": 0.20335569599778647,
        "prol": 0.2216031988102114,
        "prol2": 0.17389479528842489,
        "putien": 0.28520921310202124,
        "zaiton": 0.296110384298572,
        "niu": 0.1430211511516291,
        "lee": 0.13578617888950265,
        "yyl": 0.10309474325592631,
        "1070": 0.04522587309075892,
        "banzhang": 0.037324812183372365,
        "prot": 0.02310498160720185
    },
    "portion": {
        "lsy": 0.05446910489049834,
        "lsy_2": 0.11629518221027016,
        "lsy_3": 0.11089236040807292,
        "master": 0.0875915900028781,
        "prol": 0.09545135403397605,
        "prol2": 0.07490186855992433,
        "putien": 0.12284843233182739,
        "zaiton": 0.12754390404366894,
        "niu": 0.061603634813108536,
        "lee": 0.05848730841292117,
        "yyl": 0.044406095626765105,
        "1070": 0.019480182808998242,
        "banzhang": 0.016076951420804897,
        "prot": 0.009952030436285852
    }
}