{
    "sum": 2.347139193565262,
    "coin": {
        "lsy": 0.12645737718677977,
        "lsy_2": 0.2699949586345197,
        "lsy_3": 0.2574515787517966,
        "master": 0.20335569599778647,
        "prol": 0.2216853962665857,
        "prol2": 0.17389479528842489,
        "putien": 0.29879836192287784,
        "zaiton": 0.3079432893380996,
        "niu": 0.1430211511516291,
        "lee": 0.13578617888950265,
        "yyl": 0.10309474325592631,
        "1070": 0.04522587309075892,
        "banzhang": 0.037324812183372365,
        "prot": 0.02310498160720185
    },
    "portion": {
        "lsy": 0.053877238100520704,
        "lsy_2": 0.11503150702553873,
        "lsy_3": 0.10968739283021911,
        "master": 0.08663981094742526,
        "prol": 0.09444919026291304,
        "prol2": 0.07408797729813452,
        "putien": 0.1273032135213969,
        "zaiton": 0.13119941509320515,
        "niu": 0.060934243501077824,
        "lee": 0.057851779418009674,
        "yyl": 0.04392357451086114,
        "1070": 0.01926850917693622,
        "banzhang": 0.01590225764441207,
        "prot": 0.009843890669349611
    }
}