{
    "sum": 0.7652200919938082,
    "coin": {
        "1070": 0.017396340287388568,
        "banzhang": 0.03732481218337236,
        "lsy": 0.03666900050183738,
        "lsy_2": 0.07573608198099928,
        "lsy_3": 0.07902454126943008,
        "master": 0.07589086772878519,
        "niu": 0.06569881453895172,
        "prol": 0.07122654066379452,
        "prol2": 0.06969664681919209,
        "prot": 0.02310498160720185,
        "putien": 0.05586159970355531,
        "yyl": 0.058401712284477755,
        "zaiton": 0.07050300843438356,
        "lee": 0.028685143990438627
    },
    "portion": {
        "1070": 0.022733773550119133,
        "banzhang": 0.04877657104653542,
        "lsy": 0.04791954744195881,
        "lsy_2": 0.09897293964624768,
        "lsy_3": 0.10327034286766938,
        "master": 0.09917521576184549,
        "niu": 0.08585610235059447,
        "prol": 0.09307980985994661,
        "prol2": 0.09108052382366881,
        "prot": 0.030193903491217797,
        "putien": 0.07300069651596042,
        "yyl": 0.07632015010519393,
        "zaiton": 0.09213428812446033,
        "lee": 0.03748613541458178
    }
}