{
    "sum": 0.6880449689431724,
    "coin": {
        "1070": 0.017396340287388568,
        "banzhang": 0.03732481218337236,
        "lsy": 0.03666900050183738,
        "lsy_2": 0.0658104832548271,
        "lsy_3": 0.06872326273412259,
        "master": 0.06542029608398114,
        "niu": 0.05879038025994668,
        "prol": 0.06572750289505341,
        "prol2": 0.0643423553548323,
        "prot": 0.02310498160720185,
        "putien": 0.04748119282858057,
        "yyl": 0.05200480122083709,
        "zaiton": 0.06086608251106774,
        "lee": 0.024383477220123576
    },
    "portion": {
        "1070": 0.025283725733957634,
        "banzhang": 0.05424763477407989,
        "lsy": 0.053294482420473854,
        "lsy_2": 0.09564852040980855,
        "lsy_3": 0.09988193480969795,
        "master": 0.09508142496044382,
        "niu": 0.08544554922078407,
        "prol": 0.09552791730460578,
        "prol2": 0.09351475304537331,
        "prot": 0.03358062721204224,
        "putien": 0.06900885112423834,
        "yyl": 0.0755834335955043,
        "zaiton": 0.08846236112235106,
        "lee": 0.03543878426663923
    }
}