{
    "sum": 2.3493386136685435,
    "coin": {
        "lsy": 0.12645737718677977,
        "lsy_2": 0.2699949586345197,
        "lsy_3": 0.2574515787517966,
        "master": 0.20335569599778647,
        "prol": 0.2216853962665857,
        "prol2": 0.17389479528842489,
        "putien": 0.2999679662349295,
        "zaiton": 0.3089731051293297,
        "niu": 0.1430211511516291,
        "lee": 0.13578617888950265,
        "yyl": 0.10309474325592631,
        "1070": 0.04522587309075892,
        "banzhang": 0.037324812183372365,
        "prot": 0.02310498160720185
    },
    "portion": {
        "lsy": 0.053826798934408955,
        "lsy_2": 0.11492381603217117,
        "lsy_3": 0.10958470492671141,
        "master": 0.08655869988883472,
        "prol": 0.09436076816547918,
        "prol2": 0.07401861710214876,
        "putien": 0.12768187799311015,
        "zaiton": 0.13151493076890328,
        "niu": 0.06087719765874808,
        "lee": 0.0577976193382654,
        "yyl": 0.0438824538345035,
        "1070": 0.019250470250492216,
        "banzhang": 0.015887370158654508,
        "prot": 0.00983467494756872
    }
}