{
    "sum": 2.113946135302662,
    "coin": {
        "lsy": 0.12611324250481765,
        "lsy_2": 0.24093963724119385,
        "lsy_3": 0.250820835820972,
        "master": 0.20245975332095623,
        "prol": 0.21865174681823446,
        "prol2": 0.17379757036672158,
        "putien": 0.20792224674269666,
        "zaiton": 0.22301298821274793,
        "niu": 0.1430211511516291,
        "lee": 0.13011184915165203,
        "yyl": 0.10309474325592631,
        "1070": 0.033570576924539935,
        "banzhang": 0.037324812183372365,
        "prot": 0.02310498160720185
    },
    "portion": {
        "lsy": 0.05965773696819457,
        "lsy_2": 0.11397624244891065,
        "lsy_3": 0.11865053306339851,
        "master": 0.09577337375815835,
        "prol": 0.10343297928304557,
        "prol2": 0.08221475820235992,
        "putien": 0.09835740053656931,
        "zaiton": 0.10549605994611509,
        "niu": 0.06765600540297222,
        "lee": 0.06154927364458291,
        "yyl": 0.048768860064244655,
        "1070": 0.015880526170423688,
        "banzhang": 0.017656463218268532,
        "prot": 0.010929787292756076
    }
}