{
    "sum": 2.248981990657798,
    "coin": {
        "lsy": 0.12644948485969393,
        "lsy_2": 0.2699949586345197,
        "lsy_3": 0.2574515787517966,
        "master": 0.20335569599778647,
        "prol": 0.2215752526686047,
        "prol2": 0.17389479528842489,
        "putien": 0.24647797515112743,
        "zaiton": 0.26222450912745315,
        "niu": 0.1430211511516291,
        "lee": 0.13578617888950265,
        "yyl": 0.10309474325592631,
        "1070": 0.04522587309075892,
        "banzhang": 0.037324812183372365,
        "prot": 0.02310498160720185
    },
    "portion": {
        "lsy": 0.05622521006613712,
        "lsy_2": 0.12005207678677306,
        "lsy_3": 0.11447471781510146,
        "master": 0.0904212202865651,
        "prol": 0.09852246642659722,
        "prol2": 0.07732155971491925,
        "putien": 0.1095953529974848,
        "zaiton": 0.11659698041901878,
        "niu": 0.06359372896080741,
        "lee": 0.06037673020662426,
        "yyl": 0.04584062641861015,
        "1070": 0.020109486549303553,
        "banzhang": 0.01659631439398736,
        "prot": 0.010273528958070465
    }
}