{
    "sum": 2.285926661986021,
    "coin": {
        "lsy": 0.12645737718677977,
        "lsy_2": 0.2699949586345197,
        "lsy_3": 0.2574515787517966,
        "master": 0.20335569599778647,
        "prol": 0.2216031988102114,
        "prol2": 0.17389479528842489,
        "putien": 0.26615318963653484,
        "zaiton": 0.2794581275015764,
        "niu": 0.1430211511516291,
        "lee": 0.13578617888950265,
        "yyl": 0.10309474325592631,
        "1070": 0.04522587309075892,
        "banzhang": 0.037324812183372365,
        "prot": 0.02310498160720185
    },
    "portion": {
        "lsy": 0.05531996248598507,
        "lsy_2": 0.1181118200878532,
        "lsy_3": 0.11262460123201055,
        "master": 0.08895985132834941,
        "prol": 0.0969423921140505,
        "prol2": 0.07607190474664856,
        "putien": 0.11643120230519557,
        "zaiton": 0.12225157182373568,
        "niu": 0.06256594033833607,
        "lee": 0.059400934049008876,
        "yyl": 0.045099759747479054,
        "1070": 0.01978448120967561,
        "banzhang": 0.016328088212132073,
        "prot": 0.010107490319539895
    }
}