{
    "sum": 2.187832244833041,
    "coin": {
        "lsy": 0.12644948485969393,
        "lsy_2": 0.2577153729381588,
        "lsy_3": 0.25643388897900105,
        "master": 0.20335569599778647,
        "prol": 0.2215752526686047,
        "prol2": 0.17383810270322028,
        "putien": 0.22279599829791105,
        "zaiton": 0.2408885939893397,
        "niu": 0.1430211511516291,
        "lee": 0.13578617888950265,
        "yyl": 0.10309474325592631,
        "1070": 0.04244798731169287,
        "banzhang": 0.037324812183372365,
        "prot": 0.02310498160720185
    },
    "portion": {
        "lsy": 0.05779670043639182,
        "lsy_2": 0.11779485083776417,
        "lsy_3": 0.11720911856227356,
        "master": 0.0929484865569778,
        "prol": 0.10127616191410217,
        "prol2": 0.07945677878812243,
        "putien": 0.10183413231251337,
        "zaiton": 0.11010377717863945,
        "niu": 0.06537116887704679,
        "lee": 0.062064255250916106,
        "yyl": 0.04712186846107743,
        "1070": 0.019401847382010857,
        "banzhang": 0.017060180126479814,
        "prot": 0.010560673315684242
    }
}