{
    "sum": 0.1290237873686642,
    "coin": {
        "1070": 0.00981988823236536,
        "banzhang": 0.028669952672546146,
        "lsy": 0.005543657174468711,
        "lsy_2": 0.007754963900227635,
        "master": 0.005932371626324361,
        "niu": 0.02156605513946503,
        "prol": 0.00761735641042523,
        "prot": 0.01586513932260786,
        "putien": 0.020966358465214583,
        "syl": 0.005288044425019316
    },
    "portion": {
        "1070": 0.07610913020485631,
        "banzhang": 0.22220672061521865,
        "lsy": 0.042966163740246005,
        "lsy_2": 0.06010491598784884,
        "master": 0.04597889852181743,
        "niu": 0.16714790023829934,
        "prol": 0.05903838792656031,
        "prot": 0.12296290200562661,
        "putien": 0.16249994588444897,
        "syl": 0.04098503487507773
    }
}