{
    "sum": 0.057844599584040424,
    "coin": {
        "banzhang": 0.016572054810631155,
        "syl": 0.005035155007148944,
        "1070": 0.005603103008702908,
        "niu": 0.01385598108491648,
        "putien": 0.011930949050557312,
        "prot": 0.004593154266495647,
        "lsy": 0.0002542023555879791
    },
    "portion": {
        "banzhang": 0.28649268781875115,
        "syl": 0.08704624188526953,
        "1070": 0.09686475572473024,
        "niu": 0.23953802402565866,
        "putien": 0.20625865052835654,
        "prot": 0.07940506632468622,
        "lsy": 0.004394573692547691
    }
}