{
    "sum": 2.0753296857148666,
    "coin": {
        "lsy": 0.12602640622628156,
        "lsy_2": 0.23506734798873938,
        "lsy_3": 0.24494684999719946,
        "master": 0.19759934722523032,
        "prol": 0.2162039437984822,
        "prol2": 0.17199926474241803,
        "putien": 0.20224539121747703,
        "zaiton": 0.21753901719654875,
        "niu": 0.1430211511516291,
        "lee": 0.126175280840426,
        "yyl": 0.10309474325592631,
        "1070": 0.030981148283933994,
        "banzhang": 0.037324812183372365,
        "prot": 0.02310498160720185
    },
    "portion": {
        "lsy": 0.06072596903217842,
        "lsy_2": 0.11326747244391112,
        "lsy_3": 0.11802792186862843,
        "master": 0.09521347311001595,
        "prol": 0.10417811940275347,
        "prol2": 0.08287804387242274,
        "putien": 0.09745217476027754,
        "zaiton": 0.10482142605771835,
        "niu": 0.06891490645370119,
        "lee": 0.06079770443651884,
        "yyl": 0.0496763208108857,
        "1070": 0.014928301993262458,
        "banzhang": 0.017985003751592118,
        "prot": 0.011133162006133557
    }
}