{
    "sum": 2.166311532651454,
    "coin": {
        "lsy": 0.12644948485969393,
        "lsy_2": 0.25088608170123866,
        "lsy_3": 0.2550105242055257,
        "master": 0.20335569599778647,
        "prol": 0.2215752526686047,
        "prol2": 0.17383810270322028,
        "putien": 0.21865910434976996,
        "zaiton": 0.23485390601111916,
        "niu": 0.1430211511516291,
        "lee": 0.13578617888950265,
        "yyl": 0.10309474325592631,
        "1070": 0.0393515130668629,
        "banzhang": 0.037324812183372365,
        "prot": 0.02310498160720185
    },
    "portion": {
        "lsy": 0.05837086815714186,
        "lsy_2": 0.11581255877549938,
        "lsy_3": 0.11771645968823605,
        "master": 0.0938718614256231,
        "prol": 0.10228226611405608,
        "prol2": 0.08024612346057697,
        "putien": 0.10093613086301695,
        "zaiton": 0.10841188004186547,
        "niu": 0.06602058337222559,
        "lee": 0.0626808179908027,
        "yyl": 0.047589989575388375,
        "1070": 0.018165214224151165,
        "banzhang": 0.017229660471635266,
        "prot": 0.010665585839781106
    }
}