{
    "sum": 1.38534732042692,
    "coin": {
        "1070": 0.017396340287388568,
        "banzhang": 0.03732481218337236,
        "lsy": 0.07354190820568308,
        "lsy_2": 0.1491977318150479,
        "lsy_3": 0.15451895383494413,
        "master": 0.14205398089090848,
        "niu": 0.10128925819096928,
        "prol": 0.1503283109660946,
        "prol2": 0.09777779459924764,
        "prot": 0.02310498160720185,
        "putien": 0.1248779505167652,
        "yyl": 0.0879618633795971,
        "zaiton": 0.13651231831000452,
        "lee": 0.08946111563969518
    },
    "portion": {
        "1070": 0.012557385451922316,
        "banzhang": 0.026942566411338666,
        "lsy": 0.053085538277159124,
        "lsy_2": 0.10769698660771214,
        "lsy_3": 0.11153806092996686,
        "master": 0.10254033685006296,
        "niu": 0.07311470322096206,
        "prol": 0.10851308458861292,
        "prol2": 0.07057998608545013,
        "prot": 0.016678114770584486,
        "putien": 0.09014198004748859,
        "yyl": 0.06349444798614838,
        "zaiton": 0.09854013957159549,
        "lee": 0.06457666920099582
    }
}