{
    "sum": 2.345652608888634,
    "coin": {
        "lsy": 0.12645737718677977,
        "lsy_2": 0.2699949586345197,
        "lsy_3": 0.2574515787517966,
        "master": 0.20335569599778647,
        "prol": 0.2216853962665857,
        "prol2": 0.17389479528842489,
        "putien": 0.29803586245388763,
        "zaiton": 0.30721920413046205,
        "niu": 0.1430211511516291,
        "lee": 0.13578617888950265,
        "yyl": 0.10309474325592631,
        "1070": 0.04522587309075892,
        "banzhang": 0.037324812183372365,
        "prot": 0.02310498160720185
    },
    "portion": {
        "lsy": 0.05391138342804097,
        "lsy_2": 0.11510440958366927,
        "lsy_3": 0.10975690849369919,
        "master": 0.08669471993729541,
        "prol": 0.09450904853793327,
        "prol2": 0.074134931417153,
        "putien": 0.12705882419438763,
        "zaiton": 0.13097387181984377,
        "niu": 0.060972861288011555,
        "lee": 0.05788844365740837,
        "yyl": 0.04395141158808354,
        "1070": 0.019280720819178275,
        "banzhang": 0.0159123358855158,
        "prot": 0.009850129349779952
    }
}