{
    "sum": 2.3335604675500523,
    "coin": {
        "lsy": 0.12645737718677977,
        "lsy_2": 0.2699949586345197,
        "lsy_3": 0.2574515787517966,
        "master": 0.20335569599778647,
        "prol": 0.2216853962665857,
        "prol2": 0.17389479528842489,
        "putien": 0.29134870472109875,
        "zaiton": 0.30181422052466944,
        "niu": 0.1430211511516291,
        "lee": 0.13578617888950265,
        "yyl": 0.10309474325592631,
        "1070": 0.04522587309075892,
        "banzhang": 0.037324812183372365,
        "prot": 0.02310498160720185
    },
    "portion": {
        "lsy": 0.05419074369199623,
        "lsy_2": 0.11570086243275315,
        "lsy_3": 0.1103256514377314,
        "master": 0.08714395826703587,
        "prol": 0.09499877948280798,
        "prol2": 0.07451908690885253,
        "putien": 0.12485157713825114,
        "zaiton": 0.12933636163348994,
        "niu": 0.0612888130136107,
        "lee": 0.0581884124185825,
        "yyl": 0.04417916085292743,
        "1070": 0.01938063046561654,
        "banzhang": 0.015994791093868147,
        "prot": 0.009901171162476541
    }
}