{
    "sum": 0.1793017789044028,
    "coin": {
        "1070": 0.013105049506709952,
        "banzhang": 0.03663679753703429,
        "lsy": 0.009100943507397975,
        "lsy_2": 0.014200301130433256,
        "master": 0.012887996279171275,
        "niu": 0.025439514534472178,
        "prol": 0.014686417490744647,
        "prot": 0.02150822481082722,
        "putien": 0.02644848968259268,
        "syl": 0.005288044425019316
    },
    "portion": {
        "1070": 0.07308934460542686,
        "banzhang": 0.20433036281568462,
        "lsy": 0.05075768663873808,
        "lsy_2": 0.07919777046944047,
        "master": 0.07187879762220702,
        "niu": 0.14188099354014555,
        "prol": 0.0819089335336428,
        "prot": 0.11995544574208952,
        "putien": 0.14750823914967431,
        "syl": 0.02949242588295072
    }
}