{
    "sum": 2.275252311330426,
    "coin": {
        "lsy": 0.12645737718677977,
        "lsy_2": 0.2699949586345197,
        "lsy_3": 0.2574515787517966,
        "master": 0.20335569599778647,
        "prol": 0.2216031988102114,
        "prol2": 0.17389479528842489,
        "putien": 0.26044460492900856,
        "zaiton": 0.2744923615535076,
        "niu": 0.1430211511516291,
        "lee": 0.13578617888950265,
        "yyl": 0.10309474325592631,
        "1070": 0.04522587309075892,
        "banzhang": 0.037324812183372365,
        "prot": 0.02310498160720185
    },
    "portion": {
        "lsy": 0.05557949619786799,
        "lsy_2": 0.1186659419221262,
        "lsy_3": 0.1131529797683207,
        "master": 0.08937720664433771,
        "prol": 0.09739719753570172,
        "prol2": 0.07642879623611591,
        "putien": 0.11446844977677081,
        "zaiton": 0.1206426031023353,
        "niu": 0.06285946856944373,
        "lee": 0.05967961364693806,
        "yyl": 0.04531134535828377,
        "1070": 0.019877300141852683,
        "banzhang": 0.01640469146982083,
        "prot": 0.010154909630084715
    }
}