{
    "sum": 2.2363744453363483,
    "coin": {
        "lsy": 0.12644948485969393,
        "lsy_2": 0.2699949586345197,
        "lsy_3": 0.25715658243741574,
        "master": 0.20335569599778647,
        "prol": 0.2215752526686047,
        "prol2": 0.17389479528842489,
        "putien": 0.24000489136298056,
        "zaiton": 0.2563850439085309,
        "niu": 0.1430211511516291,
        "lee": 0.13578617888950265,
        "yyl": 0.10309474325592631,
        "1070": 0.04522587309075892,
        "banzhang": 0.037324812183372365,
        "prot": 0.02310498160720185
    },
    "portion": {
        "lsy": 0.05654217929532639,
        "lsy_2": 0.12072886953146737,
        "lsy_3": 0.11498815995401863,
        "master": 0.09093096928461905,
        "prol": 0.09907788614320355,
        "prol2": 0.077757459467961,
        "putien": 0.10731874166398109,
        "zaiton": 0.1146431647183175,
        "niu": 0.06395223816381916,
        "lee": 0.060717103601620054,
        "yyl": 0.04609905262999058,
        "1070": 0.020222853639322906,
        "banzhang": 0.016689876000509724,
        "prot": 0.010331445905842878
    }
}