{
    "sum": 0.06737752911415956,
    "coin": {
        "1070": 0.0025240858904655044,
        "banzhang": 0.0066887275250758806,
        "lsy": 0.002557422523347504,
        "lsy_2": 0.005504234325689665,
        "lsy_3": 0.00571183001192765,
        "master": 0.00518906508827687,
        "niu": 0.005413878354900395,
        "prol": 0.005322111215979764,
        "prol2": 0.005315141962297086,
        "prot": 0.008689465518969666,
        "putien": 0.004810138215718678,
        "yyl": 0.004345989751400937,
        "zaiton": 0.005305438730109955
    },
    "portion": {
        "1070": 0.0374618351793352,
        "banzhang": 0.09927237779442742,
        "lsy": 0.037956608931360394,
        "lsy_2": 0.08169243363560709,
        "lsy_3": 0.08477351554774208,
        "master": 0.07701477267717695,
        "niu": 0.08035139349986425,
        "prol": 0.0789894091687804,
        "prol2": 0.07888597329372969,
        "prot": 0.1289668177686788,
        "putien": 0.07139083725627177,
        "yyl": 0.06450206483585068,
        "zaiton": 0.07874196041117518
    }
}