{
    "sum": 0.241757057800253,
    "coin": {
        "1070": 0.006374718520926985,
        "banzhang": 0.020571935389691848,
        "lsy": 0.01198676431571365,
        "lsy_2": 0.02114961956039133,
        "lsy_3": 0.02191357710016905,
        "master": 0.020276763948588003,
        "niu": 0.020408381247036107,
        "prol": 0.019673728861865206,
        "prol2": 0.020593188786433597,
        "prot": 0.02310498160720185,
        "putien": 0.019060174847657554,
        "yyl": 0.01595943391223968,
        "zaiton": 0.020683789702338168
    },
    "portion": {
        "1070": 0.02636828301490156,
        "banzhang": 0.0850934222019239,
        "lsy": 0.04958185884946316,
        "lsy_2": 0.0874829457010756,
        "lsy_3": 0.09064296736385132,
        "master": 0.08387247980715119,
        "niu": 0.08441689948054434,
        "prol": 0.08137809518727779,
        "prol2": 0.08518133440988644,
        "prot": 0.09557107377726233,
        "putien": 0.07884020024518022,
        "yyl": 0.06601434538232116,
        "zaiton": 0.08555609457916112
    }
}