{
    "sum": 2.2646933950553616,
    "coin": {
        "lsy": 0.12645737718677977,
        "lsy_2": 0.2699949586345197,
        "lsy_3": 0.2574515787517966,
        "master": 0.20335569599778647,
        "prol": 0.2216031988102114,
        "prol2": 0.17389479528842489,
        "putien": 0.25500803328719773,
        "zaiton": 0.26937001692025386,
        "niu": 0.1430211511516291,
        "lee": 0.13578617888950265,
        "yyl": 0.10309474325592631,
        "1070": 0.04522587309075892,
        "banzhang": 0.037324812183372365,
        "prot": 0.02310498160720185
    },
    "portion": {
        "lsy": 0.05583863028120345,
        "lsy_2": 0.11921921052272047,
        "lsy_3": 0.11368054471033728,
        "master": 0.08979391931896165,
        "prol": 0.09785130265052687,
        "prol2": 0.07678513818607836,
        "putien": 0.11260157063378724,
        "zaiton": 0.11894326071175254,
        "niu": 0.06315254482743475,
        "lee": 0.05995786413559231,
        "yyl": 0.04552260517075695,
        "1070": 0.019969976151960892,
        "banzhang": 0.01648117677424495,
        "prot": 0.010202255924642302
    }
}