{
    "sum": 0.056026802797550894,
    "coin": {
        "1070": 0.002110986516372392,
        "banzhang": 0.005641287271099202,
        "lsy": 0.0021529653955743313,
        "lsy_2": 0.0045276604915364905,
        "lsy_3": 0.004721428583662572,
        "master": 0.004288543021739164,
        "niu": 0.004480515752346919,
        "prol": 0.004397390859746227,
        "prol2": 0.004418076794287356,
        "prot": 0.007222012093843922,
        "putien": 0.004047892090300005,
        "yyl": 0.0036044850171501196,
        "zaiton": 0.004413558909892189
    },
    "portion": {
        "1070": 0.03767815422201228,
        "banzhang": 0.10068908075093302,
        "lsy": 0.03842741845102116,
        "lsy_2": 0.08081240166241306,
        "lsy_3": 0.08427089085777638,
        "master": 0.07654448955860514,
        "niu": 0.07997093406412933,
        "prol": 0.07848727109479912,
        "prol2": 0.07885648606885139,
        "prot": 0.12890280603624982,
        "putien": 0.07224920731112915,
        "yyl": 0.06433501176525609,
        "zaiton": 0.07877584815682397
    }
}