{
    "sum": 1.5173459554664697,
    "coin": {
        "1070": 0.017396340287388568,
        "banzhang": 0.03732481218337236,
        "lsy": 0.08220028091564988,
        "lsy_2": 0.16416893196929377,
        "lsy_3": 0.17058837535960192,
        "master": 0.15675992315102133,
        "niu": 0.1038579312244448,
        "prol": 0.1640461234921114,
        "prol2": 0.11071836424847652,
        "prot": 0.02310498160720185,
        "putien": 0.13867262190907167,
        "yyl": 0.09453368338991781,
        "zaiton": 0.15064089515314227,
        "lee": 0.10333269057577572
    },
    "portion": {
        "1070": 0.011464979508935063,
        "banzhang": 0.02459874892004954,
        "lsy": 0.054173723941801706,
        "lsy_2": 0.10819479326903018,
        "lsy_3": 0.11242549844683168,
        "master": 0.10331191946455576,
        "niu": 0.06844710057734744,
        "prol": 0.10811385689671513,
        "prol2": 0.07296843798185691,
        "prot": 0.015227233791979107,
        "putien": 0.09139156525872195,
        "yyl": 0.06230199714794496,
        "zaiton": 0.0992792016945348,
        "lee": 0.06810094309969587
    }
}