{
    "sum": 1.8927535806990186,
    "coin": {
        "1070": 0.0197021108026896,
        "banzhang": 0.03732481218337236,
        "lsy": 0.11390186563990158,
        "lsy_2": 0.21061306715712227,
        "lsy_3": 0.22234899761982688,
        "master": 0.17684325012658494,
        "niu": 0.1338980067128626,
        "prol": 0.19911154328231895,
        "prol2": 0.14918067828836656,
        "prot": 0.02310498160720185,
        "putien": 0.1814533956376931,
        "yyl": 0.10309474325592632,
        "zaiton": 0.19600084754472546,
        "lee": 0.12617528084042598
    },
    "portion": {
        "1070": 0.010409231821615867,
        "banzhang": 0.01971984761459958,
        "lsy": 0.060177862983007084,
        "lsy_2": 0.11127336876010037,
        "lsy_3": 0.11747382220653917,
        "master": 0.09343173455325042,
        "niu": 0.0707424400504435,
        "prol": 0.10519675953210161,
        "prol2": 0.0788167460411155,
        "prot": 0.012207073251801157,
        "putien": 0.09586741638638455,
        "yyl": 0.05446812744522828,
        "zaiton": 0.10355328318667864,
        "lee": 0.06666228616713424
    }
}