{
    "sum": 2.2582967732811032,
    "coin": {
        "lsy": 0.12645737718677977,
        "lsy_2": 0.2699949586345197,
        "lsy_3": 0.2574515787517966,
        "master": 0.20335569599778647,
        "prol": 0.2216031988102114,
        "prol2": 0.17389479528842489,
        "putien": 0.25137193386541956,
        "zaiton": 0.26660949456777394,
        "niu": 0.1430211511516291,
        "lee": 0.13578617888950265,
        "yyl": 0.10309474325592631,
        "1070": 0.04522587309075892,
        "banzhang": 0.037324812183372365,
        "prot": 0.02310498160720185
    },
    "portion": {
        "lsy": 0.05599679310662456,
        "lsy_2": 0.11955689873401412,
        "lsy_3": 0.11400254466012563,
        "master": 0.09004826044290398,
        "prol": 0.09812846629906917,
        "prol2": 0.0770026319595592,
        "putien": 0.11131040740061751,
        "zaiton": 0.11805777598504655,
        "niu": 0.06333142430338426,
        "lee": 0.06012769468390883,
        "yyl": 0.045651547872576054,
        "1070": 0.020026541075489283,
        "banzhang": 0.016527859679462215,
        "prot": 0.010231153797218768
    }
}