{
    "sum": 2.184171343393603,
    "coin": {
        "lsy": 0.12644948485969393,
        "lsy_2": 0.2564865982094952,
        "lsy_3": 0.2564267009154145,
        "master": 0.20335569599778647,
        "prol": 0.2215752526686047,
        "prol2": 0.17383810270322028,
        "putien": 0.22210882810367524,
        "zaiton": 0.23971283665508128,
        "niu": 0.1430211511516291,
        "lee": 0.13578617888950265,
        "yyl": 0.10309474325592631,
        "1070": 0.04188597619299895,
        "banzhang": 0.037324812183372365,
        "prot": 0.02310498160720185
    },
    "portion": {
        "lsy": 0.05789357379958393,
        "lsy_2": 0.11742970577161103,
        "lsy_3": 0.117402282422128,
        "master": 0.09310427801961155,
        "prol": 0.10144591143858593,
        "prol2": 0.07958995672616213,
        "putien": 0.10169020336956672,
        "zaiton": 0.10975001452158661,
        "niu": 0.06548073784788948,
        "lee": 0.06216828148588754,
        "yyl": 0.0472008496804767,
        "1070": 0.01917705601242787,
        "banzhang": 0.017088774786954145,
        "prot": 0.010578374117528275
    }
}