{
    "sum": 2.097107581854016,
    "coin": {
        "lsy": 0.1260867627421448,
        "lsy_2": 0.23816048421012775,
        "lsy_3": 0.24839579333812556,
        "master": 0.2003708199473394,
        "prol": 0.21820448470568882,
        "prol2": 0.17379757036672158,
        "putien": 0.20531452764224253,
        "zaiton": 0.2203384552632875,
        "niu": 0.1430211511516291,
        "lee": 0.12747793381934136,
        "yyl": 0.10309474325592631,
        "1070": 0.03241506162086692,
        "banzhang": 0.037324812183372365,
        "prot": 0.02310498160720185
    },
    "portion": {
        "lsy": 0.06012412707538529,
        "lsy_2": 0.11356617384386845,
        "lsy_3": 0.11844685293566257,
        "master": 0.09554627606190574,
        "prol": 0.10405021020084151,
        "prol2": 0.08287489486498838,
        "putien": 0.09790366952024825,
        "zaiton": 0.10506778820974465,
        "niu": 0.0681992437532397,
        "lee": 0.06078750318886376,
        "yyl": 0.04916044562901349,
        "1070": 0.015457033249676842,
        "banzhang": 0.017798234342548205,
        "prot": 0.011017547124013134
    }
}