{
    "sum": 0.10087041500060948,
    "coin": {
        "1070": 0.0038709908861550594,
        "banzhang": 0.01008476093148975,
        "lsy": 0.004164899200381126,
        "lsy_2": 0.008330545777227085,
        "lsy_3": 0.00863169700119776,
        "master": 0.007980937560457277,
        "niu": 0.008291635651600862,
        "prol": 0.007083471208624679,
        "prol2": 0.007989378418378589,
        "prot": 0.013212543800801908,
        "putien": 0.0072895554583882706,
        "yyl": 0.005751044996261183,
        "zaiton": 0.008188954109645936
    },
    "portion": {
        "1070": 0.03837587945020024,
        "banzhang": 0.09997739110549725,
        "lsy": 0.041289601121953956,
        "lsy_2": 0.08258661151713068,
        "lsy_3": 0.08557213729264032,
        "master": 0.07912069718766454,
        "niu": 0.08220086783176973,
        "prol": 0.07022347641359342,
        "prol2": 0.07920437740174179,
        "prot": 0.13098532211572714,
        "putien": 0.07226653581572184,
        "yyl": 0.0570141899012355,
        "zaiton": 0.08118291284512369
    }
}