{
    "sum": 0.26171079364438243,
    "coin": {
        "1070": 0.006374718520926985,
        "banzhang": 0.02129997852694392,
        "lsy": 0.01341369758148973,
        "lsy_2": 0.023498258717685495,
        "lsy_3": 0.02429357876395576,
        "master": 0.02247482239072543,
        "niu": 0.02259432019179719,
        "prol": 0.021705880139973998,
        "prol2": 0.022445921344722453,
        "prot": 0.02310498160720185,
        "putien": 0.021168190212872178,
        "yyl": 0.017916923549465287,
        "zaiton": 0.02141952209662219
    },
    "portion": {
        "1070": 0.02435787394229171,
        "banzhang": 0.08138746679239654,
        "lsy": 0.05125389516687843,
        "lsy_2": 0.08978712108303555,
        "lsy_3": 0.09282604827130796,
        "master": 0.0858765589212367,
        "niu": 0.0863331614151871,
        "prol": 0.08293842159780523,
        "prol2": 0.08576612768681752,
        "prot": 0.08828440464934487,
        "putien": 0.08088390210468703,
        "yyl": 0.06846077420028439,
        "zaiton": 0.0818442441687271
    }
}