{
    "sum": 1.5663286705870942,
    "coin": {
        "1070": 0.017396340287388568,
        "banzhang": 0.03732481218337236,
        "lsy": 0.08554466540780979,
        "lsy_2": 0.16886196457596084,
        "lsy_3": 0.1754762237214328,
        "master": 0.1617957196494472,
        "niu": 0.10706055945711772,
        "prol": 0.16944412797282973,
        "prol2": 0.1162183023843742,
        "prot": 0.02310498160720185,
        "putien": 0.14363266577517345,
        "yyl": 0.09614696911266173,
        "zaiton": 0.15563345035024378,
        "lee": 0.10868788810208042
    },
    "portion": {
        "1070": 0.011106443120183735,
        "banzhang": 0.023829489228069996,
        "lsy": 0.05461476062731188,
        "lsy_2": 0.10780749133109316,
        "lsy_3": 0.11203026990220416,
        "master": 0.10329614894222847,
        "niu": 0.0683512735657128,
        "prol": 0.10817916517439367,
        "prol2": 0.07419790275613931,
        "prot": 0.014751043022497698,
        "putien": 0.09170020856563699,
        "yyl": 0.06138364885871861,
        "zaiton": 0.09936193678425675,
        "lee": 0.06939021812155288
    }
}