{
    "sum": 2.0164842514491297,
    "coin": {
        "lsy": 0.12155737142106304,
        "lsy_2": 0.22729214259654903,
        "lsy_3": 0.23648636584762775,
        "master": 0.19094738658932542,
        "prol": 0.20986429146962104,
        "prol2": 0.1654856391876691,
        "putien": 0.194963040648149,
        "zaiton": 0.21028929454960404,
        "niu": 0.14277010601970758,
        "lee": 0.126175280840426,
        "yyl": 0.10309474325592631,
        "1070": 0.02712879523288711,
        "banzhang": 0.037324812183372365,
        "prot": 0.02310498160720185
    },
    "portion": {
        "lsy": 0.06028183524553036,
        "lsy_2": 0.11271704325645361,
        "lsy_3": 0.11727657465099407,
        "master": 0.09469321987122024,
        "prol": 0.10407435184222431,
        "prol2": 0.0820664178600672,
        "putien": 0.0966846334197951,
        "zaiton": 0.10428511623558745,
        "niu": 0.07080149816052718,
        "lee": 0.06257191483134629,
        "yyl": 0.05112598483317592,
        "1070": 0.013453512078455968,
        "banzhang": 0.01850984561696884,
        "prot": 0.011458052097653453
    }
}