{
    "sum": 0.7473304558370862,
    "coin": {
        "1070": 0.017396340287388568,
        "banzhang": 0.03732481218337236,
        "lsy": 0.03666900050183738,
        "lsy_2": 0.0733174187794511,
        "lsy_3": 0.07657793373409802,
        "master": 0.07348755560092257,
        "niu": 0.06334569020171428,
        "prol": 0.07006718322930185,
        "prol2": 0.06857606687087721,
        "prot": 0.02310498160720185,
        "putien": 0.05409057080367574,
        "yyl": 0.057173254468365714,
        "zaiton": 0.06854970895104698,
        "lee": 0.02764993861783257
    },
    "portion": {
        "1070": 0.02327797582918375,
        "banzhang": 0.049944187195696134,
        "lsy": 0.04906664811454039,
        "lsy_2": 0.09810575523424657,
        "lsy_3": 0.1024686377170631,
        "master": 0.09833341465872554,
        "niu": 0.0847626236920328,
        "prol": 0.0937566275829338,
        "prol2": 0.09176137053596327,
        "prot": 0.03091668675716142,
        "putien": 0.0723783841287303,
        "yyl": 0.0765033112484702,
        "zaiton": 0.09172610110511864,
        "lee": 0.03699827620013401
    }
}