{
    "sum": 0.012279997996975234,
    "coin": {
        "1070": 0.00045138889895479927,
        "banzhang": 0.0012172700635748276,
        "lsy": 0.0005679360327013253,
        "lsy_2": 0.0009527265695152525,
        "lsy_3": 0.0009360769789800346,
        "master": 0.0009545765240191657,
        "niu": 0.0009749260235622099,
        "prol": 0.0010026753411209064,
        "prol2": 0.0009656762510426443,
        "prot": 0.001633509826955278,
        "putien": 0.0009009278434056854,
        "yyl": 0.0006900330299595907,
        "zaiton": 0.0010322746131835165
    },
    "portion": {
        "1070": 0.036758059656523054,
        "banzhang": 0.0991262428442302,
        "lsy": 0.04624887014160892,
        "lsy_2": 0.07758360952094005,
        "lsy_3": 0.07622777945164208,
        "master": 0.07773425730641761,
        "niu": 0.0793913829466707,
        "prol": 0.08165109972883398,
        "prol2": 0.07863814401928293,
        "prot": 0.13302199457667976,
        "putien": 0.07336547152756855,
        "yyl": 0.05619162398312746,
        "zaiton": 0.08406146429647486
    }
}