{
    "sum": 1.7823255811677938,
    "coin": {
        "1070": 0.017396340287388568,
        "banzhang": 0.03732481218337236,
        "lsy": 0.10462187901517113,
        "lsy_2": 0.19747306335852996,
        "lsy_3": 0.20591530044826928,
        "master": 0.1673375659231708,
        "niu": 0.1283035263008321,
        "prol": 0.18604079909473176,
        "prol2": 0.13458929490419075,
        "prot": 0.02310498160720185,
        "putien": 0.1689531409594316,
        "yyl": 0.10309474325592632,
        "zaiton": 0.18199485298915158,
        "lee": 0.12617528084042598
    },
    "portion": {
        "1070": 0.009760472761654662,
        "banzhang": 0.020941635230818403,
        "lsy": 0.05869964507080802,
        "lsy_2": 0.11079516865215167,
        "lsy_3": 0.11553181002617487,
        "master": 0.09388720427472623,
        "niu": 0.07198658183246555,
        "prol": 0.10438092852420171,
        "prol2": 0.07551330482279606,
        "prot": 0.012963389995257367,
        "putien": 0.09479364642723254,
        "yyl": 0.057842823076341546,
        "zaiton": 0.1021108909124825,
        "lee": 0.070792498392889
    }
}