{
    "sum": 2.36662802726927,
    "coin": {
        "lsy": 0.12645737718677977,
        "lsy_2": 0.2699949586345197,
        "lsy_3": 0.2574515787517966,
        "master": 0.20335569599778647,
        "prol": 0.2216853962665857,
        "prol2": 0.17389479528842489,
        "putien": 0.3080186853052524,
        "zaiton": 0.31821179965973323,
        "niu": 0.1430211511516291,
        "lee": 0.13578617888950265,
        "yyl": 0.10309474325592631,
        "1070": 0.04522587309075892,
        "banzhang": 0.037324812183372365,
        "prot": 0.02310498160720185
    },
    "portion": {
        "lsy": 0.05343356696941193,
        "lsy_2": 0.1140842394848391,
        "lsy_3": 0.10878413328386746,
        "master": 0.08592634484787545,
        "prol": 0.09367141507335948,
        "prol2": 0.07347787370247327,
        "putien": 0.1301508651786987,
        "zaiton": 0.13445788522453248,
        "niu": 0.06043245896849022,
        "lee": 0.0573753785237553,
        "yyl": 0.04356187033535727,
        "1070": 0.019109835838014108,
        "banzhang": 0.015771304891727976,
        "prot": 0.009762827677597268
    }
}