{
    "sum": 2.3026415408222958,
    "coin": {
        "lsy": 0.12645737718677977,
        "lsy_2": 0.2699949586345197,
        "lsy_3": 0.2574515787517966,
        "master": 0.20335569599778647,
        "prol": 0.2216031988102114,
        "prol2": 0.17389479528842489,
        "putien": 0.27559461399659135,
        "zaiton": 0.28673158197779436,
        "niu": 0.1430211511516291,
        "lee": 0.13578617888950265,
        "yyl": 0.10309474325592631,
        "1070": 0.04522587309075892,
        "banzhang": 0.037324812183372365,
        "prot": 0.02310498160720185
    },
    "portion": {
        "lsy": 0.05491839478480902,
        "lsy_2": 0.11725444618622745,
        "lsy_3": 0.11180705906133272,
        "master": 0.08831409161721548,
        "prol": 0.09623868712586273,
        "prol2": 0.07551969866153173,
        "putien": 0.11968628599403007,
        "zaiton": 0.12452289116411915,
        "niu": 0.06211177407168415,
        "lee": 0.058969742568360024,
        "yyl": 0.044772380515253875,
        "1070": 0.01964086562713896,
        "banzhang": 0.016209562592205868,
        "prot": 0.010034120030228777
    }
}