{
    "sum": 1.9539140174249172,
    "coin": {
        "lsy": 0.11729262919334212,
        "lsy_2": 0.21883856840446309,
        "lsy_3": 0.230090798373665,
        "master": 0.18338929902999185,
        "prol": 0.20504653451876498,
        "prol2": 0.15666367874671036,
        "putien": 0.18793910037019737,
        "zaiton": 0.2025130681033816,
        "niu": 0.1393098412301998,
        "lee": 0.126175280840426,
        "yyl": 0.10309474325592631,
        "1070": 0.023130681567274675,
        "banzhang": 0.037324812183372365,
        "prot": 0.02310498160720185
    },
    "portion": {
        "lsy": 0.06002957558384439,
        "lsy_2": 0.11200010156683998,
        "lsy_3": 0.1177589168825883,
        "master": 0.09385740487786788,
        "prol": 0.10494143175706261,
        "prol2": 0.08017941288592575,
        "putien": 0.09618596248052112,
        "zaiton": 0.10364482075330807,
        "niu": 0.07129783602954935,
        "lee": 0.06457565671529071,
        "yyl": 0.05276319343457902,
        "1070": 0.01183812663249063,
        "banzhang": 0.0191025868336638,
        "prot": 0.011824973566468467
    }
}