{
    "sum": 1.6138534344815556,
    "coin": {
        "1070": 0.017396340287388568,
        "banzhang": 0.03732481218337236,
        "lsy": 0.08859942016823877,
        "lsy_2": 0.17232191216333878,
        "lsy_3": 0.17870821670794643,
        "master": 0.16543764349041734,
        "niu": 0.11184789743235822,
        "prol": 0.17464168230138852,
        "prol2": 0.12160418459191023,
        "prot": 0.02310498160720185,
        "putien": 0.14839905790332003,
        "yyl": 0.09975859609347941,
        "zaiton": 0.1605136973290148,
        "lee": 0.11419499222218014
    },
    "portion": {
        "1070": 0.010779380528428889,
        "banzhang": 0.023127758311809035,
        "lsy": 0.05489929771516148,
        "lsy_2": 0.10677668026198213,
        "lsy_3": 0.11073385779010085,
        "master": 0.10251094675370169,
        "niu": 0.06930486687490858,
        "prol": 0.1082140909267213,
        "prol2": 0.07535020342846382,
        "prot": 0.014316654234852646,
        "putien": 0.09195324354283305,
        "yyl": 0.061813913185695506,
        "zaiton": 0.09945989759632616,
        "lee": 0.07075920884901475
    }
}