{
    "sum": 1.6179956697113618,
    "coin": {
        "1070": 0.017396340287388568,
        "banzhang": 0.03732481218337236,
        "lsy": 0.08889393432488626,
        "lsy_2": 0.17290646117387107,
        "lsy_3": 0.17870821670794643,
        "master": 0.16543764349041734,
        "niu": 0.11239885167217026,
        "prol": 0.1752295907889928,
        "prol2": 0.1221584983087943,
        "prot": 0.02310498160720185,
        "putien": 0.14890633894119576,
        "yyl": 0.09975859609347941,
        "zaiton": 0.16101089993567444,
        "lee": 0.11476050419597096
    },
    "portion": {
        "1070": 0.010751784206253126,
        "banzhang": 0.023068548873206085,
        "lsy": 0.05494077393961399,
        "lsy_2": 0.10686460069742726,
        "lsy_3": 0.1104503677317175,
        "master": 0.10224850819281252,
        "niu": 0.06946795580251544,
        "prol": 0.10830040776329918,
        "prol2": 0.07549989199327489,
        "prot": 0.014280002128388642,
        "putien": 0.09203135813568619,
        "yyl": 0.061655663214028,
        "zaiton": 0.09951256542262414,
        "lee": 0.07092757189915308
    }
}