{
    "sum": 2.338942914190777,
    "coin": {
        "lsy": 0.12645737718677977,
        "lsy_2": 0.2699949586345197,
        "lsy_3": 0.2574515787517966,
        "master": 0.20335569599778647,
        "prol": 0.2216853962665857,
        "prol2": 0.17389479528842489,
        "putien": 0.2941442536947825,
        "zaiton": 0.3044011181917104,
        "niu": 0.1430211511516291,
        "lee": 0.13578617888950265,
        "yyl": 0.10309474325592631,
        "1070": 0.04522587309075892,
        "banzhang": 0.037324812183372365,
        "prot": 0.02310498160720185
    },
    "portion": {
        "lsy": 0.05406603830283359,
        "lsy_2": 0.11543460808573519,
        "lsy_3": 0.11007176668989768,
        "master": 0.08694341993726815,
        "prol": 0.09478016539932697,
        "prol2": 0.07434760131740482,
        "putien": 0.12575948387203367,
        "zaiton": 0.13014474032044793,
        "niu": 0.06114777333123211,
        "lee": 0.058054507472441536,
        "yyl": 0.04407749442298588,
        "1070": 0.019336031168766716,
        "banzhang": 0.01595798339365881,
        "prot": 0.009878386285966996
    }
}