{
    "sum": 1.445921478355202,
    "coin": {
        "1070": 0.017396340287388568,
        "banzhang": 0.03732481218337236,
        "lsy": 0.07729331057683637,
        "lsy_2": 0.15557834518292885,
        "lsy_3": 0.161526494960892,
        "master": 0.14861942028420436,
        "niu": 0.10128925819096928,
        "prol": 0.1569758200070626,
        "prol2": 0.10445602734314656,
        "prot": 0.02310498160720185,
        "putien": 0.13078340623486545,
        "yyl": 0.09269349984376611,
        "zaiton": 0.14272351268217323,
        "lee": 0.09615624897039438
    },
    "portion": {
        "1070": 0.012031317431689068,
        "banzhang": 0.025813858319492525,
        "lsy": 0.05345609131192992,
        "lsy_2": 0.10759805944642716,
        "lsy_3": 0.11171180273539844,
        "master": 0.10278526359070712,
        "niu": 0.07005170039122054,
        "prol": 0.10856455371672696,
        "prol2": 0.07224183948216178,
        "prot": 0.015979416554130425,
        "putien": 0.09044986757070461,
        "yyl": 0.06410686972380338,
        "zaiton": 0.09870765101610317,
        "lee": 0.06650170870950493
    }
}