{
    "sum": 2.286776246038793,
    "coin": {
        "lsy": 0.12645737718677977,
        "lsy_2": 0.2699949586345197,
        "lsy_3": 0.2574515787517966,
        "master": 0.20335569599778647,
        "prol": 0.2216031988102114,
        "prol2": 0.17389479528842489,
        "putien": 0.26700277368930675,
        "zaiton": 0.2794581275015764,
        "niu": 0.1430211511516291,
        "lee": 0.13578617888950265,
        "yyl": 0.10309474325592631,
        "1070": 0.04522587309075892,
        "banzhang": 0.037324812183372365,
        "prot": 0.02310498160720185
    },
    "portion": {
        "lsy": 0.05529940999073791,
        "lsy_2": 0.118067939135808,
        "lsy_3": 0.11258275889377467,
        "master": 0.08892680092774444,
        "prol": 0.09690637603660507,
        "prol2": 0.0760436424812657,
        "putien": 0.11675946614882639,
        "zaiton": 0.12220615286942055,
        "niu": 0.06254269581441284,
        "lee": 0.05937886538952581,
        "yyl": 0.04508300426616265,
        "1070": 0.01977713087106805,
        "banzhang": 0.016322021994074527,
        "prot": 0.010103735180573455
    }
}