{
    "sum": 0.48398296003888747,
    "coin": {
        "1070": 0.014188812994509399,
        "banzhang": 0.03732481218337236,
        "lsy": 0.026702860979190637,
        "lsy_2": 0.04453243968063353,
        "lsy_3": 0.04605399499177295,
        "master": 0.04328821086774474,
        "niu": 0.0450686260506694,
        "prol": 0.044157887271915566,
        "prol2": 0.043591744271232885,
        "prot": 0.02310498160720185,
        "putien": 0.03480396896282737,
        "yyl": 0.03391942896571772,
        "zaiton": 0.04033867338162339,
        "lee": 0.006906517830475666
    },
    "portion": {
        "1070": 0.02931676146897681,
        "banzhang": 0.07712009567521418,
        "lsy": 0.055173142825204205,
        "lsy_2": 0.09201241233173871,
        "lsy_3": 0.09515623233527182,
        "master": 0.08944160113460727,
        "niu": 0.09312027441430622,
        "prol": 0.09123851647249633,
        "prol2": 0.09006875834581106,
        "prot": 0.0477392460373923,
        "putien": 0.07191155853923227,
        "yyl": 0.07008393221734983,
        "zaiton": 0.08334730086030762,
        "lee": 0.014270167342091414
    }
}