{
    "sum": 2.222074808304501,
    "coin": {
        "lsy": 0.12644948485969393,
        "lsy_2": 0.26755656881754514,
        "lsy_3": 0.25715658243741574,
        "master": 0.20335569599778647,
        "prol": 0.2215752526686047,
        "prol2": 0.17389479528842489,
        "putien": 0.2338391174991877,
        "zaiton": 0.2506895705574517,
        "niu": 0.1430211511516291,
        "lee": 0.13578617888950265,
        "yyl": 0.10309474325592631,
        "1070": 0.04522587309075892,
        "banzhang": 0.037324812183372365,
        "prot": 0.02310498160720185
    },
    "portion": {
        "lsy": 0.05690604312110358,
        "lsy_2": 0.12040844341406197,
        "lsy_3": 0.11572813906910391,
        "master": 0.09151613403733781,
        "prol": 0.0997154784530734,
        "prol2": 0.07825784921305641,
        "putien": 0.1052345837436557,
        "zaiton": 0.11281779066148279,
        "niu": 0.0643637876713781,
        "lee": 0.0611078341656332,
        "yyl": 0.04639571218333112,
        "1070": 0.020352993032339624,
        "banzhang": 0.0167972797512844,
        "prot": 0.01039793148315809
    }
}