{
    "sum": 2.1827297267229424,
    "coin": {
        "lsy": 0.12644948485969393,
        "lsy_2": 0.25613735151729106,
        "lsy_3": 0.25620638505075827,
        "master": 0.20335569599778647,
        "prol": 0.2215752526686047,
        "prol2": 0.17383810270322028,
        "putien": 0.22175745617804996,
        "zaiton": 0.23935438061805223,
        "niu": 0.1430211511516291,
        "lee": 0.13578617888950265,
        "yyl": 0.10309474325592631,
        "1070": 0.04172375004185341,
        "banzhang": 0.037324812183372365,
        "prot": 0.02310498160720185
    },
    "portion": {
        "lsy": 0.05793181048097045,
        "lsy_2": 0.11734725943456352,
        "lsy_3": 0.1173788865905151,
        "master": 0.09316577014007871,
        "prol": 0.10151291291628138,
        "prol2": 0.07964252310991037,
        "putien": 0.10159638798294426,
        "zaiton": 0.10965827682999889,
        "niu": 0.06552398558586316,
        "lee": 0.062209341462246104,
        "yyl": 0.04723202419142766,
        "1070": 0.019115399186181273,
        "banzhang": 0.01710006132523345,
        "prot": 0.01058536076378576
    }
}