{
    "sum": 0.4032769726695288,
    "coin": {
        "1070": 0.011333144671377082,
        "banzhang": 0.035496663846563976,
        "lsy": 0.021983447062967284,
        "lsy_2": 0.036258410775819754,
        "lsy_3": 0.0376484932918036,
        "master": 0.03592977064747295,
        "niu": 0.03684980093496638,
        "prol": 0.036020170389816974,
        "prol2": 0.03659215569950677,
        "prot": 0.02310498160720185,
        "putien": 0.030195217261855024,
        "yyl": 0.02738840515706852,
        "zaiton": 0.03447631132310856
    },
    "portion": {
        "1070": 0.0281026327795418,
        "banzhang": 0.08802055721552998,
        "lsy": 0.05451203156343355,
        "lsy_2": 0.0899094499142956,
        "lsy_3": 0.0933564171606079,
        "master": 0.08909452580352542,
        "niu": 0.09137591142642178,
        "prol": 0.0893186887200084,
        "prol2": 0.09073703231127146,
        "prot": 0.05729308433917343,
        "putien": 0.07487463780035598,
        "yyl": 0.06791462695171625,
        "zaiton": 0.08549040401411831
    }
}