{
    "sum": 2.149131796866724,
    "coin": {
        "lsy": 0.12628488061016963,
        "lsy_2": 0.24810503936659792,
        "lsy_3": 0.25478600957290404,
        "master": 0.20335569599778647,
        "prol": 0.22053674885661656,
        "prol2": 0.17383810270322028,
        "putien": 0.21371352978625274,
        "zaiton": 0.2295068183935581,
        "niu": 0.1430211511516291,
        "lee": 0.13578617888950265,
        "yyl": 0.10309474325592631,
        "1070": 0.036673104491986186,
        "banzhang": 0.037324812183372365,
        "prot": 0.02310498160720185
    },
    "portion": {
        "lsy": 0.05876088232200728,
        "lsy_2": 0.1154443109204921,
        "lsy_3": 0.1185529942576641,
        "master": 0.09462225457473764,
        "prol": 0.10261667021917545,
        "prol2": 0.08088759514733505,
        "putien": 0.09944179789151664,
        "zaiton": 0.1067904810343238,
        "niu": 0.0665483388967319,
        "lee": 0.0631818760894371,
        "yyl": 0.04797041456751553,
        "1070": 0.017064148669454743,
        "banzhang": 0.017367390979831577,
        "prot": 0.010750844429777279
    }
}