{
    "sum": 1.7285851345982517,
    "coin": {
        "1070": 0.017396340287388568,
        "banzhang": 0.03732481218337236,
        "lsy": 0.09772610088153641,
        "lsy_2": 0.18529981017938274,
        "lsy_3": 0.1927229921051093,
        "master": 0.1673375659231708,
        "niu": 0.1283035263008321,
        "prol": 0.18604079909473176,
        "prol2": 0.13271621278489726,
        "prot": 0.02310498160720185,
        "putien": 0.15964194154942934,
        "yyl": 0.10309474325592632,
        "zaiton": 0.17170002760484687,
        "lee": 0.12617528084042598
    },
    "portion": {
        "1070": 0.010063918715482723,
        "banzhang": 0.021592695341584773,
        "lsy": 0.05653531256604805,
        "lsy_2": 0.10719738731436511,
        "lsy_3": 0.11149175603080777,
        "master": 0.09680608873340942,
        "niu": 0.07422459196992441,
        "prol": 0.10762605518875433,
        "prol2": 0.07677736556246761,
        "prot": 0.013366412301452416,
        "putien": 0.09235410993311154,
        "yyl": 0.05964111410681953,
        "zaiton": 0.0993298068855327,
        "lee": 0.07299338535023961
    }
}