{
    "sum": 2.1652659835773234,
    "coin": {
        "lsy": 0.12637936791881751,
        "lsy_2": 0.2505398405241675,
        "lsy_3": 0.2549503353270743,
        "master": 0.20335569599778647,
        "prol": 0.2215752526686047,
        "prol2": 0.17383810270322028,
        "putien": 0.2185139064368046,
        "zaiton": 0.23456413068909007,
        "niu": 0.1430211511516291,
        "lee": 0.13578617888950265,
        "yyl": 0.10309474325592631,
        "1070": 0.03921748422412567,
        "banzhang": 0.037324812183372365,
        "prot": 0.02310498160720185
    },
    "portion": {
        "lsy": 0.05836667128997291,
        "lsy_2": 0.11570857456978127,
        "lsy_3": 0.11774550436794862,
        "master": 0.09391718963866708,
        "prol": 0.10233165548674591,
        "prol2": 0.08028487216892187,
        "putien": 0.1009178124508237,
        "zaiton": 0.10833040026868071,
        "niu": 0.06605246294745651,
        "lee": 0.06271108488259018,
        "yyl": 0.047612969509454595,
        "1070": 0.018112086238630545,
        "banzhang": 0.01723798021419361,
        "prot": 0.01067073596613252
    }
}