{
    "sum": 1.0530086183290814,
    "coin": {
        "1070": 0.017396340287388568,
        "banzhang": 0.03732481218337236,
        "lsy": 0.05190771576367621,
        "lsy_2": 0.1103205494637121,
        "lsy_3": 0.11478225604142273,
        "master": 0.10644295752538252,
        "niu": 0.07771167150355414,
        "prol": 0.10609406825850738,
        "prol2": 0.08502751317262705,
        "prot": 0.02310498160720185,
        "putien": 0.08618366289088711,
        "yyl": 0.08301032952166298,
        "zaiton": 0.09406386214191871,
        "lee": 0.059637897967767674
    },
    "portion": {
        "1070": 0.01652060579997261,
        "banzhang": 0.035445875307838916,
        "lsy": 0.04929467324402681,
        "lsy_2": 0.1047669957713824,
        "lsy_3": 0.10900409934304213,
        "master": 0.10108460241691722,
        "niu": 0.07379965382132138,
        "prol": 0.10075327629023388,
        "prol2": 0.08074721487802167,
        "prot": 0.02194187322404344,
        "putien": 0.08184516383887125,
        "yyl": 0.07883157656713592,
        "zaiton": 0.08932867262870046,
        "lee": 0.05663571686849187
    }
}