{
    "sum": 2.2949620085576234,
    "coin": {
        "lsy": 0.12645737718677977,
        "lsy_2": 0.2699949586345197,
        "lsy_3": 0.2574515787517966,
        "master": 0.20335569599778647,
        "prol": 0.2216031988102114,
        "prol2": 0.17389479528842489,
        "putien": 0.27120513041929534,
        "zaiton": 0.2834415332904181,
        "niu": 0.1430211511516291,
        "lee": 0.13578617888950265,
        "yyl": 0.10309474325592631,
        "1070": 0.04522587309075892,
        "banzhang": 0.037324812183372365,
        "prot": 0.02310498160720185
    },
    "portion": {
        "lsy": 0.0551021658377072,
        "lsy_2": 0.11764680967603935,
        "lsy_3": 0.112181194194846,
        "master": 0.08860961324827983,
        "prol": 0.09656072648866564,
        "prol2": 0.07577240696795554,
        "putien": 0.11817412637246529,
        "zaiton": 0.12350598059292503,
        "niu": 0.06231961601905448,
        "lee": 0.05916707047139479,
        "yyl": 0.04492220039874256,
        "1070": 0.019706589007625116,
        "banzhang": 0.01626380395152201,
        "prot": 0.010067696772777194
    }
}