{
    "sum": 1.5263185649010629,
    "coin": {
        "1070": 0.017396340287388568,
        "banzhang": 0.03732481218337236,
        "lsy": 0.08285957515654434,
        "lsy_2": 0.1652600816758862,
        "lsy_3": 0.1717223875849226,
        "master": 0.15769413987464764,
        "niu": 0.1038579312244448,
        "prol": 0.1651439901806093,
        "prol2": 0.11180854607468962,
        "prot": 0.02310498160720185,
        "putien": 0.13967898195642758,
        "yyl": 0.09453368338991781,
        "zaiton": 0.15158011131100496,
        "lee": 0.10435300239400526
    },
    "portion": {
        "1070": 0.011397581532080894,
        "banzhang": 0.024454142825545585,
        "lsy": 0.054287209146221295,
        "lsy_2": 0.1082736497322225,
        "lsy_3": 0.11250756659443094,
        "master": 0.10331666239339066,
        "niu": 0.06804472776047046,
        "prol": 0.10819758992534698,
        "prol2": 0.0732537418110597,
        "prot": 0.01513771904405784,
        "putien": 0.0915136493576501,
        "yyl": 0.06193574890838437,
        "zaiton": 0.09931092682531219,
        "lee": 0.06836908414382649
    }
}