{
    "sum": 1.1695032216662082,
    "coin": {
        "1070": 0.017396340287388568,
        "banzhang": 0.03732481218337236,
        "lsy": 0.05909748706732617,
        "lsy_2": 0.12176697667194297,
        "lsy_3": 0.12934849404419604,
        "master": 0.11908851497089169,
        "niu": 0.08737161330061899,
        "prol": 0.12096523075557444,
        "prol2": 0.08502751317262705,
        "prot": 0.02310498160720185,
        "putien": 0.09915000584076414,
        "yyl": 0.0878759056258629,
        "zaiton": 0.10807135553524572,
        "lee": 0.07391399060319541
    },
    "portion": {
        "1070": 0.014874982783376817,
        "banzhang": 0.031915099926099526,
        "lsy": 0.050532128490530466,
        "lsy_2": 0.10411854744483713,
        "lsy_3": 0.11060122934925426,
        "master": 0.10182829150416922,
        "niu": 0.07470831348043606,
        "prol": 0.10343300344502987,
        "prol2": 0.07270395805450379,
        "prot": 0.019756235963406622,
        "putien": 0.0847795918847523,
        "yyl": 0.07513951564893068,
        "zaiton": 0.09240791605625069,
        "lee": 0.06320118596842263
    }
}