{
    "sum": 2.2186994222312864,
    "coin": {
        "lsy": 0.12644948485969393,
        "lsy_2": 0.266856131549798,
        "lsy_3": 0.25715658243741574,
        "master": 0.20335569599778647,
        "prol": 0.2215752526686047,
        "prol2": 0.17389479528842489,
        "putien": 0.23241034632173138,
        "zaiton": 0.24944339292944023,
        "niu": 0.1430211511516291,
        "lee": 0.13578617888950265,
        "yyl": 0.10309474325592631,
        "1070": 0.04522587309075892,
        "banzhang": 0.037324812183372365,
        "prot": 0.02310498160720185
    },
    "portion": {
        "lsy": 0.056992616301548,
        "lsy_2": 0.12027592781424531,
        "lsy_3": 0.1159042003890731,
        "master": 0.0916553607758536,
        "prol": 0.09986717914487597,
        "prol2": 0.07837690565292688,
        "putien": 0.10475071295957816,
        "zaiton": 0.11242775403915764,
        "niu": 0.06446170658294785,
        "lee": 0.061200799679726844,
        "yyl": 0.04646629562477945,
        "1070": 0.020383956762054987,
        "banzhang": 0.01682283404835244,
        "prot": 0.01041375022487985
    }
}