{
    "sum": 0.1890828307696878,
    "coin": {
        "1070": 0.006374718520926985,
        "banzhang": 0.018677562700710127,
        "lsy": 0.008557150232837688,
        "lsy_2": 0.0156474776985589,
        "lsy_3": 0.01621980376526384,
        "master": 0.01500383533224747,
        "niu": 0.015222299999999103,
        "prol": 0.014218918185559391,
        "prol2": 0.01525904839878681,
        "prot": 0.02310498160720185,
        "putien": 0.013921979002570872,
        "yyl": 0.011525587817458884,
        "zaiton": 0.015349467507565885
    },
    "portion": {
        "1070": 0.033713894037749555,
        "banzhang": 0.09877979203442495,
        "lsy": 0.04525609331108819,
        "lsy_2": 0.08275461941660002,
        "lsy_3": 0.0857814731207423,
        "master": 0.07935059609152394,
        "niu": 0.08050598744494478,
        "prol": 0.07519941460406172,
        "prol2": 0.08070033824156718,
        "prot": 0.12219502697918067,
        "putien": 0.07362899606431494,
        "yyl": 0.06095523200357423,
        "zaiton": 0.08117853665022762
    }
}