{
    "sum": 0.4621176473142591,
    "coin": {
        "1070": 0.013227998999045452,
        "banzhang": 0.03732481218337236,
        "lsy": 0.02558773897592761,
        "lsy_2": 0.04252932874651955,
        "lsy_3": 0.043989230364565486,
        "master": 0.04122798337243338,
        "niu": 0.04307186561014442,
        "prol": 0.04219352184615272,
        "prol2": 0.04166369466261268,
        "prot": 0.02310498160720185,
        "putien": 0.032908021825667495,
        "yyl": 0.03217545248755327,
        "zaiton": 0.03826461354986103,
        "lee": 0.004848403083201776
    },
    "portion": {
        "1070": 0.02862474323567623,
        "banzhang": 0.08076906908943458,
        "lsy": 0.05537061638878917,
        "lsy_2": 0.09203138852993825,
        "lsy_3": 0.0951905442698902,
        "master": 0.0892153407515222,
        "niu": 0.09320541178306002,
        "prol": 0.09130471881213267,
        "prol2": 0.09015819868545216,
        "prot": 0.04999805080261198,
        "putien": 0.07121135065263734,
        "yyl": 0.06962610641370429,
        "zaiton": 0.08280275330805428,
        "lee": 0.010491707277096607
    }
}