{
    "sum": 1.9201934721577854,
    "coin": {
        "1070": 0.021330698910875905,
        "banzhang": 0.03732481218337236,
        "lsy": 0.11597734214429575,
        "lsy_2": 0.214053837115526,
        "lsy_3": 0.22593799354921312,
        "master": 0.17988991888040168,
        "niu": 0.1355497383572502,
        "prol": 0.20175976434086212,
        "prol2": 0.15264846397337123,
        "prot": 0.02310498160720185,
        "putien": 0.18434332204431217,
        "yyl": 0.10309474325592632,
        "zaiton": 0.19900257495475054,
        "lee": 0.12617528084042598
    },
    "portion": {
        "1070": 0.011108619636596248,
        "banzhang": 0.01943804763664217,
        "lsy": 0.06039877951150836,
        "lsy_2": 0.11147514051018337,
        "lsy_3": 0.11766418166983927,
        "master": 0.09368322592944417,
        "niu": 0.07059170876408014,
        "prol": 0.10507262276760995,
        "prol2": 0.07949639772592033,
        "prot": 0.01203263209786773,
        "putien": 0.09600247304098969,
        "yyl": 0.05368976863569655,
        "zaiton": 0.10363673131912313,
        "lee": 0.06570967075449882
    }
}