{
    "sum": 2.350432372191585,
    "coin": {
        "lsy": 0.12645737718677977,
        "lsy_2": 0.2699949586345197,
        "lsy_3": 0.2574515787517966,
        "master": 0.20335569599778647,
        "prol": 0.2216853962665857,
        "prol2": 0.17389479528842489,
        "putien": 0.3005510188071267,
        "zaiton": 0.3094838110801739,
        "niu": 0.1430211511516291,
        "lee": 0.13578617888950265,
        "yyl": 0.10309474325592631,
        "1070": 0.04522587309075892,
        "banzhang": 0.037324812183372365,
        "prot": 0.02310498160720185
    },
    "portion": {
        "lsy": 0.05380175098119017,
        "lsy_2": 0.11487033697666936,
        "lsy_3": 0.1095337103920774,
        "master": 0.08651842035692096,
        "prol": 0.09431685799148617,
        "prol2": 0.07398417301676384,
        "putien": 0.1278705238929668,
        "zaiton": 0.1316710128492681,
        "niu": 0.060848868848021195,
        "lee": 0.05777072358941907,
        "yyl": 0.04386203341804679,
        "1070": 0.01924151216849924,
        "banzhang": 0.015879977073567125,
        "prot": 0.009830098445103679
    }
}