{
    "sum": 1.734261162930501,
    "coin": {
        "1070": 0.017396340287388568,
        "banzhang": 0.03732481218337236,
        "lsy": 0.09858405445857357,
        "lsy_2": 0.18658084832853278,
        "lsy_3": 0.19414082256815388,
        "master": 0.1673375659231708,
        "niu": 0.1283035263008321,
        "prol": 0.18604079909473176,
        "prol2": 0.13271621278489726,
        "prot": 0.02310498160720185,
        "putien": 0.16070701500495885,
        "yyl": 0.10309474325592632,
        "zaiton": 0.17275416029233487,
        "lee": 0.12617528084042598
    },
    "portion": {
        "1070": 0.010030980719185782,
        "banzhang": 0.021522025045121834,
        "lsy": 0.05684498769031377,
        "lsy_2": 0.10758520822391837,
        "lsy_3": 0.11194439840888826,
        "master": 0.09648925404084409,
        "niu": 0.07398166380202435,
        "prol": 0.10727380804651461,
        "prol2": 0.07652608247343641,
        "prot": 0.013322665640600386,
        "putien": 0.09266598274818143,
        "yyl": 0.059445915909066435,
        "zaiton": 0.09961254047828658,
        "lee": 0.0727544867736177
    }
}