{
    "sum": 0.7593026412877807,
    "coin": {
        "1070": 0.017396340287388568,
        "banzhang": 0.03732481218337236,
        "lsy": 0.03666900050183738,
        "lsy_2": 0.07487187990617285,
        "lsy_3": 0.07817321371340923,
        "master": 0.07502022839455592,
        "niu": 0.06491346889180961,
        "prol": 0.07083225852537278,
        "prol2": 0.06932006714412806,
        "prot": 0.02310498160720185,
        "putien": 0.055185687466260874,
        "yyl": 0.058401712284477755,
        "zaiton": 0.06977398880701599,
        "lee": 0.02831500157477739
    },
    "portion": {
        "1070": 0.022910943991824258,
        "banzhang": 0.04915670004791411,
        "lsy": 0.048292997426752776,
        "lsy_2": 0.09860611017918995,
        "lsy_3": 0.10295395993990894,
        "master": 0.09880148482997672,
        "niu": 0.08549090357662405,
        "prol": 0.09328593721897366,
        "prol2": 0.09129438431369198,
        "prot": 0.030429212741859685,
        "putien": 0.07267943566305222,
        "yyl": 0.07691493366258834,
        "zaiton": 0.09189219820002073,
        "lee": 0.03729079820762249
    }
}