{
    "sum": 1.8892095504972248,
    "coin": {
        "1070": 0.019486777322074298,
        "banzhang": 0.03732481218337236,
        "lsy": 0.11364256824032733,
        "lsy_2": 0.21016535296200964,
        "lsy_3": 0.22186898340262193,
        "master": 0.1764224526165492,
        "niu": 0.1338980067128626,
        "prol": 0.19864498740765246,
        "prol2": 0.14872488908773085,
        "prot": 0.02310498160720185,
        "putien": 0.18108015093795993,
        "yyl": 0.10309474325592632,
        "zaiton": 0.19557556392051026,
        "lee": 0.12617528084042598
    },
    "portion": {
        "1070": 0.010314778112859706,
        "banzhang": 0.019756840723967738,
        "lsy": 0.06015350081753372,
        "lsy_2": 0.11124512519360057,
        "lsy_3": 0.11744011316490952,
        "master": 0.09338426887060582,
        "niu": 0.07087514811558183,
        "prol": 0.1051471433411771,
        "prol2": 0.07872334175347973,
        "prot": 0.012229972901164302,
        "putien": 0.095849690623415,
        "yyl": 0.054570305993208966,
        "zaiton": 0.10352243025080851,
        "lee": 0.06678734013768756
    }
}