{
    "sum": 0.3053698281851927,
    "coin": {
        "1070": 0.006755053801413252,
        "banzhang": 0.025936744129541774,
        "lsy": 0.015896787154663673,
        "lsy_2": 0.028011488608177162,
        "lsy_3": 0.02889114705427711,
        "master": 0.02684808160271643,
        "niu": 0.026972463042317634,
        "prol": 0.025958350390049668,
        "prol2": 0.026837288742230386,
        "prot": 0.02310498160720185,
        "putien": 0.024412302955123404,
        "yyl": 0.020856418295231816,
        "zaiton": 0.024888720802248535
    },
    "portion": {
        "1070": 0.02212089465930021,
        "banzhang": 0.0849355166608416,
        "lsy": 0.052057491236570386,
        "lsy_2": 0.09172971925435111,
        "lsy_3": 0.09461035239131733,
        "master": 0.0879198896704173,
        "niu": 0.08832720377980526,
        "prol": 0.08500627106587337,
        "prol2": 0.08788454609849278,
        "prot": 0.07566229363429365,
        "putien": 0.07994340207153167,
        "yyl": 0.06829888342008485,
        "zaiton": 0.08150353605712046
    }
}