{
    "sum": 2.3563789636550174,
    "coin": {
        "lsy": 0.12645737718677977,
        "lsy_2": 0.2699949586345197,
        "lsy_3": 0.2574515787517966,
        "master": 0.20335569599778647,
        "prol": 0.2216853962665857,
        "prol2": 0.17389479528842489,
        "putien": 0.30371366616842144,
        "zaiton": 0.3122677551823116,
        "niu": 0.1430211511516291,
        "lee": 0.13578617888950265,
        "yyl": 0.10309474325592631,
        "1070": 0.04522587309075892,
        "banzhang": 0.037324812183372365,
        "prot": 0.02310498160720185
    },
    "portion": {
        "lsy": 0.05366597611728365,
        "lsy_2": 0.11458044856067047,
        "lsy_3": 0.10925728956282112,
        "master": 0.08630008124090455,
        "prol": 0.09407883862735131,
        "prol2": 0.07379746550558823,
        "putien": 0.12888999216718786,
        "zaiton": 0.13252017608320016,
        "niu": 0.06069530977724682,
        "lee": 0.05762493256979451,
        "yyl": 0.043751342566738245,
        "1070": 0.01919295401475166,
        "banzhang": 0.015839902137590487,
        "prot": 0.009805291068870918
    }
}