{
    "sum": 2.356919151185906,
    "coin": {
        "lsy": 0.12645737718677977,
        "lsy_2": 0.2699949586345197,
        "lsy_3": 0.2574515787517966,
        "master": 0.20335569599778647,
        "prol": 0.2216853962665857,
        "prol2": 0.17389479528842489,
        "putien": 0.30399477234061145,
        "zaiton": 0.31252683654101043,
        "niu": 0.1430211511516291,
        "lee": 0.13578617888950265,
        "yyl": 0.10309474325592631,
        "1070": 0.04522587309075892,
        "banzhang": 0.037324812183372365,
        "prot": 0.02310498160720185
    },
    "portion": {
        "lsy": 0.053653676293118305,
        "lsy_2": 0.11455418761338047,
        "lsy_3": 0.10923224864215533,
        "master": 0.0862803019337622,
        "prol": 0.09405727648954043,
        "prol2": 0.07378055170069286,
        "putien": 0.1289797200670433,
        "zaiton": 0.13259972722601013,
        "niu": 0.06068139888449999,
        "lee": 0.05761172538361384,
        "yyl": 0.04374131509943955,
        "1070": 0.019188555139026765,
        "banzhang": 0.01583627175526663,
        "prot": 0.009803043772450304
    }
}