{
    "sum": 2.2356172249313024,
    "coin": {
        "lsy": 0.12644948485969393,
        "lsy_2": 0.2699949586345197,
        "lsy_3": 0.25715658243741574,
        "master": 0.20335569599778647,
        "prol": 0.2215752526686047,
        "prol2": 0.17389479528842489,
        "putien": 0.23963439950788026,
        "zaiton": 0.2559983153585855,
        "niu": 0.1430211511516291,
        "lee": 0.13578617888950265,
        "yyl": 0.10309474325592631,
        "1070": 0.04522587309075892,
        "banzhang": 0.037324812183372365,
        "prot": 0.02310498160720185
    },
    "portion": {
        "lsy": 0.05656133055764032,
        "lsy_2": 0.12076976130957137,
        "lsy_3": 0.11502710731051816,
        "master": 0.09096176828930781,
        "prol": 0.09911144457003968,
        "prol2": 0.07778379650557955,
        "putien": 0.1071893689293094,
        "zaiton": 0.11450901008621993,
        "niu": 0.06397389926892515,
        "lee": 0.060737668942265004,
        "yyl": 0.0461146667265879,
        "1070": 0.020229703272280276,
        "banzhang": 0.016695528987311012,
        "prot": 0.010334945244444445
    }
}