{
    "sum": 0.7147844859122016,
    "coin": {
        "1070": 0.017396340287388568,
        "banzhang": 0.03732481218337236,
        "lsy": 0.03666900050183738,
        "lsy_2": 0.06920392172413953,
        "lsy_3": 0.07233183008950991,
        "master": 0.06903699765350609,
        "niu": 0.05934855113464832,
        "prol": 0.06823856746909784,
        "prol2": 0.06683768360626334,
        "prot": 0.02310498160720185,
        "putien": 0.05045734696092377,
        "yyl": 0.05466791418759592,
        "zaiton": 0.06438041753969607,
        "lee": 0.02578612096702063
    },
    "portion": {
        "1070": 0.024337881739539314,
        "banzhang": 0.05221827406583785,
        "lsy": 0.05130077838083003,
        "lsy_2": 0.09681788439465373,
        "lsy_3": 0.10119390042048923,
        "master": 0.09658435376559928,
        "niu": 0.08302999338172293,
        "prol": 0.09546733150204344,
        "prol2": 0.09350746263185285,
        "prot": 0.0323244027571688,
        "putien": 0.07059099344682972,
        "yyl": 0.07648167421796966,
        "zaiton": 0.09006969066701884,
        "lee": 0.036075378628444364
    }
}