{
    "sum": 2.255592256837367,
    "coin": {
        "lsy": 0.12645737718677977,
        "lsy_2": 0.2699949586345197,
        "lsy_3": 0.2574515787517966,
        "master": 0.20335569599778647,
        "prol": 0.2215752526686047,
        "prol2": 0.17389479528842489,
        "putien": 0.2498923730302504,
        "zaiton": 0.26541248510081333,
        "niu": 0.1430211511516291,
        "lee": 0.13578617888950265,
        "yyl": 0.10309474325592631,
        "1070": 0.04522587309075892,
        "banzhang": 0.037324812183372365,
        "prot": 0.02310498160720185
    },
    "portion": {
        "lsy": 0.05606393478406838,
        "lsy_2": 0.11970025070625473,
        "lsy_3": 0.1141392368108131,
        "master": 0.09015623075551675,
        "prol": 0.09823373528479919,
        "prol2": 0.07709496020892001,
        "putien": 0.11078791934701528,
        "zaiton": 0.11766864525105086,
        "niu": 0.06340736040305588,
        "lee": 0.0601997894246598,
        "yyl": 0.04570628531970513,
        "1070": 0.020050553442744774,
        "banzhang": 0.01654767703259746,
        "prot": 0.010243421228798698
    }
}