{
    "sum": 1.1988875704281712,
    "coin": {
        "1070": 0.017396340287388568,
        "banzhang": 0.03732481218337236,
        "lsy": 0.061684711488321255,
        "lsy_2": 0.12607305618160775,
        "lsy_3": 0.1339303749452358,
        "master": 0.12268893185259674,
        "niu": 0.0890088053627846,
        "prol": 0.12544733426557494,
        "prol2": 0.08502751317262705,
        "prot": 0.02310498160720185,
        "putien": 0.10307737237090281,
        "yyl": 0.0878759056258629,
        "zaiton": 0.11233344048149899,
        "lee": 0.07391399060319541
    },
    "portion": {
        "1070": 0.014510401739485573,
        "banzhang": 0.031132871091525422,
        "lsy": 0.05145162316287186,
        "lsy_2": 0.10515836454671222,
        "lsy_3": 0.11171220575537692,
        "master": 0.10233564420788813,
        "niu": 0.07424282940142249,
        "prol": 0.10463644578513116,
        "prol2": 0.07092200742581749,
        "prot": 0.019272016973993757,
        "putien": 0.08597751358293731,
        "yyl": 0.07329787028693513,
        "zaiton": 0.09369806081264165,
        "lee": 0.06165214522726075
    }
}