{
    "sum": 0.8078858784412134,
    "coin": {
        "1070": 0.017396340287388568,
        "banzhang": 0.03732481218337236,
        "lsy": 0.03666900050183738,
        "lsy_2": 0.08073708917315905,
        "lsy_3": 0.08443383710778861,
        "master": 0.08097703411300362,
        "niu": 0.06820110783138614,
        "prol": 0.07583379903592632,
        "prol2": 0.07402057586029764,
        "prot": 0.02310498160720185,
        "putien": 0.06025649146875032,
        "yyl": 0.06045998688129292,
        "zaiton": 0.07531916431466128,
        "lee": 0.03315165807514731
    },
    "portion": {
        "1070": 0.021533165452717377,
        "banzhang": 0.04620059983643882,
        "lsy": 0.045388837062715945,
        "lsy_2": 0.09993625501777349,
        "lsy_3": 0.10451208439328169,
        "master": 0.10023325852562974,
        "niu": 0.08441923500752076,
        "prol": 0.0938669694069228,
        "prol2": 0.09162256431950225,
        "prot": 0.02859931362060948,
        "putien": 0.0745854000877117,
        "yyl": 0.07483728642212224,
        "zaiton": 0.09322995527535013,
        "lee": 0.041035075571703564
    }
}