{
    "sum": 2.33115163667496,
    "coin": {
        "lsy": 0.12645737718677977,
        "lsy_2": 0.2699949586345197,
        "lsy_3": 0.2574515787517966,
        "master": 0.20335569599778647,
        "prol": 0.2216853962665857,
        "prol2": 0.17389479528842489,
        "putien": 0.29010371868203416,
        "zaiton": 0.3006503756886419,
        "niu": 0.1430211511516291,
        "lee": 0.13578617888950265,
        "yyl": 0.10309474325592631,
        "1070": 0.04522587309075892,
        "banzhang": 0.037324812183372365,
        "prot": 0.02310498160720185
    },
    "portion": {
        "lsy": 0.05424674019368056,
        "lsy_2": 0.11582041870928107,
        "lsy_3": 0.11043965338909177,
        "master": 0.08723400605884353,
        "prol": 0.09509694383621772,
        "prol2": 0.07459608914006978,
        "putien": 0.12444652424920064,
        "zaiton": 0.1289707503187029,
        "niu": 0.0613521441083204,
        "lee": 0.05824853980034579,
        "yyl": 0.044224812163217136,
        "1070": 0.01940065690246855,
        "banzhang": 0.016011318867532202,
        "prot": 0.009911402263028097
    }
}