{
    "sum": 2.157739339353037,
    "coin": {
        "lsy": 0.12628488061016963,
        "lsy_2": 0.2503852716116511,
        "lsy_3": 0.25478600957290404,
        "master": 0.20335569599778647,
        "prol": 0.2215401079568406,
        "prol2": 0.17383810270322028,
        "putien": 0.21578204212542118,
        "zaiton": 0.23167222463831916,
        "niu": 0.1430211511516291,
        "lee": 0.13578617888950265,
        "yyl": 0.10309474325592631,
        "1070": 0.03776313704909242,
        "banzhang": 0.037324812183372365,
        "prot": 0.02310498160720185
    },
    "portion": {
        "lsy": 0.058526476440863374,
        "lsy_2": 0.11604055552267264,
        "lsy_3": 0.11808006876738757,
        "master": 0.09424479235696716,
        "prol": 0.10267232186778677,
        "prol2": 0.08056492252458204,
        "putien": 0.10000375772456367,
        "zaiton": 0.1073680311671855,
        "niu": 0.06628286769546116,
        "lee": 0.0629298342079706,
        "yyl": 0.04777905346381532,
        "1070": 0.017501250665622605,
        "banzhang": 0.01729810987946468,
        "prot": 0.010707957715656935
    }
}