{
    "sum": 2.3071585816215032,
    "coin": {
        "lsy": 0.12645737718677977,
        "lsy_2": 0.2699949586345197,
        "lsy_3": 0.2574515787517966,
        "master": 0.20335569599778647,
        "prol": 0.2216031988102114,
        "prol2": 0.17389479528842489,
        "putien": 0.2778229257751444,
        "zaiton": 0.2890203109984489,
        "niu": 0.1430211511516291,
        "lee": 0.13578617888950265,
        "yyl": 0.10309474325592631,
        "1070": 0.04522587309075892,
        "banzhang": 0.037324812183372365,
        "prot": 0.02310498160720185
    },
    "portion": {
        "lsy": 0.054810873510872306,
        "lsy_2": 0.11702488107460889,
        "lsy_3": 0.11158815904663824,
        "master": 0.08814118700712166,
        "prol": 0.09605026744822438,
        "prol2": 0.07537184338937343,
        "putien": 0.1204177848840744,
        "zaiton": 0.12527110763028754,
        "niu": 0.061990169332492025,
        "lee": 0.05885428941519496,
        "yyl": 0.04468472348505402,
        "1070": 0.019602412010609842,
        "banzhang": 0.01617782690825698,
        "prot": 0.010014474857191372
    }
}