{
    "sum": 2.316885853622128,
    "coin": {
        "lsy": 0.12645737718677977,
        "lsy_2": 0.2699949586345197,
        "lsy_3": 0.2574515787517966,
        "master": 0.20335569599778647,
        "prol": 0.2216031988102114,
        "prol2": 0.17389479528842489,
        "putien": 0.2828929116608579,
        "zaiton": 0.29367759711336033,
        "niu": 0.1430211511516291,
        "lee": 0.13578617888950265,
        "yyl": 0.10309474325592631,
        "1070": 0.04522587309075892,
        "banzhang": 0.037324812183372365,
        "prot": 0.02310498160720185
    },
    "portion": {
        "lsy": 0.05458075415717235,
        "lsy_2": 0.11653356086249145,
        "lsy_3": 0.11111966450539931,
        "master": 0.08777113282463535,
        "prol": 0.095647007582944,
        "prol2": 0.07505540034117979,
        "putien": 0.12210049589564123,
        "zaiton": 0.12675531539641297,
        "niu": 0.0617299082421499,
        "lee": 0.05860719408218574,
        "yyl": 0.04449711801500797,
        "1070": 0.019520112749643912,
        "banzhang": 0.01610990551175416,
        "prot": 0.009972429833381922
    }
}