{
    "sum": 2.3239923980780497,
    "coin": {
        "lsy": 0.12645737718677977,
        "lsy_2": 0.2699949586345197,
        "lsy_3": 0.2574515787517966,
        "master": 0.20335569599778647,
        "prol": 0.2216031988102114,
        "prol2": 0.17389479528842489,
        "putien": 0.28645242702902735,
        "zaiton": 0.2972246262011122,
        "niu": 0.1430211511516291,
        "lee": 0.13578617888950265,
        "yyl": 0.10309474325592631,
        "1070": 0.04522587309075892,
        "banzhang": 0.037324812183372365,
        "prot": 0.02310498160720185
    },
    "portion": {
        "lsy": 0.0544138514787572,
        "lsy_2": 0.11617721248047393,
        "lsy_3": 0.11077987129592592,
        "master": 0.08750273717158558,
        "prol": 0.09535452826501414,
        "prol2": 0.0748258881708204,
        "putien": 0.12325876249247827,
        "zaiton": 0.12789397523284415,
        "niu": 0.06154114414053511,
        "lee": 0.05842797893908703,
        "yyl": 0.04436105012270524,
        "1070": 0.019460422128816292,
        "banzhang": 0.016060642975527856,
        "prot": 0.009941935105428812
    }
}