{
    "sum": 2.073077564331893,
    "coin": {
        "lsy": 0.12602640622628156,
        "lsy_2": 0.23472584895336715,
        "lsy_3": 0.24458081210898613,
        "master": 0.19723671751102273,
        "prol": 0.21603217182859438,
        "prol2": 0.17179750084127995,
        "putien": 0.2019195697825311,
        "zaiton": 0.21723364480563706,
        "niu": 0.1430211511516291,
        "lee": 0.126175280840426,
        "yyl": 0.10309474325592631,
        "1070": 0.030803923235637035,
        "banzhang": 0.037324812183372365,
        "prot": 0.02310498160720185
    },
    "portion": {
        "lsy": 0.0607919396720195,
        "lsy_2": 0.11322579192979405,
        "lsy_3": 0.11797957602604664,
        "master": 0.09514198643821017,
        "prol": 0.10420843655129555,
        "prol2": 0.08287075399257746,
        "putien": 0.09740087551794296,
        "zaiton": 0.10478799662068923,
        "niu": 0.06898977327832,
        "lee": 0.0608637530072781,
        "yyl": 0.04973028748644601,
        "1070": 0.01485903073075052,
        "banzhang": 0.018004542051662853,
        "prot": 0.011145256696966897
    }
}