{
    "sum": 1.855628264441153,
    "coin": {
        "1070": 0.017539930030205063,
        "banzhang": 0.03732481218337236,
        "lsy": 0.11119241132794451,
        "lsy_2": 0.20579111263777616,
        "lsy_3": 0.2176107161195169,
        "master": 0.17228921438486428,
        "niu": 0.13366314824989728,
        "prol": 0.19401428354568526,
        "prol2": 0.1442135983043412,
        "prot": 0.02310498160720185,
        "putien": 0.17780049943164,
        "yyl": 0.10309474325592632,
        "zaiton": 0.19181353252235606,
        "lee": 0.12617528084042598
    },
    "portion": {
        "1070": 0.00945228652005225,
        "banzhang": 0.02011438007203087,
        "lsy": 0.05992170601121533,
        "lsy_2": 0.11090104445016787,
        "lsy_3": 0.11727064104892433,
        "master": 0.09284683666787726,
        "niu": 0.07203120948912238,
        "prol": 0.10455449901444308,
        "prol2": 0.07771685798705649,
        "prot": 0.012451298597868804,
        "putien": 0.09581687390668571,
        "yyl": 0.05555786427244072,
        "zaiton": 0.10336851200104091,
        "lee": 0.06799598996107409
    }
}