{
    "sum": 2.22103645640653,
    "coin": {
        "lsy": 0.12644948485969393,
        "lsy_2": 0.2671888476132043,
        "lsy_3": 0.25715658243741574,
        "master": 0.20335569599778647,
        "prol": 0.2215752526686047,
        "prol2": 0.17389479528842489,
        "putien": 0.2334829941806981,
        "zaiton": 0.2503750631823105,
        "niu": 0.1430211511516291,
        "lee": 0.13578617888950265,
        "yyl": 0.10309474325592631,
        "1070": 0.04522587309075892,
        "banzhang": 0.037324812183372365,
        "prot": 0.02310498160720185
    },
    "portion": {
        "lsy": 0.056932647140911716,
        "lsy_2": 0.12029917241678048,
        "lsy_3": 0.11578224287838829,
        "master": 0.09155891854508354,
        "prol": 0.09976209621840101,
        "prol2": 0.07829443536905,
        "putien": 0.10512344068338977,
        "zaiton": 0.11272892998226536,
        "niu": 0.06439387824503637,
        "lee": 0.061136402555586354,
        "yyl": 0.046417402541300855,
        "1070": 0.020362508215615235,
        "banzhang": 0.0168051326108177,
        "prot": 0.010402792597373199
    }
}