{
    "sum": 1.6391862615399322,
    "coin": {
        "1070": 0.017396340287388568,
        "banzhang": 0.03732481218337236,
        "lsy": 0.09032266518743616,
        "lsy_2": 0.17551632219841523,
        "lsy_3": 0.1813540899635118,
        "master": 0.16543764349041734,
        "niu": 0.11500770086543974,
        "prol": 0.17776886148499726,
        "prol2": 0.12419361027244959,
        "prot": 0.02310498160720185,
        "putien": 0.15128969893407113,
        "yyl": 0.09975859609347941,
        "zaiton": 0.16329505746467274,
        "lee": 0.11741588150707893
    },
    "portion": {
        "1070": 0.010612790440938415,
        "banzhang": 0.022770330046756,
        "lsy": 0.05510213653363749,
        "lsy_2": 0.10707527650550619,
        "lsy_3": 0.11063665808981271,
        "master": 0.10092668989001718,
        "niu": 0.0701614597217255,
        "prol": 0.10844945791455844,
        "prol2": 0.07576540457078745,
        "prot": 0.01409539730127795,
        "putien": 0.09229561184336803,
        "yyl": 0.060858609197810914,
        "zaiton": 0.09961958643507988,
        "lee": 0.07163059150872378
    }
}