{
    "sum": 2.213502016902077,
    "coin": {
        "lsy": 0.12644948485969393,
        "lsy_2": 0.26561531758347035,
        "lsy_3": 0.256771403941529,
        "master": 0.20335569599778647,
        "prol": 0.2215752526686047,
        "prol2": 0.17389479528842489,
        "putien": 0.2303331114176566,
        "zaiton": 0.2479492149665202,
        "niu": 0.1430211511516291,
        "lee": 0.13578617888950265,
        "yyl": 0.10309474325592631,
        "1070": 0.04522587309075892,
        "banzhang": 0.037324812183372365,
        "prot": 0.02310498160720185
    },
    "portion": {
        "lsy": 0.0571264376061727,
        "lsy_2": 0.11999777526980264,
        "lsy_3": 0.11600233565673243,
        "master": 0.09187057181108622,
        "prol": 0.10010167191024834,
        "prol2": 0.07856093826008824,
        "putien": 0.10405823426355897,
        "zaiton": 0.11201671065723234,
        "niu": 0.06461306565773788,
        "lee": 0.061344501993968445,
        "yyl": 0.04657540064057105,
        "1070": 0.02043181923730755,
        "banzhang": 0.01686233484241888,
        "prot": 0.010438202193074392
    }
}