{
    "sum": 1.4202981310931515,
    "coin": {
        "1070": 0.017396340287388568,
        "banzhang": 0.03732481218337236,
        "lsy": 0.07562853680816192,
        "lsy_2": 0.15285270915193686,
        "lsy_3": 0.1584983335886412,
        "master": 0.14582049619727006,
        "niu": 0.10128925819096928,
        "prol": 0.15405319112570828,
        "prol2": 0.10151632007956331,
        "prot": 0.02310498160720185,
        "putien": 0.12831736094126342,
        "yyl": 0.09116897215296037,
        "zaiton": 0.1400886170037001,
        "lee": 0.09323820177501387
    },
    "portion": {
        "1070": 0.012248372300538931,
        "banzhang": 0.026279561569685948,
        "lsy": 0.05324835339320865,
        "lsy_2": 0.1076201579131078,
        "lsy_3": 0.11159511522179562,
        "master": 0.10266893478557024,
        "niu": 0.07131549072236731,
        "prol": 0.1084653902960072,
        "prol2": 0.07147535989604514,
        "prot": 0.01626769838063421,
        "putien": 0.09034537054731054,
        "yyl": 0.06419002472585875,
        "zaiton": 0.09863324744071797,
        "lee": 0.06564692280715165
    }
}