{
    "sum": 0.030960195416353267,
    "coin": {
        "1070": 0.0032355402010514327,
        "banzhang": 0.008615119801694335,
        "niu": 0.00797227166153812,
        "prot": 0.0017497207329780044,
        "putien": 0.006514818375759363,
        "syl": 0.0028727246433320145
    },
    "portion": {
        "1070": 0.1045064528030211,
        "banzhang": 0.2782643870892302,
        "niu": 0.2575006893311514,
        "prot": 0.05651517083299147,
        "putien": 0.2104256219364241,
        "syl": 0.09278767800718185
    }
}