{
    "sum": 2.2509859512236896,
    "coin": {
        "lsy": 0.12644948485969393,
        "lsy_2": 0.2699949586345197,
        "lsy_3": 0.2574515787517966,
        "master": 0.20335569599778647,
        "prol": 0.2215752526686047,
        "prol2": 0.17389479528842489,
        "putien": 0.2475224429341222,
        "zaiton": 0.26318400191034963,
        "niu": 0.1430211511516291,
        "lee": 0.13578617888950265,
        "yyl": 0.10309474325592631,
        "1070": 0.04522587309075892,
        "banzhang": 0.037324812183372365,
        "prot": 0.02310498160720185
    },
    "portion": {
        "lsy": 0.05617515506525173,
        "lsy_2": 0.11994519934153478,
        "lsy_3": 0.11437280566404236,
        "master": 0.09034072197884552,
        "prol": 0.09843475591136014,
        "prol2": 0.07725272349829261,
        "putien": 0.10996178932150293,
        "zaiton": 0.11691943335642611,
        "niu": 0.06353711406945006,
        "lee": 0.06032297927745219,
        "yyl": 0.04579981638707321,
        "1070": 0.02009158389734643,
        "banzhang": 0.016581539375259854,
        "prot": 0.010264382856161956
    }
}