{
    "sum": 0.0477982620726391,
    "coin": {
        "1070": 0.004542558546551436,
        "banzhang": 0.013128140389217087,
        "niu": 0.011583726151554624,
        "prot": 0.004593154266495647,
        "putien": 0.009656848019590478,
        "syl": 0.004293834699229822
    },
    "portion": {
        "1070": 0.09503606092723837,
        "banzhang": 0.274657274552498,
        "niu": 0.24234617848554443,
        "prot": 0.0960945872784124,
        "putien": 0.20203345479203721,
        "syl": 0.08983244396426955
    }
}