{
    "sum": 2.3477130863690836,
    "coin": {
        "lsy": 0.12645737718677977,
        "lsy_2": 0.2699949586345197,
        "lsy_3": 0.2574515787517966,
        "master": 0.20335569599778647,
        "prol": 0.2216853962665857,
        "prol2": 0.17389479528842489,
        "putien": 0.2990966600505786,
        "zaiton": 0.3082188840142206,
        "niu": 0.1430211511516291,
        "lee": 0.13578617888950265,
        "yyl": 0.10309474325592631,
        "1070": 0.04522587309075892,
        "banzhang": 0.037324812183372365,
        "prot": 0.02310498160720185
    },
    "portion": {
        "lsy": 0.05386406793956058,
        "lsy_2": 0.11500338785097775,
        "lsy_3": 0.10966058001148896,
        "master": 0.08661863205452054,
        "prol": 0.09442610238606243,
        "prol2": 0.07406986667070395,
        "putien": 0.12739915357934742,
        "zaiton": 0.13128473228000126,
        "niu": 0.06091934827216139,
        "lee": 0.05783763769000678,
        "yyl": 0.04391283749896805,
        "1070": 0.01926379903632269,
        "banzhang": 0.015898370375869914,
        "prot": 0.00984148435400829
    }
}