{
    "sum": 2.2980965763452756,
    "coin": {
        "lsy": 0.12645737718677977,
        "lsy_2": 0.2699949586345197,
        "lsy_3": 0.2574515787517966,
        "master": 0.20335569599778647,
        "prol": 0.2216031988102114,
        "prol2": 0.17389479528842489,
        "putien": 0.27284956236383984,
        "zaiton": 0.2849316691335258,
        "niu": 0.1430211511516291,
        "lee": 0.13578617888950265,
        "yyl": 0.10309474325592631,
        "1070": 0.04522587309075892,
        "banzhang": 0.037324812183372365,
        "prot": 0.02310498160720185
    },
    "portion": {
        "lsy": 0.055027007345308486,
        "lsy_2": 0.11748634126765026,
        "lsy_3": 0.11202818080049043,
        "master": 0.08848875112167325,
        "prol": 0.09642901916795546,
        "prol2": 0.07566905458994,
        "putien": 0.118728501305093,
        "zaiton": 0.12398594213419013,
        "niu": 0.06223461303749012,
        "lee": 0.05908636751265129,
        "yyl": 0.04486092721998683,
        "1070": 0.01967970952843193,
        "banzhang": 0.016241620377299815,
        "prot": 0.010053964591839009
    }
}