{
    "sum": 2.2805426110394227,
    "coin": {
        "lsy": 0.12645737718677977,
        "lsy_2": 0.2699949586345197,
        "lsy_3": 0.2574515787517966,
        "master": 0.20335569599778647,
        "prol": 0.2216031988102114,
        "prol2": 0.17389479528842489,
        "putien": 0.2631880684286511,
        "zaiton": 0.27703919776286146,
        "niu": 0.1430211511516291,
        "lee": 0.13578617888950265,
        "yyl": 0.10309474325592631,
        "1070": 0.04522587309075892,
        "banzhang": 0.037324812183372365,
        "prot": 0.02310498160720185
    },
    "portion": {
        "lsy": 0.055450565393795996,
        "lsy_2": 0.11839066603165191,
        "lsy_3": 0.11289049259836265,
        "master": 0.08916987343862927,
        "prol": 0.09717125991748489,
        "prol2": 0.0762515001678339,
        "putien": 0.1154058982080127,
        "zaiton": 0.12147950949120521,
        "niu": 0.06271365001438983,
        "lee": 0.05954117157566032,
        "yyl": 0.04520623414659107,
        "1070": 0.01983118967908516,
        "banzhang": 0.016366636607750343,
        "prot": 0.010131352729546716
    }
}