{
    "sum": 2.2447507346811846,
    "coin": {
        "lsy": 0.12644948485969393,
        "lsy_2": 0.2699949586345197,
        "lsy_3": 0.25715658243741574,
        "master": 0.20335569599778647,
        "prol": 0.2215752526686047,
        "prol2": 0.17389479528842489,
        "putien": 0.24440726340139,
        "zaiton": 0.26035896121495783,
        "niu": 0.1430211511516291,
        "lee": 0.13578617888950265,
        "yyl": 0.10309474325592631,
        "1070": 0.04522587309075892,
        "banzhang": 0.037324812183372365,
        "prot": 0.02310498160720185
    },
    "portion": {
        "lsy": 0.05633119210345339,
        "lsy_2": 0.12027836964840834,
        "lsy_3": 0.11455908153380734,
        "master": 0.09059166029259301,
        "prol": 0.09870817692373955,
        "prol2": 0.07746730743942608,
        "putien": 0.10887946693827565,
        "zaiton": 0.11598568927606827,
        "niu": 0.06371360033074763,
        "lee": 0.060490537676018606,
        "yyl": 0.04592703397447314,
        "1070": 0.020147392043144703,
        "banzhang": 0.01662759771350448,
        "prot": 0.010292894106339778
    }
}