{
    "sum": 0.05456226741364126,
    "coin": {
        "banzhang": 0.015436320309641588,
        "syl": 0.005035155007148944,
        "1070": 0.005203217431783808,
        "niu": 0.013142430613090573,
        "putien": 0.011151989785480699,
        "prot": 0.004593154266495647
    },
    "portion": {
        "banzhang": 0.28291200203645334,
        "syl": 0.09228273027909561,
        "1070": 0.0953629253039975,
        "niu": 0.24087031635721207,
        "putien": 0.2043901456832155,
        "prot": 0.08418188034002598
    }
}