{
    "sum": 2.3207795002453437,
    "coin": {
        "lsy": 0.12645737718677977,
        "lsy_2": 0.2699949586345197,
        "lsy_3": 0.2574515787517966,
        "master": 0.20335569599778647,
        "prol": 0.2216031988102114,
        "prol2": 0.17389479528842489,
        "putien": 0.2847399524940981,
        "zaiton": 0.2957242029033357,
        "niu": 0.1430211511516291,
        "lee": 0.13578617888950265,
        "yyl": 0.10309474325592631,
        "1070": 0.04522587309075892,
        "banzhang": 0.037324812183372365,
        "prot": 0.02310498160720185
    },
    "portion": {
        "lsy": 0.05448918226544624,
        "lsy_2": 0.11633804874869712,
        "lsy_3": 0.11093323546014595,
        "master": 0.08762387636407874,
        "prol": 0.09548653751327275,
        "prol2": 0.07492947747515066,
        "putien": 0.1226915148397323,
        "zaiton": 0.1274245152855206,
        "niu": 0.061626341984022816,
        "lee": 0.058508866902326505,
        "yyl": 0.04442246376488052,
        "1070": 0.019487363226871755,
        "banzhang": 0.016082877403659646,
        "prot": 0.00995569876619441
    }
}