{
    "sum": 2.2482522603872366,
    "coin": {
        "lsy": 0.12644948485969393,
        "lsy_2": 0.2699949586345197,
        "lsy_3": 0.2574515787517966,
        "master": 0.20335569599778647,
        "prol": 0.2215752526686047,
        "prol2": 0.17389479528842489,
        "putien": 0.24609096397280975,
        "zaiton": 0.26188179003520934,
        "niu": 0.1430211511516291,
        "lee": 0.13578617888950265,
        "yyl": 0.10309474325592631,
        "1070": 0.04522587309075892,
        "banzhang": 0.037324812183372365,
        "prot": 0.02310498160720185
    },
    "portion": {
        "lsy": 0.05624345945855489,
        "lsy_2": 0.1200910428921424,
        "lsy_3": 0.1145118736397727,
        "master": 0.09045056890669408,
        "prol": 0.09855444452236015,
        "prol2": 0.07734665649061705,
        "putien": 0.10945878641323964,
        "zaiton": 0.11648238707435041,
        "niu": 0.06361437000267724,
        "lee": 0.06039632708569588,
        "yyl": 0.04585550521727014,
        "1070": 0.02011601361982808,
        "banzhang": 0.016601701170732317,
        "prot": 0.01027686350606505
    }
}