{
    "sum": 2.357461385020925,
    "coin": {
        "lsy": 0.12645737718677977,
        "lsy_2": 0.2699949586345197,
        "lsy_3": 0.2574515787517966,
        "master": 0.20335569599778647,
        "prol": 0.2216853962665857,
        "prol2": 0.17389479528842489,
        "putien": 0.3042848927803763,
        "zaiton": 0.31277894993626465,
        "niu": 0.1430211511516291,
        "lee": 0.13578617888950265,
        "yyl": 0.10309474325592631,
        "1070": 0.04522587309075892,
        "banzhang": 0.037324812183372365,
        "prot": 0.02310498160720185
    },
    "portion": {
        "lsy": 0.05364133554436028,
        "lsy_2": 0.11452783928934777,
        "lsy_3": 0.1092071244040807,
        "master": 0.08626045681591576,
        "prol": 0.09403564260910173,
        "prol2": 0.07376358161933641,
        "putien": 0.12907311853070944,
        "zaiton": 0.1326761710387415,
        "niu": 0.06066744170673219,
        "lee": 0.05759847425382002,
        "yyl": 0.04373125426824806,
        "1070": 0.019184141627141642,
        "banzhang": 0.015832629293752384,
        "prot": 0.009800788998712175
    }
}