{
    "sum": 0.5593387181406699,
    "coin": {
        "1070": 0.017396340287388568,
        "banzhang": 0.03732481218337236,
        "lsy": 0.030781234558476277,
        "lsy_2": 0.051870739573588086,
        "lsy_3": 0.05416987359791945,
        "master": 0.051122198780517304,
        "niu": 0.04995822933873913,
        "prol": 0.05168587008328448,
        "prol2": 0.05111580150493424,
        "prot": 0.02310498160720185,
        "putien": 0.038666384804798594,
        "yyl": 0.04031034602576074,
        "zaiton": 0.04778639236990792,
        "lee": 0.014045513424781041
    },
    "portion": {
        "1070": 0.031101620043784462,
        "banzhang": 0.06673024944070727,
        "lsy": 0.055031474775781575,
        "lsy_2": 0.09273582874079342,
        "lsy_3": 0.09684627908110607,
        "master": 0.09139756845450563,
        "niu": 0.0893165942540294,
        "prol": 0.09240531435960031,
        "prol2": 0.09138613124235566,
        "prot": 0.0413076743265806,
        "putien": 0.06912874712720005,
        "yyl": 0.07206786285018617,
        "zaiton": 0.0854337288302827,
        "lee": 0.0251109264730869
    }
}