{
    "sum": 1.7188831407779361,
    "coin": {
        "1070": 0.017396340287388568,
        "banzhang": 0.03732481218337236,
        "lsy": 0.09585755900371715,
        "lsy_2": 0.18401446301652408,
        "lsy_3": 0.19134096073841164,
        "master": 0.1673375659231708,
        "niu": 0.1231374528878924,
        "prol": 0.18604079909473176,
        "prol2": 0.13271621278489726,
        "prot": 0.02310498160720185,
        "putien": 0.15964194154942934,
        "yyl": 0.10309474325592632,
        "zaiton": 0.17170002760484687,
        "lee": 0.12617528084042598
    },
    "portion": {
        "1070": 0.010120723087385273,
        "banzhang": 0.02171457226957256,
        "lsy": 0.05576735074633038,
        "lsy_2": 0.1070546674471671,
        "lsy_3": 0.11131702685257248,
        "master": 0.09735249706820487,
        "niu": 0.07163805960198234,
        "prol": 0.10823353530044688,
        "prol2": 0.07721072458994056,
        "prot": 0.013441857133315617,
        "putien": 0.0928753897005344,
        "yyl": 0.05997774997622437,
        "zaiton": 0.09989045999202625,
        "lee": 0.07340538623429704
    }
}