{
    "sum": 0.24106083884447657,
    "coin": {
        "1070": 0.01607807606197247,
        "banzhang": 0.04396224981789641,
        "lsy": 0.012766252283914111,
        "lsy_2": 0.020595223236109385,
        "master": 0.019176923888393906,
        "niu": 0.029903225057996766,
        "prol": 0.020973793568684347,
        "prot": 0.026085046593023173,
        "putien": 0.03266159816153495,
        "syl": 0.005288044425019316,
        "prol2": 0.0046140412299645875,
        "zaiton": 0.005943663096348975,
        "lsy_3": 0.0030127014236181787
    },
    "portion": {
        "1070": 0.06669717129933926,
        "banzhang": 0.18236993627264034,
        "lsy": 0.052958632124193425,
        "lsy_2": 0.08543579013012832,
        "master": 0.07955221586516646,
        "niu": 0.12404845681836031,
        "prol": 0.08700622493982049,
        "prot": 0.1082093911149636,
        "putien": 0.13549109974933338,
        "syl": 0.02193655531262365,
        "prol2": 0.019140567385735326,
        "zaiton": 0.024656278161313477,
        "lsy_3": 0.01249768082638201
    }
}