{
    "sum": 2.304607523979136,
    "coin": {
        "lsy": 0.12645737718677977,
        "lsy_2": 0.2699949586345197,
        "lsy_3": 0.2574515787517966,
        "master": 0.20335569599778647,
        "prol": 0.2216031988102114,
        "prol2": 0.17389479528842489,
        "putien": 0.2765226111126053,
        "zaiton": 0.28776956801862047,
        "niu": 0.1430211511516291,
        "lee": 0.13578617888950265,
        "yyl": 0.10309474325592631,
        "1070": 0.04522587309075892,
        "banzhang": 0.037324812183372365,
        "prot": 0.02310498160720185
    },
    "portion": {
        "lsy": 0.05487154574955064,
        "lsy_2": 0.11715442036236451,
        "lsy_3": 0.11171168022018804,
        "master": 0.08823875383634627,
        "prol": 0.09615658913913085,
        "prol2": 0.07545527534691811,
        "putien": 0.11998685599843971,
        "zaiton": 0.12486706088755514,
        "niu": 0.062058788606525396,
        "lee": 0.05891943746458581,
        "yyl": 0.04473418670347951,
        "1070": 0.01962411066534744,
        "banzhang": 0.016195734759612054,
        "prot": 0.010025560259956448
    }
}