{
    "sum": 2.346087701976895,
    "coin": {
        "lsy": 0.12645737718677977,
        "lsy_2": 0.2699949586345197,
        "lsy_3": 0.2574515787517966,
        "master": 0.20335569599778647,
        "prol": 0.2216853962665857,
        "prol2": 0.17389479528842489,
        "putien": 0.2982601511429809,
        "zaiton": 0.3074300085296299,
        "niu": 0.1430211511516291,
        "lee": 0.13578617888950265,
        "yyl": 0.10309474325592631,
        "1070": 0.04522587309075892,
        "banzhang": 0.037324812183372365,
        "prot": 0.02310498160720185
    },
    "portion": {
        "lsy": 0.05390138530636446,
        "lsy_2": 0.11508306292514665,
        "lsy_3": 0.10973655355460878,
        "master": 0.0866786419904217,
        "prol": 0.09449152138676908,
        "prol2": 0.07412118274261234,
        "putien": 0.1271308616858852,
        "zaiton": 0.13103943568289397,
        "niu": 0.06096155358178405,
        "lee": 0.05787770797105517,
        "yyl": 0.04394326059040977,
        "1070": 0.019277145118083195,
        "banzhang": 0.015909384867377797,
        "prot": 0.009848302596587838
    }
}