{
    "sum": 2.3016699200252164,
    "coin": {
        "lsy": 0.12645737718677977,
        "lsy_2": 0.2699949586345197,
        "lsy_3": 0.2574515787517966,
        "master": 0.20335569599778647,
        "prol": 0.2216031988102114,
        "prol2": 0.17389479528842489,
        "putien": 0.2755051413416228,
        "zaiton": 0.28584943383568373,
        "niu": 0.1430211511516291,
        "lee": 0.13578617888950265,
        "yyl": 0.10309474325592631,
        "1070": 0.04522587309075892,
        "banzhang": 0.037324812183372365,
        "prot": 0.02310498160720185
    },
    "portion": {
        "lsy": 0.05494157788941098,
        "lsy_2": 0.11730394366519842,
        "lsy_3": 0.11185425699484139,
        "master": 0.08835137229214803,
        "prol": 0.09627931306839323,
        "prol2": 0.0755515783455691,
        "putien": 0.11969793711280914,
        "zaiton": 0.12419219252452673,
        "niu": 0.06213799377021976,
        "lee": 0.05899463589810263,
        "yyl": 0.04479128060847093,
        "1070": 0.01964915676973501,
        "banzhang": 0.016216405253696605,
        "prot": 0.010038355806878129
    }
}