{
    "sum": 1.848715780215909,
    "coin": {
        "1070": 0.017396340287388568,
        "banzhang": 0.03732481218337236,
        "lsy": 0.11064405043905004,
        "lsy_2": 0.20543747161403955,
        "lsy_3": 0.21659787359147065,
        "master": 0.171510355015634,
        "niu": 0.13289721445850877,
        "prol": 0.19310490269847075,
        "prol2": 0.14329975101199738,
        "prot": 0.02310498160720185,
        "putien": 0.17706939962246554,
        "yyl": 0.10309474325592632,
        "zaiton": 0.19105860358995758,
        "lee": 0.12617528084042598
    },
    "portion": {
        "1070": 0.009409959320711198,
        "banzhang": 0.020189589217988524,
        "lsy": 0.059849140480711466,
        "lsy_2": 0.11112442151061575,
        "lsy_3": 0.11716126183883953,
        "master": 0.09277270029880068,
        "niu": 0.07188623361184697,
        "prol": 0.10445353729599165,
        "prol2": 0.0775131323838549,
        "prot": 0.012497854918782298,
        "putien": 0.09577967663681966,
        "yyl": 0.05576559921173282,
        "zaiton": 0.10334666130650115,
        "lee": 0.06825023196680353
    }
}