{
    "sum": 2.3181136323598217,
    "coin": {
        "lsy": 0.12645737718677977,
        "lsy_2": 0.2699949586345197,
        "lsy_3": 0.2574515787517966,
        "master": 0.20335569599778647,
        "prol": 0.2216031988102114,
        "prol2": 0.17389479528842489,
        "putien": 0.2835299745953859,
        "zaiton": 0.29426831291652605,
        "niu": 0.1430211511516291,
        "lee": 0.13578617888950265,
        "yyl": 0.10309474325592631,
        "1070": 0.04522587309075892,
        "banzhang": 0.037324812183372365,
        "prot": 0.02310498160720185
    },
    "portion": {
        "lsy": 0.05455184569966363,
        "lsy_2": 0.1164718393721135,
        "lsy_3": 0.11106081046152723,
        "master": 0.08772464522835835,
        "prol": 0.09559634856407839,
        "prol2": 0.07501564757694873,
        "putien": 0.12231064544784831,
        "zaiton": 0.126943006075575,
        "niu": 0.06169721326647593,
        "lee": 0.05857615303839673,
        "yyl": 0.04447355031124021,
        "1070": 0.019509774007376565,
        "banzhang": 0.016101372970821967,
        "prot": 0.0099671479795756
    }
}