{
    "sum": 0.15553757551411826,
    "coin": {
        "1070": 0.005956007395849303,
        "banzhang": 0.015393000429150627,
        "lsy": 0.00674483466952717,
        "lsy_2": 0.012739909519328428,
        "lsy_3": 0.013238230412627987,
        "master": 0.01228567934942892,
        "niu": 0.012469964168905901,
        "prol": 0.011279918480124353,
        "prol2": 0.012306809418110404,
        "prot": 0.02007643598342366,
        "putien": 0.011165450298151644,
        "yyl": 0.009485791857918053,
        "zaiton": 0.012395543531571794
    },
    "portion": {
        "1070": 0.03829304511248905,
        "banzhang": 0.09896644189206481,
        "lsy": 0.043364663794151374,
        "lsy_2": 0.08190888585743718,
        "lsy_3": 0.0851127476358685,
        "master": 0.07898849720924023,
        "niu": 0.08017332228361752,
        "prol": 0.07252214420109993,
        "prol2": 0.07912434906762003,
        "prot": 0.1290777223256981,
        "putien": 0.0717861922512618,
        "yyl": 0.06098713977354637,
        "zaiton": 0.07969484859590499
    }
}