{
    "sum": 2.1381676592890853,
    "coin": {
        "lsy": 0.12628488061016963,
        "lsy_2": 0.24564449042057715,
        "lsy_3": 0.2541402067873365,
        "master": 0.20335569599778647,
        "prol": 0.2193830121467567,
        "prol2": 0.17383810270322028,
        "putien": 0.21155429656337732,
        "zaiton": 0.22720165559542566,
        "niu": 0.1430211511516291,
        "lee": 0.13462472053228763,
        "yyl": 0.10309474325592631,
        "1070": 0.03559490973401787,
        "banzhang": 0.037324812183372365,
        "prot": 0.02310498160720185
    },
    "portion": {
        "lsy": 0.05906219751362146,
        "lsy_2": 0.11488551393684954,
        "lsy_3": 0.11885887698434043,
        "master": 0.09510746040626195,
        "prol": 0.1026032786501405,
        "prol2": 0.0813023721259629,
        "putien": 0.09894186531364736,
        "zaiton": 0.10625998134822011,
        "niu": 0.06688958675915148,
        "lee": 0.06296265867993192,
        "yyl": 0.04821639818937494,
        "1070": 0.01664738945020464,
        "banzhang": 0.01745644782401321,
        "prot": 0.010805972818279356
    }
}