{
    "sum": 1.3807164977785622,
    "coin": {
        "1070": 0.017396340287388568,
        "banzhang": 0.03732481218337236,
        "lsy": 0.07322229064250231,
        "lsy_2": 0.14857302475974005,
        "lsy_3": 0.15389908946998748,
        "master": 0.14145832997770796,
        "niu": 0.10128925819096928,
        "prol": 0.1503283109660946,
        "prol2": 0.09716035157946662,
        "prot": 0.02310498160720185,
        "putien": 0.12432588381672571,
        "yyl": 0.0878759056258629,
        "zaiton": 0.13592393143233084,
        "lee": 0.08883398723921172
    },
    "portion": {
        "1070": 0.012599502008832066,
        "banzhang": 0.027032929818267784,
        "lsy": 0.05303209656747769,
        "lsy_2": 0.10760574310423575,
        "lsy_3": 0.11146320748509637,
        "master": 0.10245284256782662,
        "niu": 0.07335992461445473,
        "prol": 0.10887702957700453,
        "prol2": 0.07036951592581686,
        "prot": 0.01673405195373236,
        "putien": 0.09004446895271687,
        "yyl": 0.06364514783972425,
        "zaiton": 0.0984444899811215,
        "lee": 0.06433904960369266
    }
}