{
    "sum": 2.1299332392101187,
    "coin": {
        "lsy": 0.12628488061016963,
        "lsy_2": 0.2441197518543332,
        "lsy_3": 0.2528137724292783,
        "master": 0.20335569599778647,
        "prol": 0.2187484555509331,
        "prol2": 0.17383810270322028,
        "putien": 0.2104597418326353,
        "zaiton": 0.22581564775927895,
        "niu": 0.1430211511516291,
        "lee": 0.13300576126391936,
        "yyl": 0.10309474325592631,
        "1070": 0.034945741010434524,
        "banzhang": 0.037324812183372365,
        "prot": 0.02310498160720185
    },
    "portion": {
        "lsy": 0.05929053469159536,
        "lsy_2": 0.11461380448941419,
        "lsy_3": 0.11869563222696773,
        "master": 0.09547515023203286,
        "prol": 0.10270202442216242,
        "prol2": 0.08161669084411668,
        "putien": 0.09881048755813768,
        "zaiton": 0.1060200590338795,
        "niu": 0.06714818498474075,
        "lee": 0.06244597662283737,
        "yyl": 0.04840280500723994,
        "1070": 0.01640696542366468,
        "banzhang": 0.017523935255930462,
        "prot": 0.010847749207280452
    }
}