{
    "sum": 2.164341651210116,
    "coin": {
        "lsy": 0.12628488061016963,
        "lsy_2": 0.2503852716116511,
        "lsy_3": 0.25478600957290404,
        "master": 0.20335569599778647,
        "prol": 0.2215752526686047,
        "prol2": 0.17383810270322028,
        "putien": 0.21835625641639753,
        "zaiton": 0.2343402368490331,
        "niu": 0.1430211511516291,
        "lee": 0.13578617888950265,
        "yyl": 0.10309474325592631,
        "1070": 0.03908807769271661,
        "banzhang": 0.037324812183372365,
        "prot": 0.02310498160720185
    },
    "portion": {
        "lsy": 0.05834794175843812,
        "lsy_2": 0.11568657447018908,
        "lsy_3": 0.11771986619138866,
        "master": 0.0939572991556519,
        "prol": 0.10237535859679023,
        "prol2": 0.08031915968813186,
        "putien": 0.10088807203535138,
        "zaiton": 0.10827321865658777,
        "niu": 0.06608067218577245,
        "lee": 0.06273786710780276,
        "yyl": 0.04763330373385574,
        "1070": 0.018060031174312003,
        "banzhang": 0.01724534209398202,
        "prot": 0.010675293151745941
    }
}