{
    "sum": 2.3498855553693665,
    "coin": {
        "lsy": 0.12645737718677977,
        "lsy_2": 0.2699949586345197,
        "lsy_3": 0.2574515787517966,
        "master": 0.20335569599778647,
        "prol": 0.2216853962665857,
        "prol2": 0.17389479528842489,
        "putien": 0.30025343142088523,
        "zaiton": 0.3092345816441967,
        "niu": 0.1430211511516291,
        "lee": 0.13578617888950265,
        "yyl": 0.10309474325592631,
        "1070": 0.04522587309075892,
        "banzhang": 0.037324812183372365,
        "prot": 0.02310498160720185
    },
    "portion": {
        "lsy": 0.05381427061323528,
        "lsy_2": 0.11489706722848492,
        "lsy_3": 0.10955919881439889,
        "master": 0.08653855313639817,
        "prol": 0.09433880546226861,
        "prol2": 0.07400138908513408,
        "putien": 0.12777364018210238,
        "zaiton": 0.13159559236304583,
        "niu": 0.060863028339756035,
        "lee": 0.05778416679877804,
        "yyl": 0.04387224008435652,
        "1070": 0.01924598965571755,
        "banzhang": 0.015883672333781153,
        "prot": 0.009832385902542432
    }
}