{
    "sum": 1.610068013780239,
    "coin": {
        "1070": 0.017396340287388568,
        "banzhang": 0.03732481218337236,
        "lsy": 0.08827771015153171,
        "lsy_2": 0.1718977014788481,
        "lsy_3": 0.17870821670794643,
        "master": 0.16543764349041734,
        "niu": 0.1113150969315027,
        "prol": 0.1741555652729889,
        "prol2": 0.12107544352344218,
        "prot": 0.02310498160720185,
        "putien": 0.1479444014759233,
        "yyl": 0.09975859609347941,
        "zaiton": 0.16002453572632458,
        "lee": 0.1136469688498716
    },
    "portion": {
        "1070": 0.010804723861661054,
        "banzhang": 0.02318213383777394,
        "lsy": 0.05482855966082244,
        "lsy_2": 0.10676424847125167,
        "lsy_3": 0.11099420346123255,
        "master": 0.10275195959081901,
        "niu": 0.06913689109949382,
        "prol": 0.10816658910209223,
        "prol2": 0.07519896208556565,
        "prot": 0.014350314029873952,
        "putien": 0.09188705086350252,
        "yyl": 0.06195924348516101,
        "zaiton": 0.09938992288319977,
        "lee": 0.07058519756755038
    }
}