{
    "sum": 0.21649546373879328,
    "coin": {
        "1070": 0.006374718520926985,
        "banzhang": 0.020571935389691848,
        "lsy": 0.010269186754132945,
        "lsy_2": 0.018449577098559065,
        "lsy_3": 0.019056731224569294,
        "master": 0.0176570033750527,
        "niu": 0.017722406443876865,
        "prol": 0.017005519942966594,
        "prol2": 0.017917358089843117,
        "prot": 0.02310498160720185,
        "putien": 0.01646838994988714,
        "yyl": 0.013914743136956152,
        "zaiton": 0.01798291220512873
    },
    "portion": {
        "1070": 0.029445044301797608,
        "banzhang": 0.09502247776661205,
        "lsy": 0.04743372714045849,
        "lsy_2": 0.0852192317563702,
        "lsy_3": 0.08802369756606852,
        "master": 0.08155830644265268,
        "niu": 0.08186040546909266,
        "prol": 0.07854908204212603,
        "prol2": 0.08276089383314202,
        "prot": 0.10672270544697667,
        "putien": 0.07606806011305914,
        "yyl": 0.06427267757325672,
        "zaiton": 0.0830636905483873
    }
}