{
    "sum": 0.974168582151887,
    "coin": {
        "1070": 0.017396340287388568,
        "banzhang": 0.03732481218337236,
        "lsy": 0.04630649703464788,
        "lsy_2": 0.10109922307005582,
        "lsy_3": 0.10539825814328439,
        "master": 0.09808894007895949,
        "niu": 0.07576162168147649,
        "prol": 0.09642559528215797,
        "prol2": 0.08502751317262705,
        "prot": 0.02310498160720185,
        "putien": 0.07781975072879044,
        "yyl": 0.07501819854929603,
        "zaiton": 0.08519342261667039,
        "lee": 0.050203427715958183
    },
    "portion": {
        "1070": 0.01785762814169286,
        "banzhang": 0.0383145308391324,
        "lsy": 0.04753437739940172,
        "lsy_2": 0.10378000781623749,
        "lsy_3": 0.10819303770859168,
        "master": 0.10068990303740467,
        "niu": 0.07777054512897867,
        "prol": 0.09898245236893076,
        "prol2": 0.08728213445849975,
        "prot": 0.02371764192616864,
        "putien": 0.07988324829455157,
        "yyl": 0.07700740911145461,
        "zaiton": 0.08745244321930667,
        "lee": 0.051534640549648465
    }
}