{
    "sum": 1.9968768793206473,
    "coin": {
        "lsy": 0.1206428455813649,
        "lsy_2": 0.22439611759837055,
        "lsy_3": 0.23359397006752197,
        "master": 0.18847698868166513,
        "prol": 0.20791816894381712,
        "prol2": 0.1626270868631504,
        "putien": 0.19304377162256825,
        "zaiton": 0.2078170911728372,
        "niu": 0.14277010601970758,
        "lee": 0.126175280840426,
        "yyl": 0.10309474325592631,
        "1070": 0.025890914882717553,
        "banzhang": 0.037324812183372365,
        "prot": 0.02310498160720185
    },
    "portion": {
        "lsy": 0.06041576565421926,
        "lsy_2": 0.11237353685757122,
        "lsy_3": 0.11697965582484605,
        "master": 0.09438588359327714,
        "prol": 0.10412167675282638,
        "prol2": 0.08144071802688074,
        "putien": 0.09667284629398043,
        "zaiton": 0.10407105882438689,
        "niu": 0.07149669942008596,
        "lee": 0.06318630965538136,
        "yyl": 0.05162799185245709,
        "1070": 0.012965704170767823,
        "banzhang": 0.018691594143786447,
        "prot": 0.011570558929533173
    }
}