{
    "sum": 2.309069295135022,
    "coin": {
        "lsy": 0.12645737718677977,
        "lsy_2": 0.2699949586345197,
        "lsy_3": 0.2574515787517966,
        "master": 0.20335569599778647,
        "prol": 0.2216031988102114,
        "prol2": 0.17389479528842489,
        "putien": 0.2788011259539953,
        "zaiton": 0.2899528243331164,
        "niu": 0.1430211511516291,
        "lee": 0.13578617888950265,
        "yyl": 0.10309474325592631,
        "1070": 0.04522587309075892,
        "banzhang": 0.037324812183372365,
        "prot": 0.02310498160720185
    },
    "portion": {
        "lsy": 0.05476551849405854,
        "lsy_2": 0.11692804508005546,
        "lsy_3": 0.11149582184225537,
        "master": 0.08806825175244268,
        "prol": 0.09597078757103877,
        "prol2": 0.07530947453798977,
        "putien": 0.12074177528643312,
        "zaiton": 0.12557129616855503,
        "niu": 0.061938873576882415,
        "lee": 0.05880558854409028,
        "yyl": 0.044647747676146675,
        "1070": 0.019586191365519135,
        "banzhang": 0.01616444004604453,
        "prot": 0.010006188058488213
    }
}