{
    "sum": 1.0080310227074725,
    "coin": {
        "1070": 0.017396340287388568,
        "banzhang": 0.03732481218337236,
        "lsy": 0.04863355907687264,
        "lsy_2": 0.10533360170795421,
        "lsy_3": 0.10968266241323694,
        "master": 0.1016900607267984,
        "niu": 0.07576162168147649,
        "prol": 0.10041069460378999,
        "prol2": 0.08502751317262705,
        "prot": 0.02310498160720185,
        "putien": 0.08170294567756946,
        "yyl": 0.0785398251748013,
        "zaiton": 0.08923786487027736,
        "lee": 0.054184539524105936
    },
    "portion": {
        "1070": 0.017257742961782768,
        "banzhang": 0.037027443940288236,
        "lsy": 0.04824609360359532,
        "lsy_2": 0.10449440477043899,
        "lsy_3": 0.10880881633844966,
        "master": 0.10087989202323244,
        "niu": 0.07515802586907316,
        "prol": 0.0996107186603213,
        "prol2": 0.0843500956391714,
        "prot": 0.02292090331222559,
        "putien": 0.08105201510378457,
        "yyl": 0.07791409530616532,
        "zaiton": 0.08852690329965561,
        "lee": 0.05375284917181574
    }
}