{
    "sum": 2.194874937160958,
    "coin": {
        "lsy": 0.12644948485969393,
        "lsy_2": 0.25998004606344527,
        "lsy_3": 0.25643388897900105,
        "master": 0.20335569599778647,
        "prol": 0.2215752526686047,
        "prol2": 0.17383810270322028,
        "putien": 0.2247376337630346,
        "zaiton": 0.2428662457244908,
        "niu": 0.1430211511516291,
        "lee": 0.13578617888950265,
        "yyl": 0.10309474325592631,
        "1070": 0.04330671931404845,
        "banzhang": 0.037324812183372365,
        "prot": 0.02310498160720185
    },
    "portion": {
        "lsy": 0.057611248239617094,
        "lsy_2": 0.11844868318544201,
        "lsy_3": 0.11683302981749608,
        "master": 0.09265024287024953,
        "prol": 0.10095119722639385,
        "prol2": 0.07920182592639086,
        "putien": 0.10239199963426152,
        "zaiton": 0.11065151896018052,
        "niu": 0.06516141249333554,
        "lee": 0.06186510975661341,
        "yyl": 0.04697066858364058,
        "1070": 0.019730836860374888,
        "banzhang": 0.017005439148916394,
        "prot": 0.010526787297087569
    }
}