{
    "sum": 0.09562596933018686,
    "coin": {
        "1070": 0.007950840607536772,
        "banzhang": 0.023274303594415596,
        "lsy": 0.0032636625967623137,
        "lsy_2": 0.003597121966992901,
        "master": 0.0031365242368804353,
        "niu": 0.01797920920920383,
        "prol": 0.004442550375424115,
        "prot": 0.009786588893163433,
        "putien": 0.016907123424788145,
        "syl": 0.005288044425019316
    },
    "portion": {
        "1070": 0.08314520274386258,
        "banzhang": 0.24338894295598476,
        "lsy": 0.034129458970431084,
        "lsy_2": 0.037616580435095,
        "master": 0.03279992097178469,
        "niu": 0.18801596820549268,
        "prol": 0.04645757221121007,
        "prot": 0.1023423758390498,
        "putien": 0.1768047272431775,
        "syl": 0.055299250423911844
    }
}