{
    "sum": 0.4764479343096119,
    "coin": {
        "1070": 0.013900674242158895,
        "banzhang": 0.03732481218337236,
        "lsy": 0.026302887551270304,
        "lsy_2": 0.04384169609623163,
        "lsy_3": 0.045352725790846836,
        "master": 0.04257246894409782,
        "niu": 0.04438577667866067,
        "prol": 0.043426356923482325,
        "prol2": 0.04288784366617572,
        "prot": 0.02310498160720185,
        "putien": 0.03413427661147391,
        "yyl": 0.03335367707754093,
        "zaiton": 0.03964924549928703,
        "lee": 0.006210511437811663
    },
    "portion": {
        "1070": 0.029175641746251688,
        "banzhang": 0.07833975025509805,
        "lsy": 0.0552062159517682,
        "lsy_2": 0.09201781126359512,
        "lsy_3": 0.09518925894088379,
        "master": 0.08935387453360812,
        "niu": 0.09315976307668762,
        "prol": 0.09114607031806841,
        "prol2": 0.09001580357006177,
        "prot": 0.0484942423786173,
        "putien": 0.071643246099777,
        "yyl": 0.07000487288473915,
        "zaiton": 0.08321842250557773,
        "lee": 0.01303502647526616
    }
}