{
    "sum": 1.1224903766071095,
    "coin": {
        "1070": 0.017396340287388568,
        "banzhang": 0.03732481218337236,
        "lsy": 0.056472729242003465,
        "lsy_2": 0.1159681534172398,
        "lsy_3": 0.1224630509619624,
        "master": 0.11347058624001599,
        "niu": 0.08544575744148049,
        "prol": 0.11442938925974214,
        "prol2": 0.08502751317262705,
        "prot": 0.02310498160720185,
        "putien": 0.09393911184345743,
        "yyl": 0.0878759056258629,
        "zaiton": 0.10209474669420977,
        "lee": 0.06747729863054536
    },
    "portion": {
        "1070": 0.01549798612970878,
        "banzhang": 0.033251788132199436,
        "lsy": 0.050310212380350654,
        "lsy_2": 0.10331327184093143,
        "lsy_3": 0.10909942170918631,
        "master": 0.10108824859861815,
        "niu": 0.07612159464542825,
        "prol": 0.10194242342248101,
        "prol2": 0.0757489907660813,
        "prot": 0.020583679012946214,
        "putien": 0.08368812223353048,
        "yyl": 0.07828655590926366,
        "zaiton": 0.09095378349951293,
        "lee": 0.06011392171976147
    }
}