{
    "sum": 2.341772122985366,
    "coin": {
        "lsy": 0.12645737718677977,
        "lsy_2": 0.2699949586345197,
        "lsy_3": 0.2574515787517966,
        "master": 0.20335569599778647,
        "prol": 0.2216853962665857,
        "prol2": 0.17389479528842489,
        "putien": 0.295622454525853,
        "zaiton": 0.30575212615522873,
        "niu": 0.1430211511516291,
        "lee": 0.13578617888950265,
        "yyl": 0.10309474325592631,
        "1070": 0.04522587309075892,
        "banzhang": 0.037324812183372365,
        "prot": 0.02310498160720185
    },
    "portion": {
        "lsy": 0.054000718492441466,
        "lsy_2": 0.11529514592150901,
        "lsy_3": 0.10993878363518525,
        "master": 0.08683837936312186,
        "prol": 0.09466565687184544,
        "prol2": 0.07425777836433471,
        "putien": 0.12623877943725115,
        "zaiton": 0.1305644230513113,
        "niu": 0.06107389773232981,
        "lee": 0.05798436899846518,
        "yyl": 0.04402424225825091,
        "1070": 0.01931267036909788,
        "banzhang": 0.01593870377779948,
        "prot": 0.00986645172705655
    }
}