{
    "sum": 1.6062565486994653,
    "coin": {
        "1070": 0.017396340287388568,
        "banzhang": 0.03732481218337236,
        "lsy": 0.08798991809767395,
        "lsy_2": 0.1718977014788481,
        "lsy_3": 0.17870821670794643,
        "master": 0.16543764349041734,
        "niu": 0.1107934102755697,
        "prol": 0.17367252207305092,
        "prol2": 0.12054562140308919,
        "prot": 0.02310498160720185,
        "putien": 0.14743491801662034,
        "yyl": 0.09932233181395651,
        "zaiton": 0.15953742479417662,
        "lee": 0.1130907064701536
    },
    "portion": {
        "1070": 0.010830362249090177,
        "banzhang": 0.023237142418870177,
        "lsy": 0.05477949221057905,
        "lsy_2": 0.10701758795506744,
        "lsy_3": 0.1112575801497219,
        "master": 0.10299577836701548,
        "niu": 0.06897616097831669,
        "prol": 0.10812253012363936,
        "prol2": 0.07504755171313769,
        "prot": 0.014384365701674005,
        "putien": 0.091787901587697,
        "yyl": 0.06183466264736766,
        "zaiton": 0.09932250543871649,
        "lee": 0.07040637845910701
    }
}