{
    "sum": 2.261555636630483,
    "coin": {
        "lsy": 0.12645737718677977,
        "lsy_2": 0.2699949586345197,
        "lsy_3": 0.2574515787517966,
        "master": 0.20335569599778647,
        "prol": 0.2216031988102114,
        "prol2": 0.17389479528842489,
        "putien": 0.2532938876760642,
        "zaiton": 0.267946404106509,
        "niu": 0.1430211511516291,
        "lee": 0.13578617888950265,
        "yyl": 0.10309474325592631,
        "1070": 0.04522587309075892,
        "banzhang": 0.037324812183372365,
        "prot": 0.02310498160720185
    },
    "portion": {
        "lsy": 0.05591610267664696,
        "lsy_2": 0.11938461926888,
        "lsy_3": 0.11383826892509112,
        "master": 0.08991850242551114,
        "prol": 0.09798706484196006,
        "prol2": 0.07689167247174723,
        "putien": 0.11199984805744138,
        "zaiton": 0.11847880271728593,
        "niu": 0.06324016479414052,
        "lee": 0.060041051694758214,
        "yyl": 0.04558576476567622,
        "1070": 0.019997683169157603,
        "banzhang": 0.016504043313735593,
        "prot": 0.01021641087796815
    }
}