{
    "sum": 0.5258253854468368,
    "coin": {
        "1070": 0.016116945287597117,
        "banzhang": 0.03732481218337236,
        "lsy": 0.029028898949066406,
        "lsy_2": 0.04847930310706072,
        "lsy_3": 0.050338268720934394,
        "master": 0.0474250279746657,
        "niu": 0.04889512254879275,
        "prol": 0.04826046703896655,
        "prol2": 0.04763631049824819,
        "prot": 0.02310498160720185,
        "putien": 0.03677523730480959,
        "yyl": 0.037400411121240304,
        "zaiton": 0.04433382780564364,
        "lee": 0.010705771299237218
    },
    "portion": {
        "1070": 0.030650755428822122,
        "banzhang": 0.07098328307533958,
        "lsy": 0.055206347491949595,
        "lsy_2": 0.0921965816957732,
        "lsy_3": 0.09573191046711801,
        "master": 0.09019159075852677,
        "niu": 0.09298737547112254,
        "prol": 0.09178040538677243,
        "prol2": 0.09059340194800167,
        "prot": 0.04394040730378139,
        "putien": 0.06993811695408861,
        "yyl": 0.07112705501933521,
        "zaiton": 0.08431283280089182,
        "lee": 0.020359936198477084
    }
}