{
    "sum": 1.7435482101310995,
    "coin": {
        "1070": 0.017396340287388568,
        "banzhang": 0.03732481218337236,
        "lsy": 0.09988731311423289,
        "lsy_2": 0.18865167726349902,
        "lsy_3": 0.1963608897691446,
        "master": 0.1673375659231708,
        "niu": 0.1283035263008321,
        "prol": 0.18604079909473176,
        "prol2": 0.13271621278489726,
        "prot": 0.02310498160720185,
        "putien": 0.16264250253075221,
        "yyl": 0.10309474325592632,
        "zaiton": 0.17451156517552371,
        "lee": 0.12617528084042598
    },
    "portion": {
        "1070": 0.00997755048372337,
        "banzhang": 0.02140738751385937,
        "lsy": 0.05728967661107704,
        "lsy_2": 0.10819986288151681,
        "lsy_3": 0.11262142831965626,
        "master": 0.09597530194509993,
        "niu": 0.07358759887183436,
        "prol": 0.10670241179092095,
        "prol2": 0.0761184646422356,
        "prot": 0.01325170217430613,
        "putien": 0.09328248085467217,
        "yyl": 0.05912927595398954,
        "zaiton": 0.10008989952873283,
        "lee": 0.07236695842837561
    }
}