{
    "sum": 0.12206901000475683,
    "coin": {
        "1070": 0.00472786455753224,
        "banzhang": 0.01204801938161831,
        "lsy": 0.005107131934807374,
        "lsy_2": 0.009988481424910902,
        "lsy_3": 0.010391406916363158,
        "master": 0.009599476717503063,
        "niu": 0.010028364280560743,
        "prol": 0.00868231212035145,
        "prol2": 0.009758937456203496,
        "prot": 0.015957165981918087,
        "putien": 0.008704546080470894,
        "yyl": 0.007274375967598393,
        "zaiton": 0.009800927184918717
    },
    "portion": {
        "1070": 0.03873107971751391,
        "banzhang": 0.09869842789049259,
        "lsy": 0.04183807122387867,
        "lsy_2": 0.08182651292512054,
        "lsy_3": 0.08512731377077787,
        "master": 0.07863975235916952,
        "niu": 0.0821532367647608,
        "prol": 0.07112625981002971,
        "prol2": 0.07994606866905209,
        "prot": 0.1307224985382962,
        "putien": 0.07130840235479663,
        "yyl": 0.059592323779105956,
        "zaiton": 0.08029005219700554
    }
}