{
    "sum": 0.06912295887619103,
    "coin": {
        "banzhang": 0.018603076566514415,
        "syl": 0.005288044425019316,
        "1070": 0.00632101978443104,
        "niu": 0.015254031053223708,
        "putien": 0.013509402451792728,
        "prot": 0.0070786861309170765,
        "lsy": 0.0011948119145179005,
        "lsy_2": 0.0003357943768969912,
        "prol": 0.0015380921728778579
    },
    "portion": {
        "banzhang": 0.26913021185674574,
        "syl": 0.07650199746933503,
        "1070": 0.09144602440634635,
        "niu": 0.22067965985868498,
        "putien": 0.1954401644754527,
        "prot": 0.1024071632060196,
        "lsy": 0.017285312057575213,
        "lsy_2": 0.004857928282532672,
        "prol": 0.022251538387307722
    }
}