{
    "sum": 1.5714445785726305,
    "coin": {
        "1070": 0.017396340287388568,
        "banzhang": 0.03732481218337236,
        "lsy": 0.08579474607313294,
        "lsy_2": 0.16936407966180494,
        "lsy_3": 0.1760418358512066,
        "master": 0.16228318157130756,
        "niu": 0.1075226225614062,
        "prol": 0.16995112744666843,
        "prol2": 0.11674288565499345,
        "prot": 0.02310498160720185,
        "putien": 0.14409668263465975,
        "yyl": 0.09655921145940535,
        "zaiton": 0.15607402214735602,
        "lee": 0.10918804943272668
    },
    "portion": {
        "1070": 0.011070285598738681,
        "banzhang": 0.02375191126197725,
        "lsy": 0.05459610045621955,
        "lsy_2": 0.10777604375691135,
        "lsy_3": 0.11202548168202557,
        "master": 0.10327006359887797,
        "niu": 0.06842279010505786,
        "prol": 0.10814961581466519,
        "prol2": 0.0742901704882478,
        "prot": 0.014703020343350888,
        "putien": 0.09169695489073193,
        "yyl": 0.06144614501588831,
        "zaiton": 0.09931882057789189,
        "lee": 0.06948259640941587
    }
}