{
    "sum": 1.4598818016688957,
    "coin": {
        "1070": 0.017396340287388568,
        "banzhang": 0.03732481218337236,
        "lsy": 0.07819079484698906,
        "lsy_2": 0.15706593034085642,
        "lsy_3": 0.16308978119208706,
        "master": 0.15023753812892018,
        "niu": 0.10128925819096928,
        "prol": 0.15855251979332377,
        "prol2": 0.10601835594002701,
        "prot": 0.02310498160720185,
        "putien": 0.1321388208105571,
        "yyl": 0.09360083324469777,
        "zaiton": 0.1441323664110682,
        "lee": 0.09773946869143729
    },
    "portion": {
        "1070": 0.011916266280942445,
        "banzhang": 0.025567009699486415,
        "lsy": 0.05355967500766401,
        "lsy_2": 0.10758811443591056,
        "lsy_3": 0.1117143737291933,
        "master": 0.1029107548002673,
        "niu": 0.06938182123729349,
        "prol": 0.1086064088284894,
        "prol2": 0.0726211915367599,
        "prot": 0.015826611154950276,
        "putien": 0.09051336941079732,
        "yyl": 0.06411535039185771,
        "zaiton": 0.09872879177362176,
        "lee": 0.06695026171276626
    }
}