{
    "sum": 2.007744442844156,
    "coin": {
        "lsy": 0.1209728123031204,
        "lsy_2": 0.2259845291222368,
        "lsy_3": 0.23516705440007113,
        "master": 0.18980578100179263,
        "prol": 0.20934764475553147,
        "prol2": 0.16420334760024197,
        "putien": 0.19399903316184353,
        "zaiton": 0.2091866773069019,
        "niu": 0.14277010601970758,
        "lee": 0.126175280840426,
        "yyl": 0.10309474325592631,
        "1070": 0.026607639285782345,
        "banzhang": 0.037324812183372365,
        "prot": 0.02310498160720185
    },
    "portion": {
        "lsy": 0.060253092834739064,
        "lsy_2": 0.11255642117584883,
        "lsy_3": 0.11712997400552393,
        "master": 0.09453682298974024,
        "prol": 0.1042700655960831,
        "prol2": 0.08178498423217284,
        "putien": 0.09662536178510145,
        "zaiton": 0.10418989232044372,
        "niu": 0.0711097005042437,
        "lee": 0.06284429340105009,
        "yyl": 0.05134853871635329,
        "1070": 0.013252503016813313,
        "banzhang": 0.018590419869621608,
        "prot": 0.01150792955226488
    }
}