{
    "sum": 0.8856148675734372,
    "coin": {
        "1070": 0.017396340287388568,
        "banzhang": 0.03732481218337236,
        "lsy": 0.0406222479401401,
        "lsy_2": 0.0897612991446321,
        "lsy_3": 0.09375550090183965,
        "master": 0.0880787775085079,
        "niu": 0.07576162168147649,
        "prol": 0.08498696533818909,
        "prol2": 0.0826321151670664,
        "prot": 0.02310498160720185,
        "putien": 0.06847225515943198,
        "yyl": 0.06639451580017053,
        "zaiton": 0.07770245465659763,
        "lee": 0.039620980197422544
    },
    "portion": {
        "1070": 0.019643234236857505,
        "banzhang": 0.042145647673735895,
        "lsy": 0.04586897694191161,
        "lsy_2": 0.10135477895778312,
        "lsy_3": 0.10586486782762286,
        "master": 0.09945494450634232,
        "niu": 0.08554691712556887,
        "prol": 0.09596379696182299,
        "prol2": 0.0933047966928066,
        "prot": 0.02608919797214892,
        "putien": 0.07731606329853546,
        "yyl": 0.07496996519727571,
        "zaiton": 0.08773842615074928,
        "lee": 0.044738386456838794
    }
}