{
    "sum": 1.989521171893595,
    "coin": {
        "lsy": 0.1199661331518021,
        "lsy_2": 0.2232934643139425,
        "lsy_3": 0.23251177068507906,
        "master": 0.18747588899007278,
        "prol": 0.20779285223349309,
        "prol2": 0.1614955323406896,
        "putien": 0.19236071632586782,
        "zaiton": 0.20684064046711426,
        "niu": 0.14277010601970758,
        "lee": 0.126175280840426,
        "yyl": 0.10309474325592631,
        "1070": 0.025314249478899917,
        "banzhang": 0.037324812183372365,
        "prot": 0.02310498160720185
    },
    "portion": {
        "lsy": 0.060298997993381606,
        "lsy_2": 0.11223477662286714,
        "lsy_3": 0.11686820626481598,
        "master": 0.09423166319543921,
        "prol": 0.10444364964245095,
        "prol2": 0.08117306547031149,
        "putien": 0.09668694108079379,
        "zaiton": 0.10396503610476615,
        "niu": 0.07176103880504134,
        "lee": 0.06341992365948755,
        "yyl": 0.05181887215495292,
        "1070": 0.012723789943288823,
        "banzhang": 0.018760701173060248,
        "prot": 0.011613337889342937
    }
}