{
    "sum": 2.362798408690221,
    "coin": {
        "lsy": 0.12645737718677977,
        "lsy_2": 0.2699949586345197,
        "lsy_3": 0.2574515787517966,
        "master": 0.20335569599778647,
        "prol": 0.2216853962665857,
        "prol2": 0.17389479528842489,
        "putien": 0.3071254811793292,
        "zaiton": 0.3152753852066072,
        "niu": 0.1430211511516291,
        "lee": 0.13578617888950265,
        "yyl": 0.10309474325592631,
        "1070": 0.04522587309075892,
        "banzhang": 0.037324812183372365,
        "prot": 0.02310498160720185
    },
    "portion": {
        "lsy": 0.05352017197983444,
        "lsy_2": 0.11426914697483102,
        "lsy_3": 0.10896045037312799,
        "master": 0.08606561408279999,
        "prol": 0.09382323750144787,
        "prol2": 0.07359696648213872,
        "putien": 0.12998378534949973,
        "zaiton": 0.1334330444980175,
        "niu": 0.06053040776801207,
        "lee": 0.0574683724138673,
        "yyl": 0.04363247532110673,
        "1070": 0.019140809018840143,
        "banzhang": 0.01579686698877657,
        "prot": 0.009778651247699851
    }
}