{
    "sum": 1.6429413068876766,
    "coin": {
        "1070": 0.017396340287388568,
        "banzhang": 0.03732481218337236,
        "lsy": 0.09062415055678026,
        "lsy_2": 0.1760071123345568,
        "lsy_3": 0.18190297362597216,
        "master": 0.16543764349041734,
        "niu": 0.11552052647708154,
        "prol": 0.1782716709714117,
        "prol2": 0.12419361027244959,
        "prot": 0.02310498160720185,
        "putien": 0.15176246004480343,
        "yyl": 0.09975859609347941,
        "zaiton": 0.16374277826233657,
        "lee": 0.11789365068042491
    },
    "portion": {
        "1070": 0.010588534243103005,
        "banzhang": 0.022718287030033358,
        "lsy": 0.05515970057899091,
        "lsy_2": 0.10712927576699484,
        "lsy_3": 0.11071787705585295,
        "master": 0.10069601561349499,
        "niu": 0.07031324003650445,
        "prol": 0.10850763214975861,
        "prol2": 0.07559223798914465,
        "prot": 0.014063181387149503,
        "putien": 0.09237241732773538,
        "yyl": 0.06071951303145343,
        "zaiton": 0.09966441136751529,
        "lee": 0.07175767642226856
    }
}