{
    "sum": 2.2314400617388,
    "coin": {
        "lsy": 0.12644948485969393,
        "lsy_2": 0.2699949586345197,
        "lsy_3": 0.25715658243741574,
        "master": 0.20335569599778647,
        "prol": 0.2215752526686047,
        "prol2": 0.17389479528842489,
        "putien": 0.2374648118881477,
        "zaiton": 0.2539907397858156,
        "niu": 0.1430211511516291,
        "lee": 0.13578617888950265,
        "yyl": 0.10309474325592631,
        "1070": 0.04522587309075892,
        "banzhang": 0.037324812183372365,
        "prot": 0.02310498160720185
    },
    "portion": {
        "lsy": 0.05666721102119184,
        "lsy_2": 0.12099583729088927,
        "lsy_3": 0.11524243328186562,
        "master": 0.0911320449447009,
        "prol": 0.0992969770812249,
        "prol2": 0.07792940454466935,
        "putien": 0.10641774160095904,
        "zaiton": 0.11382368907901518,
        "niu": 0.0640936557534882,
        "lee": 0.060851367337957665,
        "yyl": 0.04620099146897633,
        "1070": 0.02026757243728862,
        "banzhang": 0.016726782324723452,
        "prot": 0.010354291833049645
    }
}