{
    "sum": 2.3354881718780334,
    "coin": {
        "lsy": 0.12645737718677977,
        "lsy_2": 0.2699949586345197,
        "lsy_3": 0.2574515787517966,
        "master": 0.20335569599778647,
        "prol": 0.2216853962665857,
        "prol2": 0.17389479528842489,
        "putien": 0.2923361636756063,
        "zaiton": 0.30275446589814287,
        "niu": 0.1430211511516291,
        "lee": 0.13578617888950265,
        "yyl": 0.10309474325592631,
        "1070": 0.04522587309075892,
        "banzhang": 0.037324812183372365,
        "prot": 0.02310498160720185
    },
    "portion": {
        "lsy": 0.054146014828707845,
        "lsy_2": 0.11560536331785787,
        "lsy_3": 0.11023458900447881,
        "master": 0.08707202992779976,
        "prol": 0.0949203677997316,
        "prol2": 0.07445757909730327,
        "putien": 0.12517133128554034,
        "zaiton": 0.12963219833166154,
        "niu": 0.06123822542702997,
        "lee": 0.05814038389255171,
        "yyl": 0.044142695517496396,
        "1070": 0.019364633756372866,
        "banzhang": 0.015981589045410752,
        "prot": 0.009892998768057331
    }
}