{
    "sum": 2.1974633219058464,
    "coin": {
        "lsy": 0.12644948485969393,
        "lsy_2": 0.2607498944497333,
        "lsy_3": 0.25643388897900105,
        "master": 0.20335569599778647,
        "prol": 0.2215752526686047,
        "prol2": 0.17383810270322028,
        "putien": 0.22552470280348916,
        "zaiton": 0.2435562690948857,
        "niu": 0.1430211511516291,
        "lee": 0.13578617888950265,
        "yyl": 0.10309474325592631,
        "1070": 0.043648163261799114,
        "banzhang": 0.037324812183372365,
        "prot": 0.02310498160720185
    },
    "portion": {
        "lsy": 0.05754338814175295,
        "lsy_2": 0.11865949790851868,
        "lsy_3": 0.11669541257990032,
        "master": 0.0925411104570416,
        "prol": 0.10083228714663317,
        "prol2": 0.07910853435881313,
        "putien": 0.10262956407749868,
        "zaiton": 0.11083519195380738,
        "niu": 0.0650846590820855,
        "lee": 0.061792239049403626,
        "yyl": 0.04691534198919547,
        "1070": 0.019862976927388865,
        "banzhang": 0.01698540849865052,
        "prot": 0.010514387829309954
    }
}