{
    "sum": 2.206239415679629,
    "coin": {
        "lsy": 0.12644948485969393,
        "lsy_2": 0.2633985772757958,
        "lsy_3": 0.25643388897900105,
        "master": 0.20335569599778647,
        "prol": 0.2215752526686047,
        "prol2": 0.17389479528842489,
        "putien": 0.22807171341013047,
        "zaiton": 0.24592648298396264,
        "niu": 0.1430211511516291,
        "lee": 0.13578617888950265,
        "yyl": 0.10309474325592631,
        "1070": 0.04480165712859633,
        "banzhang": 0.037324812183372365,
        "prot": 0.02310498160720185
    },
    "portion": {
        "lsy": 0.057314489062711874,
        "lsy_2": 0.11938802987737222,
        "lsy_3": 0.116231215504781,
        "master": 0.09217299561985344,
        "prol": 0.10043119123603761,
        "prol2": 0.07881954879990068,
        "putien": 0.10337577680338618,
        "zaiton": 0.11146862903281297,
        "niu": 0.06482576194368808,
        "lee": 0.061546438670471264,
        "yyl": 0.046728719704324614,
        "1070": 0.02030679753529616,
        "banzhang": 0.01691784305824058,
        "prot": 0.010472563151123104
    }
}