{
    "sum": 1.5909378048046579,
    "coin": {
        "1070": 0.017396340287388568,
        "banzhang": 0.03732481218337236,
        "lsy": 0.08693347643000242,
        "lsy_2": 0.17137407792541243,
        "lsy_3": 0.17817302717240674,
        "master": 0.1644124175235905,
        "niu": 0.1090298418621692,
        "prol": 0.17186421186988396,
        "prol2": 0.11870165718550386,
        "prot": 0.02310498160720185,
        "putien": 0.14575099598903715,
        "yyl": 0.0977726134947802,
        "zaiton": 0.15788655070687369,
        "lee": 0.11121280056703486
    },
    "portion": {
        "1070": 0.010934645109853659,
        "banzhang": 0.023460887075944025,
        "lsy": 0.0546429132348618,
        "lsy_2": 0.10771890479179007,
        "lsy_3": 0.11199245290062335,
        "master": 0.1033430829458338,
        "niu": 0.06853180654384937,
        "prol": 0.10802698342502848,
        "prol2": 0.07461112359453835,
        "prot": 0.01452286917654759,
        "putien": 0.09161325826117576,
        "yyl": 0.061455962137240895,
        "zaiton": 0.09924118355227574,
        "lee": 0.06990392725043708
    }
}