{
    "sum": 2.2549228454168984,
    "coin": {
        "lsy": 0.12645737718677977,
        "lsy_2": 0.2699949586345197,
        "lsy_3": 0.2574515787517966,
        "master": 0.20335569599778647,
        "prol": 0.2215752526686047,
        "prol2": 0.17389479528842489,
        "putien": 0.2495444185523192,
        "zaiton": 0.26509102815827573,
        "niu": 0.1430211511516291,
        "lee": 0.13578617888950265,
        "yyl": 0.10309474325592631,
        "1070": 0.04522587309075892,
        "banzhang": 0.037324812183372365,
        "prot": 0.02310498160720185
    },
    "portion": {
        "lsy": 0.056080578297303056,
        "lsy_2": 0.1197357857202436,
        "lsy_3": 0.11417312094516387,
        "master": 0.09018299513489089,
        "prol": 0.0982628976059884,
        "prol2": 0.07711784713249228,
        "putien": 0.11066649976938901,
        "zaiton": 0.11756101930364041,
        "niu": 0.06342618393454914,
        "lee": 0.060217660735260324,
        "yyl": 0.04571985399210667,
        "1070": 0.020056505783636866,
        "banzhang": 0.016552589486258727,
        "prot": 0.010246462159076718
    }
}