{
    "sum": 1.2326841542900004,
    "coin": {
        "1070": 0.017396340287388568,
        "banzhang": 0.03732481218337236,
        "lsy": 0.0640207397415641,
        "lsy_2": 0.13115809292435593,
        "lsy_3": 0.138629423904565,
        "master": 0.12698222710957047,
        "niu": 0.09126640069685582,
        "prol": 0.1307731910235348,
        "prol2": 0.08502751317262705,
        "prot": 0.02310498160720185,
        "putien": 0.10783522567729965,
        "yyl": 0.0878759056258629,
        "zaiton": 0.11737530973260668,
        "lee": 0.07391399060319541
    },
    "portion": {
        "1070": 0.014112569084988754,
        "banzhang": 0.030279299083608848,
        "lsy": 0.051936045027234624,
        "lsy_2": 0.10640040473295462,
        "lsy_3": 0.1124614309530186,
        "master": 0.10301278447333453,
        "niu": 0.07403875549079586,
        "prol": 0.10608815775591546,
        "prol2": 0.06897753400716104,
        "prot": 0.018743634796303376,
        "putien": 0.0874800128662402,
        "yyl": 0.07128825767739144,
        "zaiton": 0.09521928981086995,
        "lee": 0.05996182424018282
    }
}