{
    "sum": 1.6017043692822597,
    "coin": {
        "1070": 0.017396340287388568,
        "banzhang": 0.03732481218337236,
        "lsy": 0.08760384561369494,
        "lsy_2": 0.1718977014788481,
        "lsy_3": 0.17870821670794643,
        "master": 0.16543764349041734,
        "niu": 0.11017395635433007,
        "prol": 0.17305679232368248,
        "prol2": 0.11988768437251403,
        "prot": 0.02310498160720185,
        "putien": 0.14686760250157718,
        "yyl": 0.09881212026760483,
        "zaiton": 0.15896762649788604,
        "lee": 0.11246504559579532
    },
    "portion": {
        "1070": 0.010861143055496594,
        "banzhang": 0.023303184344872576,
        "lsy": 0.05469414162424439,
        "lsy_2": 0.10732174100010555,
        "lsy_3": 0.1115737836115334,
        "master": 0.10328850108871943,
        "niu": 0.06878545034106398,
        "prol": 0.10804540191223368,
        "prol2": 0.07485007013262812,
        "prot": 0.014425247286773296,
        "putien": 0.091694575677152,
        "yyl": 0.061691859098744646,
        "zaiton": 0.09924904342311376,
        "lee": 0.07021585740331848
    }
}