{
    "sum": 1.6994333773524524,
    "coin": {
        "1070": 0.017396340287388568,
        "banzhang": 0.03732481218337236,
        "lsy": 0.09460905591748639,
        "lsy_2": 0.1825516088280671,
        "lsy_3": 0.18901936818296408,
        "master": 0.1656370178083176,
        "niu": 0.12102318179172054,
        "prol": 0.18393532578432173,
        "prol2": 0.1305410787498214,
        "prot": 0.02310498160720185,
        "putien": 0.15769611197903652,
        "yyl": 0.10222018760022095,
        "zaiton": 0.169756434407477,
        "lee": 0.12461787222505638
    },
    "portion": {
        "1070": 0.010236553264883104,
        "banzhang": 0.021963092334646675,
        "lsy": 0.05567094137275205,
        "lsy_2": 0.10741910289679274,
        "lsy_3": 0.1112249357356023,
        "master": 0.0974660260388457,
        "niu": 0.07121384304000347,
        "prol": 0.10823332543396,
        "prol2": 0.07681447268806228,
        "prot": 0.013595697198319776,
        "putien": 0.09279334752428561,
        "yyl": 0.060149570417093845,
        "zaiton": 0.0998900202089361,
        "lee": 0.0733290718458164
    }
}