{
    "sum": 1.8594291678855108,
    "coin": {
        "1070": 0.01774099511576619,
        "banzhang": 0.03732481218337236,
        "lsy": 0.11149207563815579,
        "lsy_2": 0.2062860420791574,
        "lsy_3": 0.21815011187789726,
        "master": 0.17273291089579004,
        "niu": 0.13366314824989728,
        "prol": 0.19452274621397928,
        "prol2": 0.1447191609954396,
        "prot": 0.02310498160720185,
        "putien": 0.17820746289808825,
        "yyl": 0.10309474325592632,
        "zaiton": 0.19221469603441313,
        "lee": 0.12617528084042598
    },
    "portion": {
        "1070": 0.009541097570250949,
        "banzhang": 0.020073263788701914,
        "lsy": 0.05996037792874969,
        "lsy_2": 0.11094052176977515,
        "lsy_3": 0.11732101208564523,
        "master": 0.09289566598130593,
        "niu": 0.0718839687783833,
        "prol": 0.10461422762082673,
        "prol2": 0.07782988644843625,
        "prot": 0.012425846601877375,
        "putien": 0.09583987708482633,
        "yyl": 0.055444297118971565,
        "zaiton": 0.10337295948357857,
        "lee": 0.06785699773867099
    }
}