{
    "sum": 0.9627786855292224,
    "coin": {
        "1070": 0.017396340287388568,
        "banzhang": 0.03732481218337236,
        "lsy": 0.045583243788187074,
        "lsy_2": 0.09971802973083162,
        "lsy_3": 0.10392154891761447,
        "master": 0.09684894616893833,
        "niu": 0.07576162168147649,
        "prol": 0.09505096527755956,
        "prol2": 0.08502751317262705,
        "prot": 0.02310498160720185,
        "putien": 0.07653004411909248,
        "yyl": 0.07388820430229982,
        "zaiton": 0.08382956514056618,
        "lee": 0.04879286915206669
    },
    "portion": {
        "1070": 0.0180688880516981,
        "banzhang": 0.038767800683970864,
        "lsy": 0.04734550574634997,
        "lsy_2": 0.10357315884700789,
        "lsy_3": 0.10793918735383162,
        "master": 0.10059315564895599,
        "niu": 0.07869058883437129,
        "prol": 0.09872566427383228,
        "prol2": 0.08831470248626135,
        "prot": 0.023998227167338515,
        "putien": 0.07948871871527283,
        "yyl": 0.07674474457407081,
        "zaiton": 0.08707044142183783,
        "lee": 0.05067921619520078
    }
}