{
    "sum": 1.7961004222340289,
    "coin": {
        "1070": 0.017396340287388568,
        "banzhang": 0.03732481218337236,
        "lsy": 0.10658180922021443,
        "lsy_2": 0.19938184466625833,
        "lsy_3": 0.20929549562746516,
        "master": 0.1673375659231708,
        "niu": 0.12881161983924058,
        "prol": 0.18604079909473176,
        "prol2": 0.13577590821031438,
        "prot": 0.02310498160720185,
        "putien": 0.17128661319726973,
        "yyl": 0.10309474325592632,
        "zaiton": 0.18449260828104877,
        "lee": 0.12617528084042598
    },
    "portion": {
        "1070": 0.009685616723897108,
        "banzhang": 0.020781027453324098,
        "lsy": 0.059340673773488485,
        "lsy_2": 0.11100818317177547,
        "lsy_3": 0.11652772475112436,
        "master": 0.09316715471567714,
        "niu": 0.0717173818594296,
        "prol": 0.10358039939845354,
        "prol2": 0.07559483118512568,
        "prot": 0.012863969809919298,
        "putien": 0.09536583315548677,
        "yyl": 0.057399208852528874,
        "zaiton": 0.10271842598398415,
        "lee": 0.07024956916578551
    }
}