{
    "sum": 2.156484334553639,
    "coin": {
        "lsy": 0.12628488061016963,
        "lsy_2": 0.25011800207103846,
        "lsy_3": 0.25478600957290404,
        "master": 0.20335569599778647,
        "prol": 0.2215401079568406,
        "prol2": 0.17383810270322028,
        "putien": 0.21536204713302992,
        "zaiton": 0.2312912410385018,
        "niu": 0.1430211511516291,
        "lee": 0.13578617888950265,
        "yyl": 0.10309474325592631,
        "1070": 0.037576380382515276,
        "banzhang": 0.037324812183372365,
        "prot": 0.02310498160720185
    },
    "portion": {
        "lsy": 0.05856053697524716,
        "lsy_2": 0.11598414978646682,
        "lsy_3": 0.11814878758469677,
        "master": 0.09429963980697229,
        "prol": 0.10273207386998998,
        "prol2": 0.0806118087285815,
        "putien": 0.09986719758741339,
        "zaiton": 0.10725384707530265,
        "niu": 0.06632144220107791,
        "lee": 0.0629664573555126,
        "yyl": 0.04780685934232183,
        "1070": 0.017424833457133852,
        "banzhang": 0.01730817682526688,
        "prot": 0.010714189404016352
    }
}