{
    "sum": 1.791675226748756,
    "coin": {
        "1070": 0.017396340287388568,
        "banzhang": 0.03732481218337236,
        "lsy": 0.10581931927036985,
        "lsy_2": 0.19938184466625833,
        "lsy_3": 0.20800218953345856,
        "master": 0.1673375659231708,
        "niu": 0.12881161983924058,
        "prol": 0.18604079909473176,
        "prol2": 0.1351724389987261,
        "prot": 0.02310498160720185,
        "putien": 0.17031792781624808,
        "yyl": 0.10309474325592632,
        "zaiton": 0.1836953634322366,
        "lee": 0.12617528084042598
    },
    "portion": {
        "1070": 0.009709538887221569,
        "banzhang": 0.02083235378049147,
        "lsy": 0.05906166345917152,
        "lsy_2": 0.11128235837030824,
        "lsy_3": 0.11609369065782502,
        "master": 0.09339726498692964,
        "niu": 0.0718945140928176,
        "prol": 0.10383622897567696,
        "prol2": 0.07544472177807321,
        "prot": 0.012895742075492697,
        "putien": 0.09506071484021893,
        "yyl": 0.05754097713512849,
        "zaiton": 0.10252715486030212,
        "lee": 0.07042307610034247
    }
}