{
    "sum": 0.7831545305404006,
    "coin": {
        "1070": 0.017396340287388568,
        "banzhang": 0.03732481218337236,
        "lsy": 0.03666900050183738,
        "lsy_2": 0.07779643891162034,
        "lsy_3": 0.08133702237348528,
        "master": 0.0780189872987052,
        "niu": 0.06773011947395767,
        "prol": 0.07293977985268764,
        "prol2": 0.0712616521887663,
        "prot": 0.02310498160720185,
        "putien": 0.05767919961458439,
        "yyl": 0.0589717420663972,
        "zaiton": 0.0725871264418316,
        "lee": 0.030337327738564835
    },
    "portion": {
        "1070": 0.022213164336014963,
        "banzhang": 0.04765957512576361,
        "lsy": 0.046822177580374394,
        "lsy_2": 0.09933727748205506,
        "lsy_3": 0.10385820320462201,
        "master": 0.09962144667013509,
        "niu": 0.08648372298532425,
        "prol": 0.09313587166808185,
        "prol2": 0.09099309192477452,
        "prot": 0.02950245539824523,
        "putien": 0.07364983201308173,
        "yyl": 0.07530026293240606,
        "zaiton": 0.0926855730397732,
        "lee": 0.03873734563934802
    }
}