{
    "sum": 2.174627107095494,
    "coin": {
        "lsy": 0.12644948485969393,
        "lsy_2": 0.25357630849447804,
        "lsy_3": 0.25588725930914996,
        "master": 0.20335569599778647,
        "prol": 0.2215752526686047,
        "prol2": 0.17383810270322028,
        "putien": 0.21996464186946837,
        "zaiton": 0.23707782539466063,
        "niu": 0.1430211511516291,
        "lee": 0.13578617888950265,
        "yyl": 0.10309474325592631,
        "1070": 0.040570668710799465,
        "banzhang": 0.037324812183372365,
        "prot": 0.02310498160720185
    },
    "portion": {
        "lsy": 0.05814766331529095,
        "lsy_2": 0.11660680015764321,
        "lsy_3": 0.11766948847194392,
        "master": 0.09351290404422267,
        "prol": 0.10189114811713543,
        "prol2": 0.07993926965042038,
        "putien": 0.10115051042624988,
        "zaiton": 0.10901998996568651,
        "niu": 0.06576812672157528,
        "lee": 0.062441132296407034,
        "yyl": 0.04740800982363508,
        "1070": 0.01865637955970623,
        "banzhang": 0.017163775831537692,
        "prot": 0.010624801618545836
    }
}