{
    "sum": 1.0593700637939267,
    "coin": {
        "1070": 0.017396340287388568,
        "banzhang": 0.03732481218337236,
        "lsy": 0.052323831820068424,
        "lsy_2": 0.11101740135267028,
        "lsy_3": 0.1155489356247755,
        "master": 0.10705288106009439,
        "niu": 0.07823609173900734,
        "prol": 0.10683652190707019,
        "prol2": 0.08502751317262705,
        "prot": 0.02310498160720185,
        "putien": 0.0868263626903148,
        "yyl": 0.08361170272644898,
        "zaiton": 0.09472366260119815,
        "lee": 0.06033902502168879
    },
    "portion": {
        "1070": 0.01642140068135112,
        "banzhang": 0.035233025227936726,
        "lsy": 0.04939145781850853,
        "lsy_2": 0.10479567541778854,
        "lsy_3": 0.10907324982448492,
        "master": 0.10105333794000694,
        "niu": 0.07385152215725266,
        "prol": 0.10084910415955693,
        "prol2": 0.08026233332299162,
        "prot": 0.02181011376181037,
        "putien": 0.08196037027831725,
        "yyl": 0.07892586885739439,
        "zaiton": 0.0894150833958474,
        "lee": 0.05695745715675254
    }
}