{
    "sum": 1.1732694297978759,
    "coin": {
        "1070": 0.017396340287388568,
        "banzhang": 0.03732481218337236,
        "lsy": 0.05947011128010352,
        "lsy_2": 0.12233002713856869,
        "lsy_3": 0.12997972181158227,
        "master": 0.11958926549027071,
        "niu": 0.08737161330061899,
        "prol": 0.12155179063625551,
        "prol2": 0.08502751317262705,
        "prot": 0.02310498160720185,
        "putien": 0.09968602048122618,
        "yyl": 0.0878759056258629,
        "zaiton": 0.10864733617960184,
        "lee": 0.07391399060319541
    },
    "portion": {
        "1070": 0.014827233920503247,
        "banzhang": 0.03181265209458535,
        "lsy": 0.05068751453819835,
        "lsy_2": 0.10426422442425949,
        "lsy_3": 0.11078420566533846,
        "master": 0.10192822079313263,
        "niu": 0.07446849894970065,
        "prol": 0.10360091855218265,
        "prol2": 0.07247057752734179,
        "prot": 0.019692818222650055,
        "putien": 0.08496430397781653,
        "yyl": 0.0748983169543603,
        "zaiton": 0.09260220493285927,
        "lee": 0.06299830944707124
    }
}