{
    "sum": 2.253574701153742,
    "coin": {
        "lsy": 0.12644948485969393,
        "lsy_2": 0.2699949586345197,
        "lsy_3": 0.2574515787517966,
        "master": 0.20335569599778647,
        "prol": 0.2215752526686047,
        "prol2": 0.17389479528842489,
        "putien": 0.24886834095033564,
        "zaiton": 0.26442685382418907,
        "niu": 0.1430211511516291,
        "lee": 0.13578617888950265,
        "yyl": 0.10309474325592631,
        "1070": 0.04522587309075892,
        "banzhang": 0.037324812183372365,
        "prot": 0.02310498160720185
    },
    "portion": {
        "lsy": 0.05611062495286122,
        "lsy_2": 0.11980741463608588,
        "lsy_3": 0.11424142213701256,
        "master": 0.0902369448386496,
        "prol": 0.09832168090774485,
        "prol2": 0.07716398094076826,
        "putien": 0.11043270090977006,
        "zaiton": 0.11733662686611314,
        "niu": 0.06346412705041811,
        "lee": 0.0602536844329968,
        "yyl": 0.04574720474237922,
        "1070": 0.020068504082693617,
        "banzhang": 0.016562491655707494,
        "prot": 0.010252591846799223
    }
}