{
    "sum": 2.196188254434697,
    "coin": {
        "lsy": 0.12644948485969393,
        "lsy_2": 0.2603701028085293,
        "lsy_3": 0.25643388897900105,
        "master": 0.20335569599778647,
        "prol": 0.2215752526686047,
        "prol2": 0.17383810270322028,
        "putien": 0.22510951310640595,
        "zaiton": 0.24324948594393256,
        "niu": 0.1430211511516291,
        "lee": 0.13578617888950265,
        "yyl": 0.10309474325592631,
        "1070": 0.0434748602798905,
        "banzhang": 0.037324812183372365,
        "prot": 0.02310498160720185
    },
    "portion": {
        "lsy": 0.05757679679979996,
        "lsy_2": 0.11855545729414213,
        "lsy_3": 0.11676316384134729,
        "master": 0.09259483816433149,
        "prol": 0.100890828562253,
        "prol2": 0.07915446335358284,
        "putien": 0.10250009881978427,
        "zaiton": 0.11075985196293904,
        "niu": 0.06512244606664788,
        "lee": 0.061828114514005654,
        "yyl": 0.04694258019445746,
        "1070": 0.01979559821071942,
        "banzhang": 0.016995269921876457,
        "prot": 0.010520492294113063
    }
}