{
    "sum": 2.295606575957628,
    "coin": {
        "lsy": 0.12645737718677977,
        "lsy_2": 0.2699949586345197,
        "lsy_3": 0.2574515787517966,
        "master": 0.20335569599778647,
        "prol": 0.2216031988102114,
        "prol2": 0.17389479528842489,
        "putien": 0.2715502425480479,
        "zaiton": 0.2837409885616703,
        "niu": 0.1430211511516291,
        "lee": 0.13578617888950265,
        "yyl": 0.10309474325592631,
        "1070": 0.04522587309075892,
        "banzhang": 0.037324812183372365,
        "prot": 0.02310498160720185
    },
    "portion": {
        "lsy": 0.05508669408390556,
        "lsy_2": 0.11761377644681535,
        "lsy_3": 0.11214969561776886,
        "master": 0.08858473317142997,
        "prol": 0.09653361387404465,
        "prol2": 0.07575113136094912,
        "putien": 0.11829128100261206,
        "zaiton": 0.12360174932993724,
        "niu": 0.06230211772762798,
        "lee": 0.05915045736130047,
        "yyl": 0.044909587006614855,
        "1070": 0.019701055731595748,
        "banzhang": 0.016259237351157203,
        "prot": 0.010064869934240996
    }
}