{
    "sum": 2.1319061534060846,
    "coin": {
        "lsy": 0.12628488061016963,
        "lsy_2": 0.24454340921851964,
        "lsy_3": 0.25318094214490655,
        "master": 0.20335569599778647,
        "prol": 0.21878999058663767,
        "prol2": 0.17383810270322028,
        "putien": 0.2106258819754535,
        "zaiton": 0.22618530957704946,
        "niu": 0.1430211511516291,
        "lee": 0.1334277572266776,
        "yyl": 0.10309474325592631,
        "1070": 0.035128495167534544,
        "banzhang": 0.037324812183372365,
        "prot": 0.02310498160720185
    },
    "portion": {
        "lsy": 0.05923566588914242,
        "lsy_2": 0.11470646061404707,
        "lsy_3": 0.11875801462480265,
        "master": 0.0953867953675592,
        "prol": 0.10262646422643101,
        "prol2": 0.08154116091155522,
        "putien": 0.0987969764236304,
        "zaiton": 0.10609534064887413,
        "niu": 0.06708604453490055,
        "lee": 0.06258613073258593,
        "yyl": 0.04835801195620869,
        "1070": 0.016477505405859807,
        "banzhang": 0.01750771820970618,
        "prot": 0.010837710454696935
    }
}