{
    "sum": 2.2280609535106297,
    "coin": {
        "lsy": 0.12644948485969393,
        "lsy_2": 0.2695267134322746,
        "lsy_3": 0.25715658243741574,
        "master": 0.20335569599778647,
        "prol": 0.2215752526686047,
        "prol2": 0.17389479528842489,
        "putien": 0.23594230678805175,
        "zaiton": 0.2526023818599864,
        "niu": 0.1430211511516291,
        "lee": 0.13578617888950265,
        "yyl": 0.10309474325592631,
        "1070": 0.04522587309075892,
        "banzhang": 0.037324812183372365,
        "prot": 0.02310498160720185
    },
    "portion": {
        "lsy": 0.05675315330150848,
        "lsy_2": 0.12096918309510185,
        "lsy_3": 0.11541721155887977,
        "master": 0.09127025707145507,
        "prol": 0.09944757225760861,
        "prol2": 0.07804759336338114,
        "putien": 0.10589580433887627,
        "zaiton": 0.11337319181594879,
        "niu": 0.06419086108316685,
        "lee": 0.06094365536793418,
        "yyl": 0.04627106053516433,
        "1070": 0.020298310519512076,
        "banzhang": 0.016752150395419736,
        "prot": 0.010369995296042794
    }
}