{
    "sum": 1.8520565721526951,
    "coin": {
        "1070": 0.017396340287388568,
        "banzhang": 0.03732481218337236,
        "lsy": 0.11093230876524261,
        "lsy_2": 0.20543747161403955,
        "lsy_3": 0.21712086996830865,
        "master": 0.17192818874578283,
        "niu": 0.13329063543139047,
        "prol": 0.1935687450865461,
        "prol2": 0.14377298292209856,
        "prot": 0.02310498160720185,
        "putien": 0.17744685840790336,
        "yyl": 0.10309474325592632,
        "zaiton": 0.1914623530370677,
        "lee": 0.12617528084042598
    },
    "portion": {
        "1070": 0.00939298537040277,
        "banzhang": 0.02015317066691366,
        "lsy": 0.05989682520135063,
        "lsy_2": 0.11092397214154968,
        "lsy_3": 0.117232309872664,
        "master": 0.09283095955646002,
        "niu": 0.07196898703610505,
        "prol": 0.10451556825910341,
        "prol2": 0.07762882899143159,
        "prot": 0.012475310935208804,
        "putien": 0.09581071176549003,
        "yyl": 0.055665007649359506,
        "zaiton": 0.10337824228259176,
        "lee": 0.06812712027136895
    }
}