{
    "sum": 1.8416359051675029,
    "coin": {
        "1070": 0.017396340287388568,
        "banzhang": 0.03732481218337236,
        "lsy": 0.11017405878293796,
        "lsy_2": 0.20498327931720675,
        "lsy_3": 0.21566336370220388,
        "master": 0.1706385049945411,
        "niu": 0.1320671414105179,
        "prol": 0.19209803421449506,
        "prol2": 0.14236747225865168,
        "prot": 0.02310498160720185,
        "putien": 0.1762515502058795,
        "yyl": 0.10309474325592632,
        "zaiton": 0.19029634210675409,
        "lee": 0.12617528084042598
    },
    "portion": {
        "1070": 0.009446134406141648,
        "banzhang": 0.020267204868585326,
        "lsy": 0.05982401758881719,
        "lsy_2": 0.11130499722667106,
        "lsy_3": 0.11710423493431432,
        "master": 0.09265593949148215,
        "niu": 0.07171186282801428,
        "prol": 0.10430836718348142,
        "prol2": 0.07730489607591728,
        "prot": 0.012545900925568877,
        "putien": 0.09570379775466466,
        "yyl": 0.05597998114972108,
        "zaiton": 0.1033300564855386,
        "lee": 0.06851260908108214
    }
}