{
    "sum": 1.8666081121821223,
    "coin": {
        "1070": 0.01811254013130149,
        "banzhang": 0.03732481218337236,
        "lsy": 0.11199826067008321,
        "lsy_2": 0.20717338059019016,
        "lsy_3": 0.21912221020984957,
        "master": 0.1735896549270251,
        "niu": 0.1338980067128626,
        "prol": 0.1954835495395157,
        "prol2": 0.14562748093679764,
        "prot": 0.02310498160720185,
        "putien": 0.1789278987136947,
        "yyl": 0.10309474325592632,
        "zaiton": 0.1929753118638757,
        "lee": 0.12617528084042598
    },
    "portion": {
        "1070": 0.009703450881356867,
        "banzhang": 0.0199960623441942,
        "lsy": 0.060000950354358956,
        "lsy_2": 0.11098922116437077,
        "lsy_3": 0.11739058069006728,
        "master": 0.09299737518235333,
        "niu": 0.07173332518968414,
        "prol": 0.10472661522454726,
        "prol2": 0.07801716920996055,
        "prot": 0.012378056998901295,
        "putien": 0.09585723834904075,
        "yyl": 0.05523105925828502,
        "zaiton": 0.10338287431863864,
        "lee": 0.06759602083424099
    }
}