{
    "sum": 1.5391973457719037,
    "coin": {
        "1070": 0.017396340287388568,
        "banzhang": 0.03732481218337236,
        "lsy": 0.08387598579710992,
        "lsy_2": 0.16619805665575438,
        "lsy_3": 0.17271006022968055,
        "master": 0.15915625751240906,
        "niu": 0.1043048836584239,
        "prol": 0.16682911457777305,
        "prol2": 0.11341809733454784,
        "prot": 0.02310498160720185,
        "putien": 0.141165683335277,
        "yyl": 0.09460120173632743,
        "zaiton": 0.15312081160325625,
        "lee": 0.1059910592533818
    },
    "portion": {
        "1070": 0.011302215622431668,
        "banzhang": 0.024249529981260495,
        "lsy": 0.05449332798520798,
        "lsy_2": 0.10797709410836234,
        "lsy_3": 0.112207872956711,
        "master": 0.10340211276325492,
        "niu": 0.06776576372415406,
        "prol": 0.10838708566906258,
        "prol2": 0.07368652086498301,
        "prot": 0.015011058634339549,
        "putien": 0.09171382975877128,
        "yyl": 0.0614613856996259,
        "zaiton": 0.099480948316258,
        "lee": 0.06886125391557738
    }
}