{
    "sum": 2.211164117906792,
    "coin": {
        "lsy": 0.12644948485969393,
        "lsy_2": 0.26493088645569807,
        "lsy_3": 0.25643388897900105,
        "master": 0.20335569599778647,
        "prol": 0.2215752526686047,
        "prol2": 0.17389479528842489,
        "putien": 0.22965155741194213,
        "zaiton": 0.24731481606724925,
        "niu": 0.1430211511516291,
        "lee": 0.13578617888950265,
        "yyl": 0.10309474325592631,
        "1070": 0.04522587309075892,
        "banzhang": 0.037324812183372365,
        "prot": 0.02310498160720185
    },
    "portion": {
        "lsy": 0.05718683829737518,
        "lsy_2": 0.11981511653078743,
        "lsy_3": 0.11597234547282509,
        "master": 0.09196770802806532,
        "prol": 0.10020751100029601,
        "prol2": 0.07864400198979492,
        "putien": 0.10386002357407227,
        "zaiton": 0.11184824051023896,
        "niu": 0.06468138207987054,
        "lee": 0.06140936251174572,
        "yyl": 0.04662464555255238,
        "1070": 0.02045342212480012,
        "banzhang": 0.016880163657280248,
        "prot": 0.010449238670295664
    }
}