{
    "sum": 1.7676823682677194,
    "coin": {
        "1070": 0.017396340287388568,
        "banzhang": 0.03732481218337236,
        "lsy": 0.10289434448580051,
        "lsy_2": 0.19446618508874972,
        "lsy_3": 0.20259400552039636,
        "master": 0.1673375659231708,
        "niu": 0.1283035263008321,
        "prol": 0.18604079909473176,
        "prol2": 0.13271621278489726,
        "prot": 0.02310498160720185,
        "putien": 0.16679155573809717,
        "yyl": 0.10309474325592632,
        "zaiton": 0.17944201515672856,
        "lee": 0.12617528084042598
    },
    "portion": {
        "1070": 0.009841327039108562,
        "banzhang": 0.02111511256400077,
        "lsy": 0.05820861617046855,
        "lsy_2": 0.11001195043842706,
        "lsy_3": 0.11460996000029856,
        "master": 0.09466495164917953,
        "niu": 0.07258290776898231,
        "prol": 0.10524560432033198,
        "prol2": 0.07507921964224576,
        "prot": 0.01307077675376946,
        "putien": 0.09435606686598812,
        "yyl": 0.05832198425838029,
        "zaiton": 0.10151258980569956,
        "lee": 0.07137893272311943
    }
}