{
    "sum": 2.1264391509809357,
    "coin": {
        "lsy": 0.12628488061016963,
        "lsy_2": 0.24340054337922049,
        "lsy_3": 0.25250114484644304,
        "master": 0.20335569599778647,
        "prol": 0.21865174681823446,
        "prol2": 0.17379757036672158,
        "putien": 0.2098139617842327,
        "zaiton": 0.22519403397702856,
        "niu": 0.1430211511516291,
        "lee": 0.13225794044339315,
        "yyl": 0.10309474325592631,
        "1070": 0.03463594455957614,
        "banzhang": 0.037324812183372365,
        "prot": 0.02310498160720185
    },
    "portion": {
        "lsy": 0.059387958762851904,
        "lsy_2": 0.11446391177802513,
        "lsy_3": 0.11874364932096136,
        "master": 0.09563203156035648,
        "prol": 0.10282530149869064,
        "prol2": 0.08173173931948535,
        "putien": 0.09866915857312192,
        "zaiton": 0.10590194122091176,
        "niu": 0.0672585204639657,
        "lee": 0.062196908095104426,
        "yyl": 0.048482338753200745,
        "1070": 0.016288236860010043,
        "banzhang": 0.017552729955218453,
        "prot": 0.010865573838096153
    }
}