{
    "sum": 0.4092556889459711,
    "coin": {
        "1070": 0.011624188714042312,
        "banzhang": 0.03602614012418188,
        "lsy": 0.022333819314329657,
        "lsy_2": 0.03684161826131432,
        "lsy_3": 0.038252969380416,
        "master": 0.036584619743469715,
        "niu": 0.03740166521586621,
        "prol": 0.036586586872850074,
        "prol2": 0.037177601985329524,
        "prot": 0.02310498160720185,
        "putien": 0.03073029054029341,
        "yyl": 0.02759213598693418,
        "zaiton": 0.03499907119974188
    },
    "portion": {
        "1070": 0.02840324283330099,
        "banzhang": 0.08802844064786589,
        "lsy": 0.05457179928726198,
        "lsy_2": 0.09002102904470084,
        "lsy_3": 0.09346960937534106,
        "master": 0.0893930633870786,
        "niu": 0.09138948150529896,
        "prol": 0.08939786998948754,
        "prol2": 0.09084199191239005,
        "prot": 0.056456103681070915,
        "putien": 0.0750882428035114,
        "yyl": 0.06742028695556343,
        "zaiton": 0.08551883857712818
    }
}