{
    "sum": 2.1854903530617418,
    "coin": {
        "lsy": 0.12644948485969393,
        "lsy_2": 0.2569394462154503,
        "lsy_3": 0.25643388897900105,
        "master": 0.20335569599778647,
        "prol": 0.2215752526686047,
        "prol2": 0.17383810270322028,
        "putien": 0.22232536851922122,
        "zaiton": 0.24013423688284505,
        "niu": 0.1430211511516291,
        "lee": 0.13578617888950265,
        "yyl": 0.10309474325592631,
        "1070": 0.042107009148286564,
        "banzhang": 0.037324812183372365,
        "prot": 0.02310498160720185
    },
    "portion": {
        "lsy": 0.05785863327309852,
        "lsy_2": 0.11756603997610579,
        "lsy_3": 0.117334715579848,
        "master": 0.09304808676592749,
        "prol": 0.10138468575630681,
        "prol2": 0.07954192177498448,
        "putien": 0.10172791117918074,
        "zaiton": 0.10987659430591001,
        "niu": 0.06544121823794143,
        "lee": 0.06213076104375126,
        "yyl": 0.04717236253708314,
        "1070": 0.0192666186283079,
        "banzhang": 0.017078461193426236,
        "prot": 0.010571989748128218
    }
}