{
    "sum": 0.3840331416892586,
    "coin": {
        "1070": 0.010382848420323451,
        "banzhang": 0.03344494267928591,
        "lsy": 0.02076959394635815,
        "lsy_2": 0.03418920104497982,
        "lsy_3": 0.0352728623292584,
        "master": 0.03478086408767099,
        "niu": 0.03473970710718086,
        "prol": 0.033942464715269335,
        "prol2": 0.03447412559423689,
        "prot": 0.02310498160720185,
        "putien": 0.029536819480876168,
        "yyl": 0.0269079961129358,
        "zaiton": 0.03248673456368096
    },
    "portion": {
        "1070": 0.02703633435034302,
        "banzhang": 0.08708868857560208,
        "lsy": 0.05408281653765164,
        "lsy_2": 0.08902669414048671,
        "lsy_3": 0.09184848519610198,
        "master": 0.09056735034554392,
        "niu": 0.09046017995835001,
        "prol": 0.0883842070659984,
        "prol2": 0.08976862112106906,
        "prot": 0.06016403038958889,
        "putien": 0.07691216271322739,
        "yyl": 0.07006685931993982,
        "zaiton": 0.08459357028609703
    }
}