{
    "sum": 2.104634123895555,
    "coin": {
        "lsy": 0.1260867627421448,
        "lsy_2": 0.23932460847892262,
        "lsy_3": 0.24967341346664684,
        "master": 0.20084493585010232,
        "prol": 0.21865174681823446,
        "prol2": 0.17379757036672158,
        "putien": 0.20658209538530345,
        "zaiton": 0.22152042895591426,
        "niu": 0.1430211511516291,
        "lee": 0.12872093235090973,
        "yyl": 0.10309474325592631,
        "1070": 0.03288594128252487,
        "banzhang": 0.037324812183372365,
        "prot": 0.02310498160720185
    },
    "portion": {
        "lsy": 0.05990911261514926,
        "lsy_2": 0.1137131655149384,
        "lsy_3": 0.11863031708547798,
        "master": 0.09542985812581527,
        "prol": 0.10389062133684444,
        "prol2": 0.08257851965501367,
        "putien": 0.09815582339933368,
        "zaiton": 0.10525365261392458,
        "niu": 0.06795535125454742,
        "lee": 0.06116071714766973,
        "yyl": 0.048984639223231805,
        "1070": 0.01562549086757888,
        "banzhang": 0.017734584724059456,
        "prot": 0.010978146436415218
    }
}