{
    "sum": 2.2765825650219247,
    "coin": {
        "lsy": 0.12645737718677977,
        "lsy_2": 0.2699949586345197,
        "lsy_3": 0.2574515787517966,
        "master": 0.20335569599778647,
        "prol": 0.2216031988102114,
        "prol2": 0.17389479528842489,
        "putien": 0.2611282407923322,
        "zaiton": 0.2751389793816827,
        "niu": 0.1430211511516291,
        "lee": 0.13578617888950265,
        "yyl": 0.10309474325592631,
        "1070": 0.04522587309075892,
        "banzhang": 0.037324812183372365,
        "prot": 0.02310498160720185
    },
    "portion": {
        "lsy": 0.05554701996303917,
        "lsy_2": 0.1185966029885323,
        "lsy_3": 0.11308686217111444,
        "master": 0.08932498171698335,
        "prol": 0.09734028636386277,
        "prol2": 0.07638413732943183,
        "putien": 0.11470185391225528,
        "zaiton": 0.12085613920136165,
        "niu": 0.06282273849806617,
        "lee": 0.059644741629739643,
        "yyl": 0.0452848690137155,
        "1070": 0.019865685429389806,
        "banzhang": 0.01639510587353238,
        "prot": 0.010148975908975802
    }
}