{
    "sum": 0.14415857687215453,
    "coin": {
        "1070": 0.010637431871440355,
        "banzhang": 0.030873864506210484,
        "lsy": 0.0065266583982160915,
        "lsy_2": 0.009483284000082519,
        "master": 0.007536820080714864,
        "niu": 0.023297318624476582,
        "prol": 0.009281234413772928,
        "prot": 0.01859885077705361,
        "putien": 0.022635069775167774,
        "syl": 0.005288044425019316
    },
    "portion": {
        "1070": 0.0737897952535564,
        "banzhang": 0.21416599120280327,
        "lsy": 0.04527415946956932,
        "lsy_2": 0.06578369602311396,
        "master": 0.05228145452211846,
        "niu": 0.16160896652814183,
        "prol": 0.06438211735402945,
        "prot": 0.12901660921325409,
        "putien": 0.15701507510886045,
        "syl": 0.03668213532455278
    }
}