{
    "sum": 1.825602221080094,
    "coin": {
        "1070": 0.017396340287388568,
        "banzhang": 0.03732481218337236,
        "lsy": 0.10875393556114177,
        "lsy_2": 0.2027127505689283,
        "lsy_3": 0.21324187338414333,
        "master": 0.16856162122167506,
        "niu": 0.1320671414105179,
        "prol": 0.1898474356437546,
        "prol2": 0.14020536558830268,
        "prot": 0.02310498160720185,
        "putien": 0.1748171624600014,
        "yyl": 0.10309474325592632,
        "zaiton": 0.18829877706731385,
        "lee": 0.12617528084042598
    },
    "portion": {
        "1070": 0.009529096802421859,
        "banzhang": 0.020445205287540468,
        "lsy": 0.05957153990358256,
        "lsy_2": 0.11103883870660275,
        "lsy_3": 0.11680631789436667,
        "master": 0.09233206405826334,
        "niu": 0.07234168532747626,
        "prol": 0.10399167652821643,
        "prol2": 0.07679951523358247,
        "prot": 0.01265608758600879,
        "putien": 0.09575862717595353,
        "yyl": 0.05647163553237334,
        "zaiton": 0.10314337641192686,
        "lee": 0.06911433355168466
    }
}