{
    "sum": 2.17017185748071,
    "coin": {
        "lsy": 0.12644948485969393,
        "lsy_2": 0.25201365640305623,
        "lsy_3": 0.25561060395224144,
        "master": 0.20335569599778647,
        "prol": 0.2215752526686047,
        "prol2": 0.17383810270322028,
        "putien": 0.21925381159325516,
        "zaiton": 0.23590513689942996,
        "niu": 0.1430211511516291,
        "lee": 0.13578617888950265,
        "yyl": 0.10309474325592631,
        "1070": 0.0398382453157889,
        "banzhang": 0.037324812183372365,
        "prot": 0.02310498160720185
    },
    "portion": {
        "lsy": 0.058267037434761276,
        "lsy_2": 0.11612612869084554,
        "lsy_3": 0.11778357694167707,
        "master": 0.0937048811580555,
        "prol": 0.10210032532899263,
        "prol2": 0.08010338080092143,
        "putien": 0.10103062153233366,
        "zaiton": 0.10870343566858592,
        "niu": 0.06590314525489159,
        "lee": 0.0625693206837236,
        "yyl": 0.047505335994729024,
        "1070": 0.018357184560505717,
        "banzhang": 0.017199012167958747,
        "prot": 0.010646613782018057
    }
}