{
    "sum": 2.308454354925135,
    "coin": {
        "lsy": 0.12645737718677977,
        "lsy_2": 0.2699949586345197,
        "lsy_3": 0.2574515787517966,
        "master": 0.20335569599778647,
        "prol": 0.2216031988102114,
        "prol2": 0.17389479528842489,
        "putien": 0.2784980823289679,
        "zaiton": 0.2896409277482567,
        "niu": 0.1430211511516291,
        "lee": 0.13578617888950265,
        "yyl": 0.10309474325592631,
        "1070": 0.04522587309075892,
        "banzhang": 0.037324812183372365,
        "prot": 0.02310498160720185
    },
    "portion": {
        "lsy": 0.05478010726830286,
        "lsy_2": 0.11695919308886482,
        "lsy_3": 0.11152552278216736,
        "master": 0.08809171191274495,
        "prol": 0.09599635285723385,
        "prol2": 0.07532953593707269,
        "putien": 0.12064266366574955,
        "zaiton": 0.12546963604903075,
        "niu": 0.06195537323338906,
        "lee": 0.058821253536939136,
        "yyl": 0.044659641216631185,
        "1070": 0.019591408855136595,
        "banzhang": 0.016168746028587963,
        "prot": 0.010008853568149137
    }
}