{
    "sum": 1.3676304893605509,
    "coin": {
        "1070": 0.017396340287388568,
        "banzhang": 0.03732481218337236,
        "lsy": 0.07298985379494789,
        "lsy_2": 0.14694908897219744,
        "lsy_3": 0.15222052916254228,
        "master": 0.13975411709082386,
        "niu": 0.10128925819096928,
        "prol": 0.14868737309799715,
        "prol2": 0.09539420026040696,
        "prot": 0.02310498160720185,
        "putien": 0.12308719081912747,
        "yyl": 0.0878759056258629,
        "zaiton": 0.13440198113737642,
        "lee": 0.08715485713033651
    },
    "portion": {
        "1070": 0.012720058833671073,
        "banzhang": 0.027291591167160907,
        "lsy": 0.05336957194415504,
        "lsy_2": 0.10744794746489232,
        "lsy_3": 0.11130238053826548,
        "master": 0.10218704407223861,
        "niu": 0.07406186026046266,
        "prol": 0.10871896631049618,
        "prol2": 0.06975144309996295,
        "prot": 0.016894169724166366,
        "putien": 0.09000032667937821,
        "yyl": 0.06425412880854253,
        "zaiton": 0.09827360693034666,
        "lee": 0.06372690416626103
    }
}