{
    "sum": 2.359060071670257,
    "coin": {
        "lsy": 0.12645737718677977,
        "lsy_2": 0.2699949586345197,
        "lsy_3": 0.2574515787517966,
        "master": 0.20335569599778647,
        "prol": 0.2216853962665857,
        "prol2": 0.17389479528842489,
        "putien": 0.3051257575844259,
        "zaiton": 0.31353677178154665,
        "niu": 0.1430211511516291,
        "lee": 0.13578617888950265,
        "yyl": 0.10309474325592631,
        "1070": 0.04522587309075892,
        "banzhang": 0.037324812183372365,
        "prot": 0.02310498160720185
    },
    "portion": {
        "lsy": 0.053604983910920785,
        "lsy_2": 0.11445022612050672,
        "lsy_3": 0.1091331169746416,
        "master": 0.08620199987268953,
        "prol": 0.09397191658185645,
        "prol2": 0.07371359355224229,
        "putien": 0.12934208893137314,
        "zaiton": 0.13290749801023802,
        "niu": 0.06062632862518314,
        "lee": 0.05755944094859932,
        "yyl": 0.04370161849373058,
        "1070": 0.019171140927639958,
        "banzhang": 0.015821899845452313,
        "prot": 0.00979414720492603
    }
}