{
    "sum": 0.5725761904442188,
    "coin": {
        "1070": 0.017396340287388568,
        "banzhang": 0.03732481218337236,
        "lsy": 0.031589615212913626,
        "lsy_2": 0.05331535550741059,
        "lsy_3": 0.05564934116109118,
        "master": 0.052668203180603106,
        "niu": 0.050571839329797294,
        "prol": 0.05317367194527041,
        "prol2": 0.052497221757403796,
        "prot": 0.02310498160720185,
        "putien": 0.03927035228130795,
        "yyl": 0.04155834313684875,
        "zaiton": 0.048905959482867474,
        "lee": 0.015550153370741894
    },
    "portion": {
        "1070": 0.03038257716216257,
        "banzhang": 0.06518750308917813,
        "lsy": 0.05517102481751052,
        "lsy_2": 0.0931148664530518,
        "lsy_3": 0.09719115480145453,
        "master": 0.0919846197931175,
        "niu": 0.08832333613202185,
        "prol": 0.09286741717991619,
        "prol2": 0.0916860020265166,
        "prot": 0.04035267619017904,
        "putien": 0.0685853742029354,
        "yyl": 0.07258133298313847,
        "zaiton": 0.08541388953830759,
        "lee": 0.02715822563050989
    }
}