{
    "sum": 0.20696381801803004,
    "coin": {
        "1070": 0.014580905416414979,
        "banzhang": 0.04041844366940742,
        "lsy": 0.010850152700431,
        "lsy_2": 0.01735522911288655,
        "master": 0.016046039270740258,
        "niu": 0.02695455256469273,
        "prol": 0.017930429344240818,
        "prot": 0.023755675027330034,
        "putien": 0.029609423074221344,
        "syl": 0.005288044425019316,
        "prol2": 0.0014890513780121514,
        "zaiton": 0.0026858720346334434
    },
    "portion": {
        "1070": 0.07045147096747478,
        "banzhang": 0.19529231754840495,
        "lsy": 0.0524253601636097,
        "lsy_2": 0.08385634396914061,
        "master": 0.07753064967782135,
        "niu": 0.1302379943645248,
        "prol": 0.08663557483597821,
        "prot": 0.11478177806548058,
        "putien": 0.14306569794553106,
        "syl": 0.025550574374109382,
        "prol2": 0.007194742502684357,
        "zaiton": 0.01297749558524021
    }
}