{
    "sum": 1.981074639175619,
    "coin": {
        "lsy": 0.11915487726990664,
        "lsy_2": 0.22192842511765767,
        "lsy_3": 0.23251177068507906,
        "master": 0.1863318263663013,
        "prol": 0.20730497800308384,
        "prol2": 0.1601817303331473,
        "putien": 0.19119451308242374,
        "zaiton": 0.2056397432318062,
        "niu": 0.14241525420883794,
        "lee": 0.126175280840426,
        "yyl": 0.10309474325592631,
        "1070": 0.024711702990448805,
        "banzhang": 0.037324812183372365,
        "prot": 0.02310498160720185
    },
    "portion": {
        "lsy": 0.06014658656146865,
        "lsy_2": 0.11202426235187601,
        "lsy_3": 0.11736648689916789,
        "master": 0.0940559344315463,
        "prol": 0.1046426893281261,
        "prol2": 0.08085597945961462,
        "putien": 0.09651050460268633,
        "zaiton": 0.10380211788354358,
        "niu": 0.07188787913013764,
        "lee": 0.06369032157866152,
        "yyl": 0.05203980769691087,
        "1070": 0.012473887910014355,
        "banzhang": 0.018840689515314916,
        "prot": 0.011662852650931156
    }
}