{
    "sum": 2.281224399514828,
    "coin": {
        "lsy": 0.12645737718677977,
        "lsy_2": 0.2699949586345197,
        "lsy_3": 0.2574515787517966,
        "master": 0.20335569599778647,
        "prol": 0.2216031988102114,
        "prol2": 0.17389479528842489,
        "putien": 0.26354071764006765,
        "zaiton": 0.27736833702685026,
        "niu": 0.1430211511516291,
        "lee": 0.13578617888950265,
        "yyl": 0.10309474325592631,
        "1070": 0.04522587309075892,
        "banzhang": 0.037324812183372365,
        "prot": 0.02310498160720185
    },
    "portion": {
        "lsy": 0.0554339929091039,
        "lsy_2": 0.11835528266835232,
        "lsy_3": 0.11285675306933923,
        "master": 0.0891432232800229,
        "prol": 0.09714221838822261,
        "prol2": 0.07622871091743931,
        "putien": 0.11552599459137718,
        "zaiton": 0.12158748481115716,
        "niu": 0.06269490681497486,
        "lee": 0.05952337653340098,
        "yyl": 0.04519272338041473,
        "1070": 0.01982526274064822,
        "banzhang": 0.016361745118678647,
        "prot": 0.010128324776867998
    }
}