{
    "sum": 0.4493275924801233,
    "coin": {
        "1070": 0.012808624839565933,
        "banzhang": 0.03732481218337236,
        "lsy": 0.024894394652405616,
        "lsy_2": 0.04117804995911037,
        "lsy_3": 0.04259280851052009,
        "master": 0.03984376401359389,
        "niu": 0.04180024433614142,
        "prol": 0.04082942169398872,
        "prol2": 0.04040383075654617,
        "prot": 0.02310498160720185,
        "putien": 0.03255771254618204,
        "yyl": 0.03109026004417552,
        "zaiton": 0.037392069359721766,
        "lee": 0.0035066179775974267
    },
    "portion": {
        "1070": 0.02850620583718669,
        "banzhang": 0.08306815073909239,
        "lsy": 0.055403663316106855,
        "lsy_2": 0.09164371529427484,
        "lsy_3": 0.09479232796593556,
        "master": 0.08867419824736546,
        "niu": 0.09302843857288938,
        "prol": 0.09086782645291225,
        "prol2": 0.08992065351146557,
        "prot": 0.051421239189142244,
        "putien": 0.07245874299967964,
        "yyl": 0.06919285742629047,
        "zaiton": 0.08321783479472356,
        "lee": 0.00780414565293483
    }
}