{
    "sum": 1.548634803449418,
    "coin": {
        "1070": 0.017396340287388568,
        "banzhang": 0.03732481218337236,
        "lsy": 0.08451391228992206,
        "lsy_2": 0.16718648469180108,
        "lsy_3": 0.17373660175841166,
        "master": 0.1601213331227501,
        "niu": 0.1053207430059349,
        "prol": 0.1676781908388222,
        "prol2": 0.1144840193804119,
        "prot": 0.02310498160720185,
        "putien": 0.14208349846938073,
        "yyl": 0.09469088102380693,
        "zaiton": 0.15401562760166704,
        "lee": 0.10697737718854665
    },
    "portion": {
        "1070": 0.0112333393571164,
        "banzhang": 0.02410175213693722,
        "lsy": 0.05457317122259966,
        "lsy_2": 0.10795733398178262,
        "lsy_3": 0.11218694127978528,
        "master": 0.103395153438433,
        "niu": 0.06800876667071168,
        "prol": 0.10827484340745605,
        "prol2": 0.07392576941019989,
        "prot": 0.014919580494857781,
        "putien": 0.09174758190433599,
        "yyl": 0.06114474556098904,
        "zaiton": 0.09945251602160415,
        "lee": 0.06907850511319132
    }
}