{
    "sum": 2.219436607321177,
    "coin": {
        "lsy": 0.12644948485969393,
        "lsy_2": 0.266856131549798,
        "lsy_3": 0.25715658243741574,
        "master": 0.20335569599778647,
        "prol": 0.2215752526686047,
        "prol2": 0.17389479528842489,
        "putien": 0.23280371819742915,
        "zaiton": 0.24978720614363276,
        "niu": 0.1430211511516291,
        "lee": 0.13578617888950265,
        "yyl": 0.10309474325592631,
        "1070": 0.04522587309075892,
        "banzhang": 0.037324812183372365,
        "prot": 0.02310498160720185
    },
    "portion": {
        "lsy": 0.05697368622405321,
        "lsy_2": 0.12023597820704998,
        "lsy_3": 0.11586570284960716,
        "master": 0.09162491747995155,
        "prol": 0.09983400829638579,
        "prol2": 0.07835087279123193,
        "putien": 0.10489315956557974,
        "zaiton": 0.11254532133049827,
        "niu": 0.06444029564973845,
        "lee": 0.061180471855600466,
        "yyl": 0.046450861861001724,
        "1070": 0.020377186237973157,
        "banzhang": 0.016817246349929676,
        "prot": 0.010410291301398863
    }
}