{
    "sum": 1.9995700491705177,
    "coin": {
        "lsy": 0.12085249353375,
        "lsy_2": 0.2247643454121752,
        "lsy_3": 0.23393464799014776,
        "master": 0.18879683619876547,
        "prol": 0.20826355050640027,
        "prol2": 0.16300001831691238,
        "putien": 0.19329911207739625,
        "zaiton": 0.20812618751289216,
        "niu": 0.14277010601970758,
        "lee": 0.126175280840426,
        "yyl": 0.10309474325592631,
        "1070": 0.026062933715443798,
        "banzhang": 0.037324812183372365,
        "prot": 0.02310498160720185
    },
    "portion": {
        "lsy": 0.060439239717499905,
        "lsy_2": 0.11240633730506928,
        "lsy_3": 0.11699247450080129,
        "master": 0.09441871580197159,
        "prol": 0.10415416583819823,
        "prol2": 0.08151753342401269,
        "putien": 0.09667033778465654,
        "zaiton": 0.10408546957343616,
        "niu": 0.07140040234095972,
        "lee": 0.06310120562806357,
        "yyl": 0.051558455428302265,
        "1070": 0.013034268905085617,
        "banzhang": 0.0186664189128337,
        "prot": 0.011554974839109286
    }
}