{
    "sum": 0.5391826582273702,
    "coin": {
        "1070": 0.01639537313439341,
        "banzhang": 0.03732481218337236,
        "lsy": 0.029786301655904478,
        "lsy_2": 0.04986501303187966,
        "lsy_3": 0.05195024500521273,
        "master": 0.048977642093554714,
        "niu": 0.049424942305076866,
        "prol": 0.04964565057436367,
        "prol2": 0.049036817934790256,
        "prot": 0.02310498160720185,
        "putien": 0.03718606680850036,
        "yyl": 0.03860946588665034,
        "zaiton": 0.0458081770788588,
        "lee": 0.012067168927610884
    },
    "portion": {
        "1070": 0.030407827262648304,
        "banzhang": 0.06922480093496015,
        "lsy": 0.05524343411531564,
        "lsy_2": 0.0924825980045743,
        "lsy_3": 0.09634999236808839,
        "master": 0.09083682745764632,
        "niu": 0.09166641684576333,
        "prol": 0.09207575543616313,
        "prol2": 0.09094657846749907,
        "prot": 0.04285186337995799,
        "putien": 0.06896747556895498,
        "yyl": 0.07160739555976028,
        "zaiton": 0.08495855046499243,
        "lee": 0.022380484133675955
    }
}