{
    "sum": 1.2476170818617172,
    "coin": {
        "1070": 0.017396340287388568,
        "banzhang": 0.03732481218337236,
        "lsy": 0.06586072361468437,
        "lsy_2": 0.13411257057473278,
        "lsy_3": 0.138629423904565,
        "master": 0.1293408161567466,
        "niu": 0.09126640069685582,
        "prol": 0.13369625446731456,
        "prol2": 0.08502751317262705,
        "prot": 0.02310498160720185,
        "putien": 0.10985838887865497,
        "yyl": 0.0878759056258629,
        "zaiton": 0.12020896008851506,
        "lee": 0.07391399060319541
    },
    "portion": {
        "1070": 0.013943653497777883,
        "banzhang": 0.02991688133002763,
        "lsy": 0.05278921278987763,
        "lsy_2": 0.10749497784577262,
        "lsy_3": 0.11111536217322356,
        "master": 0.10367028316391906,
        "niu": 0.07315257383352464,
        "prol": 0.10716128883696474,
        "prol2": 0.06815193091597258,
        "prot": 0.01851928924596333,
        "putien": 0.08805457257343917,
        "yyl": 0.07043499716654476,
        "zaiton": 0.09635084501178602,
        "lee": 0.05924413161520648
    }
}