{
    "sum": 2.1209022285800665,
    "coin": {
        "lsy": 0.12628488061016963,
        "lsy_2": 0.24207895331841703,
        "lsy_3": 0.25200981274731454,
        "master": 0.20335569599778647,
        "prol": 0.21865174681823446,
        "prol2": 0.17379757036672158,
        "putien": 0.2087964850342873,
        "zaiton": 0.22405635010909347,
        "niu": 0.1430211511516291,
        "lee": 0.13125898429923616,
        "yyl": 0.10309474325592631,
        "1070": 0.03406606108067622,
        "banzhang": 0.037324812183372365,
        "prot": 0.02310498160720185
    },
    "portion": {
        "lsy": 0.0595429996293213,
        "lsy_2": 0.11413961004722395,
        "lsy_3": 0.11882198497949331,
        "master": 0.09588169282745868,
        "prol": 0.10309374183864228,
        "prol2": 0.08194511186075663,
        "putien": 0.09844701100346125,
        "zaiton": 0.10564199852772001,
        "niu": 0.0674341085715116,
        "lee": 0.061888276852400406,
        "yyl": 0.04860890891936482,
        "1070": 0.016062061051953007,
        "banzhang": 0.017598553898621316,
        "prot": 0.010893939992071451
    }
}