{
    "sum": 0.9163964365363453,
    "coin": {
        "1070": 0.017396340287388568,
        "banzhang": 0.03732481218337236,
        "lsy": 0.04273661285496914,
        "lsy_2": 0.0932036936862605,
        "lsy_3": 0.09731718572502092,
        "master": 0.09129378986095972,
        "niu": 0.07576162168147649,
        "prol": 0.08842617580181483,
        "prol2": 0.08502751317262705,
        "prot": 0.02310498160720185,
        "putien": 0.07157492544035148,
        "yyl": 0.06927795998701984,
        "zaiton": 0.08096539339896149,
        "lee": 0.0429854308489211
    },
    "portion": {
        "1070": 0.018983422014538367,
        "banzhang": 0.04072998398427536,
        "lsy": 0.04663550746279463,
        "lsy_2": 0.10170673954008107,
        "lsy_3": 0.10619550867400303,
        "master": 0.0996225936953858,
        "niu": 0.08267341366781024,
        "prol": 0.09649336496334984,
        "prol2": 0.09278463968498285,
        "prot": 0.025212867145719724,
        "putien": 0.07810476185490135,
        "yyl": 0.07559824244719464,
        "zaiton": 0.08835192954806989,
        "lee": 0.04690702531689324
    }
}