{
    "sum": 1.7456996801234745,
    "coin": {
        "1070": 0.017396340287388568,
        "banzhang": 0.03732481218337236,
        "lsy": 0.10020889526917785,
        "lsy_2": 0.18915349720440133,
        "lsy_3": 0.19690065450709054,
        "master": 0.1673375659231708,
        "niu": 0.1283035263008321,
        "prol": 0.18604079909473176,
        "prol2": 0.13271621278489726,
        "prot": 0.02310498160720185,
        "putien": 0.1630371284200062,
        "yyl": 0.10309474325592632,
        "zaiton": 0.1749052424448516,
        "lee": 0.12617528084042598
    },
    "portion": {
        "1070": 0.00996525375209905,
        "banzhang": 0.021381004194680468,
        "lsy": 0.05740328443096811,
        "lsy_2": 0.10835397368636876,
        "lsy_3": 0.11279182596468347,
        "master": 0.09585701815064485,
        "niu": 0.07349690657659805,
        "prol": 0.10657090747795346,
        "prol2": 0.07602465320696522,
        "prot": 0.013235370247399954,
        "putien": 0.0933935718018087,
        "yyl": 0.05905640267324467,
        "zaiton": 0.10019205733742267,
        "lee": 0.07227777049916255
    }
}