{
    "sum": 2.146276774119889,
    "coin": {
        "lsy": 0.12628488061016963,
        "lsy_2": 0.247375153347694,
        "lsy_3": 0.25478600957290404,
        "master": 0.20335569599778647,
        "prol": 0.2200707302420794,
        "prol2": 0.17383810270322028,
        "putien": 0.21305750827363013,
        "zaiton": 0.22883645880787326,
        "niu": 0.1430211511516291,
        "lee": 0.13578617888950265,
        "yyl": 0.10309474325592631,
        "1070": 0.036340367476899046,
        "banzhang": 0.037324812183372365,
        "prot": 0.02310498160720185
    },
    "portion": {
        "lsy": 0.05883904729014017,
        "lsy_2": 0.1152578066028477,
        "lsy_3": 0.11871069595736675,
        "master": 0.09474812309851106,
        "prol": 0.10253604423051287,
        "prol2": 0.08099519353672596,
        "putien": 0.09926842187489886,
        "zaiton": 0.10662019995147684,
        "niu": 0.06663686290426217,
        "lee": 0.06326592195695901,
        "yyl": 0.04803422582728258,
        "1070": 0.016931817888119732,
        "banzhang": 0.017390493450537354,
        "prot": 0.010765145430358754
    }
}