{
    "sum": 1.4842089982706403,
    "coin": {
        "1070": 0.017396340287388568,
        "banzhang": 0.03732481218337236,
        "lsy": 0.07984806578300954,
        "lsy_2": 0.16000456906052177,
        "lsy_3": 0.16611440998039942,
        "master": 0.1531637173320272,
        "niu": 0.10128925819096928,
        "prol": 0.1614669833629623,
        "prol2": 0.10897251061716168,
        "prot": 0.02310498160720185,
        "putien": 0.13476016906231955,
        "yyl": 0.09453368338991781,
        "zaiton": 0.14678734384768785,
        "lee": 0.09944215356570146
    },
    "portion": {
        "1070": 0.011720950558619646,
        "banzhang": 0.025147948992939814,
        "lsy": 0.0537983975815039,
        "lsy_2": 0.10780460787325417,
        "lsy_3": 0.1119211715964203,
        "master": 0.10319551863011837,
        "niu": 0.06824460592072192,
        "prol": 0.10878992348860518,
        "prol2": 0.07342127068636119,
        "prot": 0.015567202216212907,
        "putien": 0.09079595206560424,
        "yyl": 0.06369297282260508,
        "zaiton": 0.0988993760438863,
        "lee": 0.06700010152314717
    }
}