{
    "sum": 2.3108329869510666,
    "coin": {
        "lsy": 0.12645737718677977,
        "lsy_2": 0.2699949586345197,
        "lsy_3": 0.2574515787517966,
        "master": 0.20335569599778647,
        "prol": 0.2216031988102114,
        "prol2": 0.17389479528842489,
        "putien": 0.27973863394700005,
        "zaiton": 0.29077900815615654,
        "niu": 0.1430211511516291,
        "lee": 0.13578617888950265,
        "yyl": 0.10309474325592631,
        "1070": 0.04522587309075892,
        "banzhang": 0.037324812183372365,
        "prot": 0.02310498160720185
    },
    "portion": {
        "lsy": 0.054723719931672236,
        "lsy_2": 0.11683880235358482,
        "lsy_3": 0.11141072513919772,
        "master": 0.0880010356205343,
        "prol": 0.09589754000465286,
        "prol2": 0.07525199625865789,
        "putien": 0.12105532313526893,
        "zaiton": 0.12583298308365112,
        "niu": 0.061891600110976636,
        "lee": 0.05876070648820888,
        "yyl": 0.04461367127701878,
        "1070": 0.019571242641135366,
        "banzhang": 0.016152102897154436,
        "prot": 0.009998551058286028
    }
}