{
    "sum": 2.294335334586152,
    "coin": {
        "lsy": 0.12645737718677977,
        "lsy_2": 0.2699949586345197,
        "lsy_3": 0.2574515787517966,
        "master": 0.20335569599778647,
        "prol": 0.2216031988102114,
        "prol2": 0.17389479528842489,
        "putien": 0.27088670128319536,
        "zaiton": 0.2831332884550463,
        "niu": 0.1430211511516291,
        "lee": 0.13578617888950265,
        "yyl": 0.10309474325592631,
        "1070": 0.04522587309075892,
        "banzhang": 0.037324812183372365,
        "prot": 0.02310498160720185
    },
    "portion": {
        "lsy": 0.0551172164245075,
        "lsy_2": 0.11767894368554496,
        "lsy_3": 0.11221183532800154,
        "master": 0.08863381604784787,
        "prol": 0.09658710105259473,
        "prol2": 0.07579310341737457,
        "putien": 0.11806761513876847,
        "zaiton": 0.12340536458944323,
        "niu": 0.0623366379777379,
        "lee": 0.05918323134486159,
        "yyl": 0.0449344704332518,
        "1070": 0.019711971658631446,
        "banzhang": 0.01626824624139128,
        "prot": 0.010070446660043043
    }
}