{
    "sum": 2.271259305436135,
    "coin": {
        "lsy": 0.12645737718677977,
        "lsy_2": 0.2699949586345197,
        "lsy_3": 0.2574515787517966,
        "master": 0.20335569599778647,
        "prol": 0.2216031988102114,
        "prol2": 0.17389479528842489,
        "putien": 0.2583914682317204,
        "zaiton": 0.2725524923565048,
        "niu": 0.1430211511516291,
        "lee": 0.13578617888950265,
        "yyl": 0.10309474325592631,
        "1070": 0.04522587309075892,
        "banzhang": 0.037324812183372365,
        "prot": 0.02310498160720185
    },
    "portion": {
        "lsy": 0.055677208183192,
        "lsy_2": 0.11887456354644382,
        "lsy_3": 0.11335190928468637,
        "master": 0.08953433696939214,
        "prol": 0.09756842747097007,
        "prol2": 0.07656316250294151,
        "putien": 0.11376572794364541,
        "zaiton": 0.12000060570105989,
        "niu": 0.0629699791694043,
        "lee": 0.059784533877090054,
        "yyl": 0.0453910053375124,
        "1070": 0.019912245591031046,
        "banzhang": 0.016433531871080268,
        "prot": 0.010172762551550736
    }
}