{
    "sum": 0.06278034973861578,
    "coin": {
        "banzhang": 0.017491050536976475,
        "syl": 0.005288044425019316,
        "1070": 0.005950865052688775,
        "niu": 0.0144887322407608,
        "putien": 0.01259885304839298,
        "prot": 0.005646484067593631,
        "lsy": 0.000662226414416161,
        "prol": 0.0006540939527676392
    },
    "portion": {
        "banzhang": 0.2786070897948159,
        "syl": 0.08423088509439562,
        "1070": 0.09478865723853139,
        "niu": 0.23078450982009863,
        "putien": 0.20068147279917922,
        "prot": 0.08994030920666432,
        "lsy": 0.010548307188050434,
        "prol": 0.010418768858264425
    }
}