{
    "sum": 0.9391248586726201,
    "coin": {
        "1070": 0.017396340287388568,
        "banzhang": 0.03732481218337236,
        "lsy": 0.04398422767316514,
        "lsy_2": 0.09648753019860351,
        "lsy_3": 0.10054813096900518,
        "master": 0.0940640922058714,
        "niu": 0.07576162168147649,
        "prol": 0.09167922213362584,
        "prol2": 0.08502751317262705,
        "prot": 0.02310498160720185,
        "putien": 0.07437475367097668,
        "yyl": 0.07194236960751635,
        "zaiton": 0.08175970773246678,
        "lee": 0.045669555549322984
    },
    "portion": {
        "1070": 0.01852399084822112,
        "banzhang": 0.03974424895548828,
        "lsy": 0.046835335330526154,
        "lsy_2": 0.10274196163328178,
        "lsy_3": 0.10706577516340281,
        "master": 0.10016143363388728,
        "niu": 0.08067257615623086,
        "prol": 0.09762197357144532,
        "prol2": 0.09053909327116186,
        "prot": 0.024602672790345413,
        "putien": 0.07919580978412137,
        "yyl": 0.07660575581952041,
        "zaiton": 0.08705946496616836,
        "lee": 0.048629908076199095
    }
}