{
    "sum": 1.7981632319842418,
    "coin": {
        "1070": 0.017396340287388568,
        "banzhang": 0.03732481218337236,
        "lsy": 0.10686054526706262,
        "lsy_2": 0.19938184466625833,
        "lsy_3": 0.20973316012207766,
        "master": 0.1673375659231708,
        "niu": 0.12918978804315157,
        "prol": 0.18604079909473176,
        "prol2": 0.13615815150262958,
        "prot": 0.02310498160720185,
        "putien": 0.1715710543678838,
        "yyl": 0.10309474325592632,
        "zaiton": 0.18479416482296054,
        "lee": 0.12617528084042598
    },
    "portion": {
        "1070": 0.009674505616596336,
        "banzhang": 0.020757187956838088,
        "lsy": 0.05942761111244827,
        "lsy_2": 0.11088083724537284,
        "lsy_3": 0.11663744224746536,
        "master": 0.09306027558939503,
        "niu": 0.07184541744888916,
        "prol": 0.10346157444752054,
        "prol2": 0.0757206849082224,
        "prot": 0.012849212572156704,
        "putien": 0.09541461604604057,
        "yyl": 0.057333361856233195,
        "zaiton": 0.10276829240860598,
        "lee": 0.07016898054421553
    }
}