{
    "sum": 0.4555769411781129,
    "coin": {
        "1070": 0.012938873874538626,
        "banzhang": 0.03732481218337236,
        "lsy": 0.025227832181935708,
        "lsy_2": 0.04192828440055307,
        "lsy_3": 0.04332220310636716,
        "master": 0.040570553628741506,
        "niu": 0.04246842188555133,
        "prol": 0.04149890173374835,
        "prol2": 0.041090243170852254,
        "prot": 0.02310498160720185,
        "putien": 0.03255771254618204,
        "yyl": 0.03163079353931219,
        "zaiton": 0.037700759572607045,
        "lee": 0.004212567747149417
    },
    "portion": {
        "1070": 0.02840107280469234,
        "banzhang": 0.08192866848539598,
        "lsy": 0.05537556865081238,
        "lsy_2": 0.09203337704521955,
        "lsy_3": 0.09509305496089597,
        "master": 0.0890531323289253,
        "niu": 0.09321898903778764,
        "prol": 0.09109087397275423,
        "prol2": 0.09019386070022267,
        "prot": 0.05071587150010891,
        "putien": 0.07146479464476065,
        "yyl": 0.06943018989836401,
        "zaiton": 0.08275388011323319,
        "lee": 0.009246665856827171
    }
}