{
    "sum": 1.137848750010211,
    "coin": {
        "1070": 0.017396340287388568,
        "banzhang": 0.03732481218337236,
        "lsy": 0.057218872606956746,
        "lsy_2": 0.11797359445531072,
        "lsy_3": 0.12452163476434079,
        "master": 0.115204437128288,
        "niu": 0.08737161330061899,
        "prol": 0.11640595529767295,
        "prol2": 0.08502751317262705,
        "prot": 0.02310498160720185,
        "putien": 0.09512484928513122,
        "yyl": 0.0878759056258629,
        "zaiton": 0.10387727782319858,
        "lee": 0.06942096247224043
    },
    "portion": {
        "1070": 0.015288798521976189,
        "banzhang": 0.03280296452673293,
        "lsy": 0.05028688795979542,
        "lsy_2": 0.10368126207833162,
        "lsy_3": 0.10943601666146167,
        "master": 0.10124758420418721,
        "niu": 0.07678666720847997,
        "prol": 0.10230354016439208,
        "prol2": 0.07472655146113577,
        "prot": 0.020305846103882003,
        "putien": 0.08360060973330381,
        "yyl": 0.07722986523918429,
        "zaiton": 0.09129269406172516,
        "lee": 0.061010712075412
    }
}