{
    "sum": 2.0544381190610554,
    "coin": {
        "lsy": 0.12481971544533058,
        "lsy_2": 0.2319867727430612,
        "lsy_3": 0.24168262541267033,
        "master": 0.1949498813462614,
        "prol": 0.21324030558195692,
        "prol2": 0.17089108855656132,
        "putien": 0.19983637591088452,
        "zaiton": 0.21477318059865766,
        "niu": 0.1430211511516291,
        "lee": 0.126175280840426,
        "yyl": 0.10309474325592631,
        "1070": 0.029537204427115996,
        "banzhang": 0.037324812183372365,
        "prot": 0.02310498160720185
    },
    "portion": {
        "lsy": 0.06075613292376857,
        "lsy_2": 0.11291981519944083,
        "lsy_3": 0.11763928208415793,
        "master": 0.09489206782989394,
        "prol": 0.10379495181846345,
        "prol2": 0.08318142414270627,
        "putien": 0.09727057440027262,
        "zaiton": 0.10454108040830937,
        "niu": 0.06961570164838764,
        "lee": 0.06141595586149472,
        "yyl": 0.050181478964693244,
        "1070": 0.014377266539726907,
        "banzhang": 0.018167893127114976,
        "prot": 0.01124637505156961
    }
}