{
    "sum": 2.3580054937531467,
    "coin": {
        "lsy": 0.12645737718677977,
        "lsy_2": 0.2699949586345197,
        "lsy_3": 0.2574515787517966,
        "master": 0.20335569599778647,
        "prol": 0.2216853962665857,
        "prol2": 0.17389479528842489,
        "putien": 0.30455463179017955,
        "zaiton": 0.3130533196586826,
        "niu": 0.1430211511516291,
        "lee": 0.13578617888950265,
        "yyl": 0.10309474325592631,
        "1070": 0.04522587309075892,
        "banzhang": 0.037324812183372365,
        "prot": 0.02310498160720185
    },
    "portion": {
        "lsy": 0.053628957829738734,
        "lsy_2": 0.11450141204072392,
        "lsy_3": 0.10918192490808018,
        "master": 0.08624055225338471,
        "prol": 0.0940139439258632,
        "prol2": 0.07374656070526928,
        "putien": 0.1291577278326997,
        "zaiton": 0.1327619127639977,
        "niu": 0.060653442721199026,
        "lee": 0.05758518343117895,
        "yyl": 0.0437211633005292,
        "1070": 0.019179714894885437,
        "banzhang": 0.01582897592149537,
        "prot": 0.009798527470954506
    }
}