{
    "sum": 2.364762847585328,
    "coin": {
        "lsy": 0.12645737718677977,
        "lsy_2": 0.2699949586345197,
        "lsy_3": 0.2574515787517966,
        "master": 0.20335569599778647,
        "prol": 0.2216853962665857,
        "prol2": 0.17389479528842489,
        "putien": 0.3080186853052524,
        "zaiton": 0.3163466199757909,
        "niu": 0.1430211511516291,
        "lee": 0.13578617888950265,
        "yyl": 0.10309474325592631,
        "1070": 0.04522587309075892,
        "banzhang": 0.037324812183372365,
        "prot": 0.02310498160720185
    },
    "portion": {
        "lsy": 0.05347571208500086,
        "lsy_2": 0.11417422212557721,
        "lsy_3": 0.10886993552638133,
        "master": 0.08599411827085919,
        "prol": 0.09374529733201359,
        "prol2": 0.07353582853603684,
        "putien": 0.13025352018692782,
        "zaiton": 0.13377519876837296,
        "niu": 0.06048012438019684,
        "lee": 0.0574206326981814,
        "yyl": 0.043596229262988,
        "1070": 0.019124908502744495,
        "banzhang": 0.015783744328309677,
        "prot": 0.009770527996409649
    }
}