{
    "sum": 0.3552382793693696,
    "coin": {
        "1070": 0.009041075138798706,
        "banzhang": 0.030554431062797784,
        "lsy": 0.01895713466790507,
        "lsy_2": 0.0321991597318705,
        "lsy_3": 0.033276446401115295,
        "master": 0.03187875419578204,
        "niu": 0.03188225305244228,
        "prol": 0.030996765831223724,
        "prol2": 0.03174605443873178,
        "prot": 0.02310498160720185,
        "putien": 0.026823174352295545,
        "yyl": 0.025074393138892127,
        "zaiton": 0.02970365575031289
    },
    "portion": {
        "1070": 0.025450734517824807,
        "banzhang": 0.08601108843629969,
        "lsy": 0.053364560546679776,
        "lsy_2": 0.09064101928719924,
        "lsy_3": 0.0936735941300828,
        "master": 0.08973907387563702,
        "niu": 0.08974892319893193,
        "prol": 0.08725626609342377,
        "prol2": 0.08936552247434708,
        "prot": 0.06504079922979741,
        "putien": 0.07550755622370682,
        "yyl": 0.07058471621753432,
        "zaiton": 0.08361614576853535
    }
}