{
    "sum": 2.260899500196016,
    "coin": {
        "lsy": 0.12645737718677977,
        "lsy_2": 0.2699949586345197,
        "lsy_3": 0.2574515787517966,
        "master": 0.20335569599778647,
        "prol": 0.2216031988102114,
        "prol2": 0.17389479528842489,
        "putien": 0.25295403898965896,
        "zaiton": 0.26763011635844697,
        "niu": 0.1430211511516291,
        "lee": 0.13578617888950265,
        "yyl": 0.10309474325592631,
        "1070": 0.04522587309075892,
        "banzhang": 0.037324812183372365,
        "prot": 0.02310498160720185
    },
    "portion": {
        "lsy": 0.05593233010835561,
        "lsy_2": 0.11941926592098041,
        "lsy_3": 0.113871305968919,
        "master": 0.08994459770553971,
        "prol": 0.09801550170230866,
        "prol2": 0.07691398723090015,
        "putien": 0.11188203587453945,
        "zaiton": 0.11837329184036881,
        "niu": 0.06325851774447712,
        "lee": 0.06005847622936368,
        "yyl": 0.04559899422640776,
        "1070": 0.02000348670378224,
        "banzhang": 0.01650883295791625,
        "prot": 0.010219375786141176
    }
}