{
    "sum": 2.3655987221411547,
    "coin": {
        "lsy": 0.12645737718677977,
        "lsy_2": 0.2699949586345197,
        "lsy_3": 0.2574515787517966,
        "master": 0.20335569599778647,
        "prol": 0.2216853962665857,
        "prol2": 0.17389479528842489,
        "putien": 0.3080186853052524,
        "zaiton": 0.31718249453161784,
        "niu": 0.1430211511516291,
        "lee": 0.13578617888950265,
        "yyl": 0.10309474325592631,
        "1070": 0.04522587309075892,
        "banzhang": 0.037324812183372365,
        "prot": 0.02310498160720185
    },
    "portion": {
        "lsy": 0.05345681666259967,
        "lsy_2": 0.11413387913489462,
        "lsy_3": 0.10883146678350061,
        "master": 0.0859637326036957,
        "prol": 0.09371217281768458,
        "prol2": 0.07350984495418941,
        "putien": 0.13020749564256529,
        "zaiton": 0.13408127573070766,
        "niu": 0.0604587539775882,
        "lee": 0.05740034335434525,
        "yyl": 0.04358082471511188,
        "1070": 0.01911815079517121,
        "banzhang": 0.01577816720732283,
        "prot": 0.009767075620623024
    }
}