{
    "sum": 2.336058012509961,
    "coin": {
        "lsy": 0.12645737718677977,
        "lsy_2": 0.2699949586345197,
        "lsy_3": 0.2574515787517966,
        "master": 0.20335569599778647,
        "prol": 0.2216853962665857,
        "prol2": 0.17389479528842489,
        "putien": 0.2926362022124171,
        "zaiton": 0.3030242679932596,
        "niu": 0.1430211511516291,
        "lee": 0.13578617888950265,
        "yyl": 0.10309474325592631,
        "1070": 0.04522587309075892,
        "banzhang": 0.037324812183372365,
        "prot": 0.02310498160720185
    },
    "portion": {
        "lsy": 0.054132806852218766,
        "lsy_2": 0.1155771634046132,
        "lsy_3": 0.11020769919800902,
        "master": 0.08705079022386622,
        "prol": 0.09489721363057992,
        "prol2": 0.0744394164687652,
        "putien": 0.12526923588596853,
        "zaiton": 0.1297160714205369,
        "niu": 0.061223287429390955,
        "lee": 0.05812620155935603,
        "yyl": 0.04413192767638373,
        "1070": 0.019359910091516223,
        "banzhang": 0.01597769061534092,
        "prot": 0.009890585543454405
    }
}