{
    "sum": 2.1248220049011133,
    "coin": {
        "lsy": 0.12628488061016963,
        "lsy_2": 0.24302664902772306,
        "lsy_3": 0.25238664411876327,
        "master": 0.20335569599778647,
        "prol": 0.21865174681823446,
        "prol2": 0.17379757036672158,
        "putien": 0.20952700317041803,
        "zaiton": 0.2248575997401424,
        "niu": 0.1430211511516291,
        "lee": 0.13190807710881616,
        "yyl": 0.10309474325592631,
        "1070": 0.034480449744208594,
        "banzhang": 0.037324812183372365,
        "prot": 0.02310498160720185
    },
    "portion": {
        "lsy": 0.05943315737453819,
        "lsy_2": 0.11437506222505128,
        "lsy_3": 0.1187801347767523,
        "master": 0.09570481458151615,
        "prol": 0.10290355912819636,
        "prol2": 0.08179394319422531,
        "putien": 0.09860920241183646,
        "zaiton": 0.10582420514353014,
        "niu": 0.0673097091529251,
        "lee": 0.06207958916302498,
        "yyl": 0.04851923738465059,
        "1070": 0.016227453247696047,
        "banzhang": 0.017566088875811233,
        "prot": 0.01087384334024587
    }
}