{
    "sum": 2.2791548845340803,
    "coin": {
        "lsy": 0.12645737718677977,
        "lsy_2": 0.2699949586345197,
        "lsy_3": 0.2574515787517966,
        "master": 0.20335569599778647,
        "prol": 0.2216031988102114,
        "prol2": 0.17389479528842489,
        "putien": 0.26245476667645123,
        "zaiton": 0.27638477300971914,
        "niu": 0.1430211511516291,
        "lee": 0.13578617888950265,
        "yyl": 0.10309474325592631,
        "1070": 0.04522587309075892,
        "banzhang": 0.037324812183372365,
        "prot": 0.02310498160720185
    },
    "portion": {
        "lsy": 0.055484328004602027,
        "lsy_2": 0.11846275146399883,
        "lsy_3": 0.11295922909794984,
        "master": 0.08922416698299895,
        "prol": 0.09723042532737435,
        "prol2": 0.07629792800324477,
        "putien": 0.11515442344766488,
        "zaiton": 0.12126634082010601,
        "niu": 0.06275183495520377,
        "lee": 0.05957742486520873,
        "yyl": 0.04523375921290299,
        "1070": 0.019843264447560478,
        "banzhang": 0.016376601887239686,
        "prot": 0.010137521483944749
    }
}