{
    "sum": 2.2602391916210114,
    "coin": {
        "lsy": 0.12645737718677977,
        "lsy_2": 0.2699949586345197,
        "lsy_3": 0.2574515787517966,
        "master": 0.20335569599778647,
        "prol": 0.2216031988102114,
        "prol2": 0.17389479528842489,
        "putien": 0.2526139008915857,
        "zaiton": 0.26730994588151563,
        "niu": 0.1430211511516291,
        "lee": 0.13578617888950265,
        "yyl": 0.10309474325592631,
        "1070": 0.04522587309075892,
        "banzhang": 0.037324812183372365,
        "prot": 0.02310498160720185
    },
    "portion": {
        "lsy": 0.05594867023612945,
        "lsy_2": 0.1194541531867179,
        "lsy_3": 0.11390457244799652,
        "master": 0.08997087421174334,
        "prol": 0.09804413605061009,
        "prol2": 0.0769364569613139,
        "putien": 0.11176423355017333,
        "zaiton": 0.11826622017371743,
        "niu": 0.06327699815215414,
        "lee": 0.060076021773659595,
        "yyl": 0.04561231556293307,
        "1070": 0.020009330542721707,
        "banzhang": 0.016513655865158034,
        "prot": 0.010222361284971476
    }
}