{
    "sum": 2.3065055596360517,
    "coin": {
        "lsy": 0.12645737718677977,
        "lsy_2": 0.2699949586345197,
        "lsy_3": 0.2574515787517966,
        "master": 0.20335569599778647,
        "prol": 0.2216031988102114,
        "prol2": 0.17389479528842489,
        "putien": 0.27749253544389135,
        "zaiton": 0.28869767934425067,
        "niu": 0.1430211511516291,
        "lee": 0.13578617888950265,
        "yyl": 0.10309474325592631,
        "1070": 0.04522587309075892,
        "banzhang": 0.037324812183372365,
        "prot": 0.02310498160720185
    },
    "portion": {
        "lsy": 0.05482639166355781,
        "lsy_2": 0.11705801336855341,
        "lsy_3": 0.11161975208610396,
        "master": 0.0881661416978654,
        "prol": 0.09607746137198933,
        "prol2": 0.0753931828006797,
        "putien": 0.1203086349757932,
        "zaiton": 0.12516669562669724,
        "niu": 0.062007720100270086,
        "lee": 0.05887095234703385,
        "yyl": 0.04469737470400628,
        "1070": 0.019607961880610078,
        "banzhang": 0.016182407203588933,
        "prot": 0.010017310173250844
    }
}