{
    "sum": 1.346058429909073,
    "coin": {
        "1070": 0.017396340287388568,
        "banzhang": 0.03732481218337236,
        "lsy": 0.07194777563421594,
        "lsy_2": 0.14518530505260888,
        "lsy_3": 0.15035878522855914,
        "master": 0.13799990378574034,
        "niu": 0.09949679850390705,
        "prol": 0.14593439866246607,
        "prol2": 0.09254506307043558,
        "prot": 0.02310498160720185,
        "putien": 0.12068392490042953,
        "yyl": 0.0878759056258629,
        "zaiton": 0.13180788102408583,
        "lee": 0.08439655434279893
    },
    "portion": {
        "1070": 0.012923911697179222,
        "banzhang": 0.027728968783244923,
        "lsy": 0.05345070766287319,
        "lsy_2": 0.10785958605260265,
        "lsy_3": 0.1117030151794495,
        "master": 0.10252148102891961,
        "niu": 0.07391714675463837,
        "prol": 0.10841609503706613,
        "prol2": 0.06875263436869308,
        "prot": 0.017164917282797752,
        "putien": 0.08965727060494826,
        "yyl": 0.06528387154174203,
        "zaiton": 0.09792136663264278,
        "lee": 0.06269902737320249
    }
}