{
    "sum": 2.004988569678823,
    "coin": {
        "lsy": 0.12091169102853833,
        "lsy_2": 0.22557138025354287,
        "lsy_3": 0.2347508107832971,
        "master": 0.1894460165374805,
        "prol": 0.20903430151242092,
        "prol2": 0.16381727777724897,
        "putien": 0.19374835856735506,
        "zaiton": 0.20881762859834946,
        "niu": 0.14277010601970758,
        "lee": 0.126175280840426,
        "yyl": 0.10309474325592631,
        "1070": 0.026421180713956056,
        "banzhang": 0.037324812183372365,
        "prot": 0.02310498160720185
    },
    "portion": {
        "lsy": 0.06030542660295915,
        "lsy_2": 0.11250507043522791,
        "lsy_3": 0.11708336612657176,
        "master": 0.09448732995411921,
        "prol": 0.10425710384269467,
        "prol2": 0.08170484373558831,
        "putien": 0.09663314868592562,
        "zaiton": 0.10414903693530767,
        "niu": 0.07120744136839531,
        "lee": 0.06293067339562833,
        "yyl": 0.05141911770222258,
        "1070": 0.013177721366355937,
        "banzhang": 0.0186159725535749,
        "prot": 0.011523747295428727
    }
}