{
    "sum": 2.367017219644073,
    "coin": {
        "lsy": 0.12645737718677977,
        "lsy_2": 0.2699949586345197,
        "lsy_3": 0.2574515787517966,
        "master": 0.20335569599778647,
        "prol": 0.2216853962665857,
        "prol2": 0.17389479528842489,
        "putien": 0.3080186853052524,
        "zaiton": 0.3186009920345359,
        "niu": 0.1430211511516291,
        "lee": 0.13578617888950265,
        "yyl": 0.10309474325592631,
        "1070": 0.04522587309075892,
        "banzhang": 0.037324812183372365,
        "prot": 0.02310498160720185
    },
    "portion": {
        "lsy": 0.05342478125520147,
        "lsy_2": 0.11406548139735068,
        "lsy_3": 0.10876624665641826,
        "master": 0.08591221656949541,
        "prol": 0.09365601332630796,
        "prol2": 0.07346579224065525,
        "putien": 0.13012946536636052,
        "zaiton": 0.13460020036628367,
        "niu": 0.060422522474566163,
        "lee": 0.0573659446845599,
        "yyl": 0.04355470775638405,
        "1070": 0.019106693739033936,
        "banzhang": 0.01576871172444824,
        "prot": 0.009761222442934377
    }
}