{
    "sum": 2.354189250041188,
    "coin": {
        "lsy": 0.12645737718677977,
        "lsy_2": 0.2699949586345197,
        "lsy_3": 0.2574515787517966,
        "master": 0.20335569599778647,
        "prol": 0.2216853962665857,
        "prol2": 0.17389479528842489,
        "putien": 0.3025539252160116,
        "zaiton": 0.3112377825208919,
        "niu": 0.1430211511516291,
        "lee": 0.13578617888950265,
        "yyl": 0.10309474325592631,
        "1070": 0.04522587309075892,
        "banzhang": 0.037324812183372365,
        "prot": 0.02310498160720185
    },
    "portion": {
        "lsy": 0.05371589271532325,
        "lsy_2": 0.11468702383625105,
        "lsy_3": 0.10935891358236909,
        "master": 0.08638035195948186,
        "prol": 0.09416634463975536,
        "prol2": 0.07386610710476334,
        "putien": 0.12851724864970743,
        "zaiton": 0.13220593141160872,
        "niu": 0.06075176460394034,
        "lee": 0.057678531531450576,
        "yyl": 0.04379203721796054,
        "1070": 0.019210806051368923,
        "banzhang": 0.015854635383590908,
        "prot": 0.009814411312428521
    }
}