{
    "sum": 1.8351875889556697,
    "coin": {
        "1070": 0.017396340287388568,
        "banzhang": 0.03732481218337236,
        "lsy": 0.10962252141614456,
        "lsy_2": 0.20411479333350807,
        "lsy_3": 0.2147560289880935,
        "master": 0.1697809282412279,
        "niu": 0.1320671414105179,
        "prol": 0.19120367345767011,
        "prol2": 0.1414836326640975,
        "prot": 0.02310498160720185,
        "putien": 0.17555880872256066,
        "yyl": 0.10309474325592632,
        "zaiton": 0.1895039025475345,
        "lee": 0.12617528084042598
    },
    "portion": {
        "1070": 0.009479325379095504,
        "banzhang": 0.02033841794048552,
        "lsy": 0.059733687213156375,
        "lsy_2": 0.11122284967590777,
        "lsy_3": 0.11702129541443902,
        "master": 0.0925142090448875,
        "niu": 0.07196383748741016,
        "prol": 0.1041875362542509,
        "prol2": 0.07709491580891197,
        "prot": 0.012589983577836831,
        "putien": 0.09566259589978156,
        "yyl": 0.056176678545757454,
        "zaiton": 0.10326132526613992,
        "lee": 0.06875334249193957
    }
}