{
    "sum": 0.12126654745348703,
    "coin": {
        "1070": 0.00942347287622505,
        "banzhang": 0.027462612957164453,
        "lsy": 0.005086381369460385,
        "lsy_2": 0.006866730322153909,
        "master": 0.005098418989132918,
        "niu": 0.0206876908233699,
        "prol": 0.006742281848322967,
        "prot": 0.014514695308536512,
        "putien": 0.02009621853410162,
        "syl": 0.005288044425019316
    },
    "portion": {
        "1070": 0.0777087587146778,
        "banzhang": 0.2264648704350885,
        "lsy": 0.04194381283437888,
        "lsy_2": 0.0566250995542502,
        "master": 0.04204307862470041,
        "niu": 0.17059684849446932,
        "prol": 0.05559886044342967,
        "prot": 0.11969249239246103,
        "putien": 0.16571939216633277,
        "syl": 0.0436067863402114
    }
}