{
    "sum": 1.9091967338105207,
    "coin": {
        "1070": 0.02070473369870518,
        "banzhang": 0.03732481218337236,
        "lsy": 0.1151921122631148,
        "lsy_2": 0.2127828996155221,
        "lsy_3": 0.22462308359016356,
        "master": 0.17878745546594701,
        "niu": 0.134320853379006,
        "prol": 0.20056864470782598,
        "prol2": 0.15141285430099696,
        "prot": 0.02310498160720185,
        "putien": 0.18319425885885263,
        "yyl": 0.10309474325592632,
        "zaiton": 0.19791002004346006,
        "lee": 0.12617528084042598
    },
    "portion": {
        "1070": 0.010844735553984053,
        "banzhang": 0.01955000840006501,
        "lsy": 0.060335380960560084,
        "lsy_2": 0.11145153134157827,
        "lsy_3": 0.1176531887009065,
        "master": 0.09364538096035255,
        "niu": 0.07035464234789371,
        "prol": 0.10505394292578521,
        "prol2": 0.07930709895925478,
        "prot": 0.01210193857868548,
        "putien": 0.09595357859911038,
        "yyl": 0.05399901509896361,
        "zaiton": 0.10366140719739035,
        "lee": 0.06608815037547006
    }
}