{
    "sum": 1.7500831760924516,
    "coin": {
        "1070": 0.017396340287388568,
        "banzhang": 0.03732481218337236,
        "lsy": 0.10082811182918634,
        "lsy_2": 0.19015855757611527,
        "lsy_3": 0.1979163396770747,
        "master": 0.1673375659231708,
        "niu": 0.1283035263008321,
        "prol": 0.18604079909473176,
        "prol2": 0.13271621278489726,
        "prot": 0.02310498160720185,
        "putien": 0.16395878822368204,
        "yyl": 0.10309474325592632,
        "zaiton": 0.1757271165084462,
        "lee": 0.12617528084042598
    },
    "portion": {
        "1070": 0.009940293424356404,
        "banzhang": 0.021327450428219305,
        "lsy": 0.0576133255873662,
        "lsy_2": 0.10865686852707038,
        "lsy_3": 0.11308967618269326,
        "master": 0.09561692164643201,
        "niu": 0.07331281624414303,
        "prol": 0.10630397551167807,
        "prol2": 0.07583423153705368,
        "prot": 0.013202219141829683,
        "putien": 0.09368628329412647,
        "yyl": 0.05890848198776133,
        "zaiton": 0.10041072270679498,
        "lee": 0.0720967337804752
    }
}