{
    "sum": 2.340092862747022,
    "coin": {
        "lsy": 0.12645737718677977,
        "lsy_2": 0.2699949586345197,
        "lsy_3": 0.2574515787517966,
        "master": 0.20335569599778647,
        "prol": 0.2216853962665857,
        "prol2": 0.17389479528842489,
        "putien": 0.29475041726955803,
        "zaiton": 0.30494490317317957,
        "niu": 0.1430211511516291,
        "lee": 0.13578617888950265,
        "yyl": 0.10309474325592631,
        "1070": 0.04522587309075892,
        "banzhang": 0.037324812183372365,
        "prot": 0.02310498160720185
    },
    "portion": {
        "lsy": 0.05403946962956511,
        "lsy_2": 0.11537788219121105,
        "lsy_3": 0.1100176761573366,
        "master": 0.08690069494040008,
        "prol": 0.09473358933557467,
        "prol2": 0.07431106605072534,
        "putien": 0.12595671819773516,
        "zaiton": 0.13031316322002984,
        "niu": 0.061117724611893125,
        "lee": 0.058025978819534536,
        "yyl": 0.04405583423510123,
        "1070": 0.019326529220583373,
        "banzhang": 0.01595014145701764,
        "prot": 0.009873531933292186
    }
}