{
    "sum": 1.328876640817082,
    "coin": {
        "1070": 0.017396340287388568,
        "banzhang": 0.03732481218337236,
        "lsy": 0.07081693971763885,
        "lsy_2": 0.1433743948021049,
        "lsy_3": 0.1484440107329727,
        "master": 0.13626037484938,
        "niu": 0.09778695825985476,
        "prol": 0.14405932534603808,
        "prol2": 0.09071293803441166,
        "prot": 0.02310498160720185,
        "putien": 0.11907679974787816,
        "yyl": 0.0878759056258629,
        "zaiton": 0.12999895392742536,
        "lee": 0.08264390569555197
    },
    "portion": {
        "1070": 0.013091012177542783,
        "banzhang": 0.02808749212449289,
        "lsy": 0.05329083042207429,
        "lsy_2": 0.10789142528229614,
        "lsy_3": 0.1117063888200333,
        "master": 0.10253801644492602,
        "niu": 0.07358618193463677,
        "prol": 0.10840684599396735,
        "prol2": 0.0682628735039208,
        "prot": 0.017386852095613154,
        "putien": 0.0896071133244255,
        "yyl": 0.06612796321849027,
        "zaiton": 0.09782620142039168,
        "lee": 0.062190803237189105
    }
}