{
    "sum": 1.8762199667348398,
    "coin": {
        "1070": 0.01869811392351472,
        "banzhang": 0.03732481218337236,
        "lsy": 0.1126339441765815,
        "lsy_2": 0.2085336200937081,
        "lsy_3": 0.22024950787333578,
        "master": 0.17483063173213845,
        "niu": 0.1338980067128626,
        "prol": 0.1969759283428992,
        "prol2": 0.14699452979008099,
        "prot": 0.02310498160720185,
        "putien": 0.17960247700374607,
        "yyl": 0.10309474325592632,
        "zaiton": 0.194103389199046,
        "lee": 0.12617528084042598
    },
    "portion": {
        "1070": 0.009965843160732797,
        "banzhang": 0.019893622733547722,
        "lsy": 0.060032376892671505,
        "lsy_2": 0.11114561394238669,
        "lsy_3": 0.11739002450583287,
        "master": 0.09318237457860222,
        "niu": 0.07136583614227465,
        "prol": 0.10498551973396475,
        "prol2": 0.07834610674455915,
        "prot": 0.012314644347065093,
        "putien": 0.09572570390896427,
        "yyl": 0.05494811114036949,
        "zaiton": 0.10345449501682977,
        "lee": 0.06724972715219907
    }
}