{
    "sum": 1.414370540176157,
    "coin": {
        "1070": 0.017396340287388568,
        "banzhang": 0.03732481218337236,
        "lsy": 0.07526504075569658,
        "lsy_2": 0.15223613052369359,
        "lsy_3": 0.15780483770697523,
        "master": 0.14519647396385688,
        "niu": 0.10128925819096928,
        "prol": 0.15344405610263498,
        "prol2": 0.10085880162288538,
        "prot": 0.02310498160720185,
        "putien": 0.127759090553518,
        "yyl": 0.09061690476952323,
        "zaiton": 0.13947451957718013,
        "lee": 0.0925992923312608
    },
    "portion": {
        "1070": 0.012299704916946225,
        "banzhang": 0.026389698543016617,
        "lsy": 0.053214513889919164,
        "lsy_2": 0.10763525271442155,
        "lsy_3": 0.1115724862929632,
        "master": 0.10265801629732259,
        "niu": 0.0716143721279389,
        "prol": 0.10848929028423049,
        "prol2": 0.07131002715195384,
        "prot": 0.01633587589029122,
        "putien": 0.09032929273088922,
        "yyl": 0.06406871622074162,
        "zaiton": 0.09861243260893207,
        "lee": 0.06547032033043317
    }
}