{
    "sum": 1.6223148056364363,
    "coin": {
        "1070": 0.017396340287388568,
        "banzhang": 0.03732481218337236,
        "lsy": 0.08918408548303282,
        "lsy_2": 0.17342853246188564,
        "lsy_3": 0.17913089365458898,
        "master": 0.16543764349041734,
        "niu": 0.11296811017275535,
        "prol": 0.17574262622779174,
        "prol2": 0.12271269706068667,
        "prot": 0.02310498160720185,
        "putien": 0.14938825089936303,
        "yyl": 0.09975859609347941,
        "zaiton": 0.16146369637970245,
        "lee": 0.1152735396347699
    },
    "portion": {
        "1070": 0.010723159418226451,
        "banzhang": 0.023007132804122924,
        "lsy": 0.05497335361372467,
        "lsy_2": 0.10690189836111949,
        "lsy_3": 0.1104168519156895,
        "master": 0.1019762890134729,
        "niu": 0.06963390199008744,
        "prol": 0.10832831310988848,
        "prol2": 0.07564049630462832,
        "prot": 0.014241984063097875,
        "putien": 0.09208339243428024,
        "yyl": 0.06149151554734408,
        "zaiton": 0.09952673538990482,
        "lee": 0.07105497603441271
    }
}