{
    "sum": 1.0915499148889607,
    "coin": {
        "1070": 0.017396340287388568,
        "banzhang": 0.03732481218337236,
        "lsy": 0.05480487875602081,
        "lsy_2": 0.11236149547887701,
        "lsy_3": 0.1187060185771841,
        "master": 0.11051977974292412,
        "niu": 0.08205578583141594,
        "prol": 0.11087797409737385,
        "prol2": 0.08502751317262705,
        "prot": 0.02310498160720185,
        "putien": 0.09055986368681052,
        "yyl": 0.08616998076324411,
        "zaiton": 0.09864847450329554,
        "lee": 0.06399201620122474
    },
    "portion": {
        "1070": 0.015937283352871895,
        "banzhang": 0.034194324670135924,
        "lsy": 0.05020831206019186,
        "lsy_2": 0.10293756973111681,
        "lsy_3": 0.10874996824058167,
        "master": 0.10125032143323183,
        "niu": 0.07517364502727589,
        "prol": 0.10157847349441006,
        "prol2": 0.0778961291763525,
        "prot": 0.02116713243439008,
        "putien": 0.08296447322431685,
        "yyl": 0.07894277631088438,
        "zaiton": 0.09037468022095049,
        "lee": 0.05862491062328965
    }
}