{
    "sum": 1.7619582152998878,
    "coin": {
        "1070": 0.017396340287388568,
        "banzhang": 0.03732481218337236,
        "lsy": 0.10232961676419794,
        "lsy_2": 0.1929595873869614,
        "lsy_3": 0.20100258722674114,
        "master": 0.1673375659231708,
        "niu": 0.1283035263008321,
        "prol": 0.18604079909473176,
        "prol2": 0.13271621278489726,
        "prot": 0.02310498160720185,
        "putien": 0.1660014134579494,
        "yyl": 0.10309474325592632,
        "zaiton": 0.17817074818609094,
        "lee": 0.12617528084042598
    },
    "portion": {
        "1070": 0.009873299001263594,
        "banzhang": 0.021183710180675098,
        "lsy": 0.058077209706577114,
        "lsy_2": 0.1095142811625186,
        "lsy_3": 0.11407908852851553,
        "master": 0.09497249393890406,
        "niu": 0.0728187111287396,
        "prol": 0.10558752045267279,
        "prol2": 0.07532313288275612,
        "prot": 0.013113240374584792,
        "putien": 0.09421416014096322,
        "yyl": 0.05851145751397938,
        "zaiton": 0.10112087031290128,
        "lee": 0.07161082467494881
    }
}