{
    "sum": 1.9840827440199744,
    "coin": {
        "lsy": 0.11940758861596798,
        "lsy_2": 0.22232543387884166,
        "lsy_3": 0.23251177068507906,
        "master": 0.1866769185971766,
        "prol": 0.20766686675847076,
        "prol2": 0.1605672869185279,
        "putien": 0.19157472531909608,
        "zaiton": 0.20599705111687178,
        "niu": 0.14276645426680837,
        "lee": 0.126175280840426,
        "yyl": 0.10309474325592631,
        "1070": 0.024888829976207807,
        "banzhang": 0.037324812183372365,
        "prot": 0.02310498160720185
    },
    "portion": {
        "lsy": 0.060182766558432334,
        "lsy_2": 0.11205451715606647,
        "lsy_3": 0.11718854537990896,
        "master": 0.09408726483803201,
        "prol": 0.10466643459521974,
        "prol2": 0.08092771705337276,
        "putien": 0.09655581446716491,
        "zaiton": 0.10382482874655652,
        "niu": 0.07195589735211723,
        "lee": 0.0635937594945162,
        "yyl": 0.05196090917410268,
        "1070": 0.012544250007325926,
        "banzhang": 0.018812124794628324,
        "prot": 0.011645170382556004
    }
}