{
    "sum": 2.188970668124917,
    "coin": {
        "lsy": 0.12644948485969393,
        "lsy_2": 0.258062652407733,
        "lsy_3": 0.25643388897900105,
        "master": 0.20335569599778647,
        "prol": 0.2215752526686047,
        "prol2": 0.17383810270322028,
        "putien": 0.2230701289221557,
        "zaiton": 0.24122806144630585,
        "niu": 0.1430211511516291,
        "lee": 0.13578617888950265,
        "yyl": 0.10309474325592631,
        "1070": 0.04262553305278396,
        "banzhang": 0.037324812183372365,
        "prot": 0.02310498160720185
    },
    "portion": {
        "lsy": 0.057766641966021035,
        "lsy_2": 0.11789223865150772,
        "lsy_3": 0.11714816133130901,
        "master": 0.09290014661182369,
        "prol": 0.1012234909745991,
        "prol2": 0.07941545550819594,
        "putien": 0.10190640385018894,
        "zaiton": 0.11020159610130499,
        "niu": 0.06533717113447743,
        "lee": 0.06203197734294802,
        "yyl": 0.04709736167649874,
        "1070": 0.019472866253295754,
        "banzhang": 0.017051307597166197,
        "prot": 0.010555181000663518
    }
}