{
    "sum": 2.243382695239868,
    "coin": {
        "lsy": 0.12644948485969393,
        "lsy_2": 0.2699949586345197,
        "lsy_3": 0.25715658243741574,
        "master": 0.20335569599778647,
        "prol": 0.2215752526686047,
        "prol2": 0.17389479528842489,
        "putien": 0.243676268561026,
        "zaiton": 0.2597219166140049,
        "niu": 0.1430211511516291,
        "lee": 0.13578617888950265,
        "yyl": 0.10309474325592631,
        "1070": 0.04522587309075892,
        "banzhang": 0.037324812183372365,
        "prot": 0.02310498160720185
    },
    "portion": {
        "lsy": 0.05636554348395455,
        "lsy_2": 0.12035171672109703,
        "lsy_3": 0.11462894092170035,
        "master": 0.09064690408340838,
        "prol": 0.09876837025566577,
        "prol2": 0.07751454785552388,
        "putien": 0.10862001792118288,
        "zaiton": 0.11577245254012927,
        "niu": 0.06375245358498094,
        "lee": 0.06052742547119633,
        "yyl": 0.045955040784917515,
        "1070": 0.020159678144402938,
        "banzhang": 0.016637737405468176,
        "prot": 0.010299170826371828
    }
}