{
    "sum": 1.0386434045460122,
    "coin": {
        "1070": 0.017396340287388568,
        "banzhang": 0.03732481218337236,
        "lsy": 0.05081058601543558,
        "lsy_2": 0.1086927720780743,
        "lsy_3": 0.11320263450904097,
        "master": 0.10498908795150687,
        "niu": 0.07693560581332004,
        "prol": 0.1043754071089591,
        "prol2": 0.08502751317262705,
        "prot": 0.02310498160720185,
        "putien": 0.08472460855175558,
        "yyl": 0.08148257668265434,
        "zaiton": 0.09257846923227979,
        "lee": 0.057998009352395775
    },
    "portion": {
        "1070": 0.016749098113218612,
        "banzhang": 0.03593611822884189,
        "lsy": 0.04892014505945352,
        "lsy_2": 0.10464878667918136,
        "lsy_3": 0.10899085674021247,
        "master": 0.10108290053350627,
        "niu": 0.07407316647521422,
        "prol": 0.10049205208652075,
        "prol2": 0.08186400914931174,
        "prot": 0.022245345713528087,
        "putien": 0.08157237429220324,
        "yyl": 0.07845096433098722,
        "zaiton": 0.08913402696929033,
        "lee": 0.0558401556285302
    }
}