{
    "sum": 2.3002022285502295,
    "coin": {
        "lsy": 0.12645737718677977,
        "lsy_2": 0.2699949586345197,
        "lsy_3": 0.2574515787517966,
        "master": 0.20335569599778647,
        "prol": 0.2216031988102114,
        "prol2": 0.17389479528842489,
        "putien": 0.2746855697116215,
        "zaiton": 0.2852013139906979,
        "niu": 0.1430211511516291,
        "lee": 0.13578617888950265,
        "yyl": 0.10309474325592631,
        "1070": 0.04522587309075892,
        "banzhang": 0.037324812183372365,
        "prot": 0.02310498160720185
    },
    "portion": {
        "lsy": 0.05497663449638655,
        "lsy_2": 0.1173787918659187,
        "lsy_3": 0.11192562791057857,
        "master": 0.08840774670753945,
        "prol": 0.0963407460699155,
        "prol2": 0.07559978558842942,
        "putien": 0.11941800868732755,
        "zaiton": 0.12398966945200053,
        "niu": 0.062177642198778506,
        "lee": 0.05903227864233742,
        "yyl": 0.044819860608910383,
        "1070": 0.01966169431948767,
        "banzhang": 0.01622675246554188,
        "prot": 0.01004476098684786
    }
}