{
    "sum": 0.29892031289694687,
    "coin": {
        "1070": 0.006374718520926985,
        "banzhang": 0.025936744129541774,
        "lsy": 0.015475990674125677,
        "lsy_2": 0.027284535713914405,
        "lsy_3": 0.028154753213335614,
        "master": 0.026140010601811148,
        "niu": 0.026260345921407177,
        "prol": 0.025269161282501857,
        "prol2": 0.026134612567998667,
        "prot": 0.02310498160720185,
        "putien": 0.024321939608341205,
        "yyl": 0.02025219770779264,
        "zaiton": 0.024210321348047854
    },
    "portion": {
        "1070": 0.021325812418524655,
        "banzhang": 0.08676808838509244,
        "lsy": 0.0517729642530551,
        "lsy_2": 0.0912769542139506,
        "lsy_3": 0.09418815650391078,
        "master": 0.08744809059136421,
        "niu": 0.08785065714306428,
        "prol": 0.08453477462809103,
        "prol2": 0.08743003215378209,
        "prot": 0.07729478596915333,
        "putien": 0.08136596463662281,
        "yyl": 0.0677511592019998,
        "zaiton": 0.0809925599013888
    }
}