{
    "sum": 1.9944426750811552,
    "coin": {
        "lsy": 0.12048474252240957,
        "lsy_2": 0.22405149664497945,
        "lsy_3": 0.23319980529842138,
        "master": 0.18813018197169862,
        "prol": 0.20779285223349309,
        "prol2": 0.1622438508769269,
        "putien": 0.19289149724781401,
        "zaiton": 0.20748339900232318,
        "niu": 0.14277010601970758,
        "lee": 0.126175280840426,
        "yyl": 0.10309474325592631,
        "1070": 0.025694925376454958,
        "banzhang": 0.037324812183372365,
        "prot": 0.02310498160720185
    },
    "portion": {
        "lsy": 0.06041023090197714,
        "lsy_2": 0.11233789742082341,
        "lsy_3": 0.11692479719374853,
        "master": 0.09432719441988649,
        "prol": 0.10418592363154175,
        "prol2": 0.08134796397210317,
        "putien": 0.09671448553414308,
        "zaiton": 0.10403076588495107,
        "niu": 0.07158396067407562,
        "lee": 0.06326342813302059,
        "yyl": 0.05169100347881962,
        "1070": 0.012883260921705565,
        "banzhang": 0.018714407112179143,
        "prot": 0.011584680721024832
    }
}