{
    "sum": 0.19187291430090897,
    "coin": {
        "1070": 0.013859501643216544,
        "banzhang": 0.038614934236411325,
        "lsy": 0.010051675874540426,
        "lsy_2": 0.015758275461105406,
        "master": 0.014439836852636053,
        "niu": 0.02695455256469273,
        "prol": 0.016305729393490502,
        "prot": 0.02150822481082722,
        "putien": 0.02803713279930168,
        "syl": 0.005288044425019316,
        "zaiton": 0.0010550062396677536
    },
    "portion": {
        "1070": 0.07223271556443382,
        "banzhang": 0.2012526592255361,
        "lsy": 0.05238715381565874,
        "lsy_2": 0.08212871273947578,
        "master": 0.07525729676462024,
        "niu": 0.14048127982473155,
        "prol": 0.08498192385778161,
        "prot": 0.11209620122356857,
        "putien": 0.1461234531275833,
        "syl": 0.027560140232853414,
        "zaiton": 0.005498463623756798
    }
}