{
    "sum": 1.4310578229463673,
    "coin": {
        "1070": 0.017396340287388568,
        "banzhang": 0.03732481218337236,
        "lsy": 0.07626741154552995,
        "lsy_2": 0.15393897286492278,
        "lsy_3": 0.15976143709809257,
        "master": 0.14697702378503316,
        "niu": 0.10128925819096928,
        "prol": 0.15523543593275374,
        "prol2": 0.10271268526936773,
        "prot": 0.02310498160720185,
        "putien": 0.12930796949104884,
        "yyl": 0.092194408260314,
        "zaiton": 0.14116084653808178,
        "lee": 0.0943862398922906
    },
    "portion": {
        "1070": 0.012156280485977639,
        "banzhang": 0.026081973477860794,
        "lsy": 0.053294430401494876,
        "lsy_2": 0.10757005789464319,
        "lsy_3": 0.11163870148109316,
        "master": 0.1027051607757023,
        "niu": 0.07077929107185026,
        "prol": 0.10847600526241741,
        "prol2": 0.07177395883130375,
        "prot": 0.016145386466377448,
        "putien": 0.09035831216436807,
        "yyl": 0.06442395742647027,
        "zaiton": 0.09864091043326917,
        "lee": 0.0659555738271716
    }
}