{
    "sum": 1.9425878293943475,
    "coin": {
        "1070": 0.022513306080524074,
        "banzhang": 0.03732481218337236,
        "lsy": 0.11649346579191962,
        "lsy_2": 0.21757260413805524,
        "lsy_3": 0.22870829451568192,
        "master": 0.1822140652897182,
        "niu": 0.13807278633392897,
        "prol": 0.2037847612904657,
        "prol2": 0.15534770489813884,
        "prot": 0.02310498160720185,
        "putien": 0.18676544036867757,
        "yyl": 0.10309474325592632,
        "zaiton": 0.20141558280031113,
        "lee": 0.12617528084042598
    },
    "portion": {
        "1070": 0.011589337552651704,
        "banzhang": 0.019213963774811327,
        "lsy": 0.05996818472204652,
        "lsy_2": 0.11200142451519898,
        "lsy_3": 0.11773382446598964,
        "master": 0.09379965349959399,
        "niu": 0.07107672777759386,
        "prol": 0.10490375683759993,
        "prol2": 0.07996946266598023,
        "prot": 0.01189391864686264,
        "putien": 0.0961425977979624,
        "yyl": 0.0530708273242239,
        "zaiton": 0.10368415767492362,
        "lee": 0.06495216274456142
    }
}