{
    "sum": 2.323441860678897,
    "coin": {
        "lsy": 0.12645737718677977,
        "lsy_2": 0.2699949586345197,
        "lsy_3": 0.2574515787517966,
        "master": 0.20335569599778647,
        "prol": 0.2216031988102114,
        "prol2": 0.17389479528842489,
        "putien": 0.28615660659396225,
        "zaiton": 0.2969699092370245,
        "niu": 0.1430211511516291,
        "lee": 0.13578617888950265,
        "yyl": 0.10309474325592631,
        "1070": 0.04522587309075892,
        "banzhang": 0.037324812183372365,
        "prot": 0.02310498160720185
    },
    "portion": {
        "lsy": 0.054426744790519364,
        "lsy_2": 0.11620474056347968,
        "lsy_3": 0.11080612048393182,
        "master": 0.0875234708641976,
        "prol": 0.09537712243226097,
        "prol2": 0.07484361809579078,
        "putien": 0.12316064862081329,
        "zaiton": 0.12781465043857457,
        "niu": 0.06155572625769905,
        "lee": 0.058441823394636896,
        "yyl": 0.044371561432487314,
        "1070": 0.01946503325783421,
        "banzhang": 0.016064448530021,
        "prot": 0.009944290837753394
    }
}