{
    "sum": 2.1598809564676364,
    "coin": {
        "lsy": 0.12628488061016963,
        "lsy_2": 0.2503852716116511,
        "lsy_3": 0.25478600957290404,
        "master": 0.20335569599778647,
        "prol": 0.2215401079568406,
        "prol2": 0.17383810270322028,
        "putien": 0.21666815473780876,
        "zaiton": 0.23250165471376605,
        "niu": 0.1430211511516291,
        "lee": 0.13578617888950265,
        "yyl": 0.10309474325592631,
        "1070": 0.03818921147585752,
        "banzhang": 0.037324812183372365,
        "prot": 0.02310498160720185
    },
    "portion": {
        "lsy": 0.05846844486128598,
        "lsy_2": 0.11592549620009711,
        "lsy_3": 0.11796298717758602,
        "master": 0.09415134449370915,
        "prol": 0.10257051773777243,
        "prol2": 0.08048503885488333,
        "putien": 0.1003148595245533,
        "zaiton": 0.10764558760405453,
        "niu": 0.0662171453122732,
        "lee": 0.06286743650519207,
        "yyl": 0.0477316784275611,
        "1070": 0.017681164955643584,
        "banzhang": 0.017280958041509375,
        "prot": 0.010697340303878944
    }
}