{
    "sum": 1.7239075759070597,
    "coin": {
        "1070": 0.017396340287388568,
        "banzhang": 0.03732481218337236,
        "lsy": 0.09707744186811629,
        "lsy_2": 0.18401446301652408,
        "lsy_3": 0.19134096073841164,
        "master": 0.1673375659231708,
        "niu": 0.1269420051526166,
        "prol": 0.18604079909473176,
        "prol2": 0.13271621278489726,
        "prot": 0.02310498160720185,
        "putien": 0.15964194154942934,
        "yyl": 0.10309474325592632,
        "zaiton": 0.17170002760484687,
        "lee": 0.12617528084042598
    },
    "portion": {
        "1070": 0.010091225614711522,
        "banzhang": 0.021651283807215333,
        "lsy": 0.056312439961891544,
        "lsy_2": 0.10674265000529516,
        "lsy_3": 0.11099258650089448,
        "master": 0.09706875720128073,
        "niu": 0.07363620122489697,
        "prol": 0.10791808197538874,
        "prol2": 0.07698568916321784,
        "prot": 0.013402680010292791,
        "putien": 0.09260469863961898,
        "yyl": 0.05980294111862783,
        "zaiton": 0.09959932307537099,
        "lee": 0.07319144170129711
    }
}