{
    "sum": 2.225062817095019,
    "coin": {
        "lsy": 0.12644948485969393,
        "lsy_2": 0.26857510726664363,
        "lsy_3": 0.25715658243741574,
        "master": 0.20335569599778647,
        "prol": 0.2215752526686047,
        "prol2": 0.17389479528842489,
        "putien": 0.2348691312178229,
        "zaiton": 0.25162902718023566,
        "niu": 0.1430211511516291,
        "lee": 0.13578617888950265,
        "yyl": 0.10309474325592631,
        "1070": 0.04522587309075892,
        "banzhang": 0.037324812183372365,
        "prot": 0.02310498160720185
    },
    "portion": {
        "lsy": 0.05682962471359928,
        "lsy_2": 0.12070450560011062,
        "lsy_3": 0.11557272921092282,
        "master": 0.09139323817530783,
        "prol": 0.09958157179485264,
        "prol2": 0.07815275773447923,
        "putien": 0.10555617999336378,
        "zaiton": 0.11308850484893529,
        "niu": 0.06427735435278793,
        "lee": 0.061025773225935866,
        "yyl": 0.04633340796666765,
        "1070": 0.020325661254725645,
        "banzhang": 0.016774722896184393,
        "prot": 0.010383968232127073
    }
}