{
    "sum": 2.256976157909968,
    "coin": {
        "lsy": 0.12645737718677977,
        "lsy_2": 0.2699949586345197,
        "lsy_3": 0.2574515787517966,
        "master": 0.20335569599778647,
        "prol": 0.2216031988102114,
        "prol2": 0.17389479528842489,
        "putien": 0.2506085794714245,
        "zaiton": 0.26605223359063374,
        "niu": 0.1430211511516291,
        "lee": 0.13578617888950265,
        "yyl": 0.10309474325592631,
        "1070": 0.04522587309075892,
        "banzhang": 0.037324812183372365,
        "prot": 0.02310498160720185
    },
    "portion": {
        "lsy": 0.056029558284693325,
        "lsy_2": 0.11962685458075183,
        "lsy_3": 0.11406925051002974,
        "master": 0.09010095001894053,
        "prol": 0.09818588381342186,
        "prol2": 0.07704768819953199,
        "putien": 0.1110373180474782,
        "zaiton": 0.11787994864642548,
        "niu": 0.0633684811646709,
        "lee": 0.06016287695978365,
        "yyl": 0.04567825977895811,
        "1070": 0.020038259124828116,
        "banzhang": 0.016537530559443896,
        "prot": 0.010237140311042453
    }
}