{
    "sum": 0.3260008313245768,
    "coin": {
        "1070": 0.007680109713841174,
        "banzhang": 0.02776991764417797,
        "lsy": 0.017116972551992328,
        "lsy_2": 0.030046778665024497,
        "lsy_3": 0.031086013323950636,
        "master": 0.0289039147955704,
        "niu": 0.029072825501611835,
        "prol": 0.0280392480890174,
        "prol2": 0.02883179646810657,
        "prot": 0.02310498160720185,
        "putien": 0.024793423261752687,
        "yyl": 0.02264948941438328,
        "zaiton": 0.026905360287946146
    },
    "portion": {
        "1070": 0.023558558678013347,
        "banzhang": 0.08518357922998471,
        "lsy": 0.052505916878936194,
        "lsy_2": 0.09216779767996655,
        "lsy_3": 0.09535562592783824,
        "master": 0.0886620892288239,
        "niu": 0.08918021890768127,
        "prol": 0.08600974413191184,
        "prol2": 0.08844086792956891,
        "prot": 0.07087399597517528,
        "putien": 0.07605325164667315,
        "yyl": 0.06947678422277619,
        "zaiton": 0.08253156956265033
    }
}