{
    "sum": 1.8993898313474578,
    "coin": {
        "1070": 0.020117608860423318,
        "banzhang": 0.03732481218337236,
        "lsy": 0.11441823953732816,
        "lsy_2": 0.21144585244687808,
        "lsy_3": 0.2232489410948076,
        "master": 0.17764713103731608,
        "niu": 0.1338980067128626,
        "prol": 0.199838160555361,
        "prol2": 0.15005239759706773,
        "prot": 0.02310498160720185,
        "putien": 0.18224112312700008,
        "yyl": 0.10309474325592632,
        "zaiton": 0.19678255249148663,
        "lee": 0.12617528084042598
    },
    "portion": {
        "1070": 0.010591616596236888,
        "banzhang": 0.019650948724356146,
        "lsy": 0.060239471460241535,
        "lsy_2": 0.11132304119838053,
        "lsy_3": 0.11753718873835985,
        "master": 0.09352852590102072,
        "niu": 0.07049527406276214,
        "prol": 0.10521176709343157,
        "prol2": 0.07900031637561108,
        "prot": 0.012164423135197479,
        "putien": 0.09594719320873446,
        "yyl": 0.0542778220428764,
        "zaiton": 0.10360303569272344,
        "lee": 0.0664293757700678
    }
}