{
    "sum": 1.8319368361520634,
    "coin": {
        "1070": 0.017396340287388568,
        "banzhang": 0.03732481218337236,
        "lsy": 0.10932242270567433,
        "lsy_2": 0.2036532491142406,
        "lsy_3": 0.2142270575269166,
        "master": 0.1693820628665523,
        "niu": 0.1320671414105179,
        "prol": 0.19072693436698643,
        "prol2": 0.14113035190367051,
        "prot": 0.02310498160720185,
        "putien": 0.17520267892374317,
        "yyl": 0.10309474325592632,
        "zaiton": 0.18912877915944673,
        "lee": 0.12617528084042598
    },
    "portion": {
        "1070": 0.009496146343085243,
        "banzhang": 0.02037450825093521,
        "lsy": 0.05967586903012622,
        "lsy_2": 0.11116827015827088,
        "lsy_3": 0.11694019864620173,
        "master": 0.0924606457624025,
        "niu": 0.07209153656625059,
        "prol": 0.10411217821658278,
        "prol2": 0.07703887444073193,
        "prot": 0.012612324372347508,
        "putien": 0.09563794748063036,
        "yyl": 0.05627636347575946,
        "zaiton": 0.10323979267577091,
        "lee": 0.06887534458090484
    }
}