{
    "sum": 1.9057292088866509,
    "coin": {
        "1070": 0.02048601990587238,
        "banzhang": 0.03732481218337236,
        "lsy": 0.11490687302496203,
        "lsy_2": 0.2122807691994768,
        "lsy_3": 0.2241118400994169,
        "master": 0.17838101233426606,
        "niu": 0.1338980067128626,
        "prol": 0.20056864470782598,
        "prol2": 0.15092803872688426,
        "prot": 0.02310498160720185,
        "putien": 0.1829691659137289,
        "yyl": 0.10309474325592632,
        "zaiton": 0.19749902037442843,
        "lee": 0.12617528084042598
    },
    "portion": {
        "1070": 0.010749701379578766,
        "banzhang": 0.019585580159721616,
        "lsy": 0.06029548819902485,
        "lsy_2": 0.1113908357019378,
        "lsy_3": 0.11759899520580137,
        "master": 0.09360249688279602,
        "niu": 0.07026077266826768,
        "prol": 0.10524509136584023,
        "prol2": 0.07919700134892627,
        "prot": 0.012123958377433932,
        "putien": 0.09601005487060861,
        "yyl": 0.0540972677414938,
        "zaiton": 0.1036343565777688,
        "lee": 0.06620839952080025
    }
}