{
    "sum": 1.974808851451574,
    "coin": {
        "lsy": 0.11864564618457733,
        "lsy_2": 0.22108127438840802,
        "lsy_3": 0.23251177068507906,
        "master": 0.1856062191610784,
        "prol": 0.20679314358949688,
        "prol2": 0.15931471603762698,
        "putien": 0.1903832827696267,
        "zaiton": 0.20488285274895382,
        "niu": 0.1415940921129056,
        "lee": 0.126175280840426,
        "yyl": 0.10309474325592631,
        "1070": 0.02429603588689463,
        "banzhang": 0.037324812183372365,
        "prot": 0.02310498160720185
    },
    "portion": {
        "lsy": 0.060079559648199575,
        "lsy_2": 0.1119507208132591,
        "lsy_3": 0.11773887407592505,
        "master": 0.09398692892461435,
        "prol": 0.10471552395437896,
        "prol2": 0.08067348691521381,
        "putien": 0.0964059294294161,
        "zaiton": 0.10374819446365942,
        "niu": 0.07170015062917483,
        "lee": 0.06389240191407966,
        "yyl": 0.052204922608153695,
        "1070": 0.012302981055121332,
        "banzhang": 0.01890046834453721,
        "prot": 0.011699857224266867
    }
}