{
    "sum": 1.3573870263170649,
    "coin": {
        "1070": 0.017396340287388568,
        "banzhang": 0.03732481218337236,
        "lsy": 0.07264825286277467,
        "lsy_2": 0.1463187949963357,
        "lsy_3": 0.15161208844496774,
        "master": 0.13920088460471167,
        "niu": 0.1007141724465699,
        "prol": 0.14712925625201595,
        "prol2": 0.09377421074474557,
        "prot": 0.02310498160720185,
        "putien": 0.1217255167070159,
        "yyl": 0.0878759056258629,
        "zaiton": 0.13295124005482908,
        "lee": 0.08561056949927273
    },
    "portion": {
        "1070": 0.012816050212730594,
        "banzhang": 0.027497545990728994,
        "lsy": 0.05352066245976123,
        "lsy_2": 0.10779445519921882,
        "lsy_3": 0.11169407509097075,
        "master": 0.10255062256075849,
        "niu": 0.07419709374991816,
        "prol": 0.10839152975494021,
        "prol2": 0.06908435761256594,
        "prot": 0.017021660852241622,
        "putien": 0.08967635195194704,
        "yyl": 0.06473901983894195,
        "zaiton": 0.0979464496692292,
        "lee": 0.06307012505604677
    }
}