{
    "sum": 2.031761575715959,
    "coin": {
        "lsy": 0.1227896694275678,
        "lsy_2": 0.22934092243686463,
        "lsy_3": 0.23860663135354596,
        "master": 0.1927034776323236,
        "prol": 0.2112745603050551,
        "prol2": 0.16753440865155567,
        "putien": 0.19673195000799248,
        "zaiton": 0.2122410575022636,
        "niu": 0.14277010601970758,
        "lee": 0.126175280840426,
        "yyl": 0.10309474325592631,
        "1070": 0.02806897449215598,
        "banzhang": 0.037324812183372365,
        "prot": 0.02310498160720185
    },
    "portion": {
        "lsy": 0.06043507805993367,
        "lsy_2": 0.11287787168435288,
        "lsy_3": 0.11743830290198543,
        "master": 0.09484551727700535,
        "prol": 0.1039859021010403,
        "prol2": 0.08245771091153711,
        "putien": 0.09682826585529232,
        "zaiton": 0.10446159630097021,
        "niu": 0.07026912395929025,
        "lee": 0.062101420928764216,
        "yyl": 0.05074155574558371,
        "1070": 0.013815092689832439,
        "banzhang": 0.018370665450851302,
        "prot": 0.011371896133560868
    }
}