{
    "sum": 2.2820241739034186,
    "coin": {
        "lsy": 0.12645737718677977,
        "lsy_2": 0.2699949586345197,
        "lsy_3": 0.2574515787517966,
        "master": 0.20335569599778647,
        "prol": 0.2216031988102114,
        "prol2": 0.17389479528842489,
        "putien": 0.2639551617557826,
        "zaiton": 0.2777536672997258,
        "niu": 0.1430211511516291,
        "lee": 0.13578617888950265,
        "yyl": 0.10309474325592631,
        "1070": 0.04522587309075892,
        "banzhang": 0.037324812183372365,
        "prot": 0.02310498160720185
    },
    "portion": {
        "lsy": 0.055414565118507716,
        "lsy_2": 0.11831380303596496,
        "lsy_3": 0.11281720049066081,
        "master": 0.08911198151330058,
        "prol": 0.09710817323690202,
        "prol2": 0.07620199526237997,
        "putien": 0.11566711903155934,
        "zaiton": 0.12171372699554982,
        "niu": 0.06267293431295709,
        "lee": 0.059502515548395536,
        "yyl": 0.045176884817824704,
        "1070": 0.019818314638358866,
        "banzhang": 0.016356010865357314,
        "prot": 0.010124775132281187
    }
}