{
    "sum": 1.505265334461199,
    "coin": {
        "1070": 0.017396340287388568,
        "banzhang": 0.03732481218337236,
        "lsy": 0.08131500843797947,
        "lsy_2": 0.16261710939668322,
        "lsy_3": 0.16895181500436887,
        "master": 0.15526997971097523,
        "niu": 0.1038579312244448,
        "prol": 0.16252122270087285,
        "prol2": 0.11001754317179535,
        "prot": 0.02310498160720185,
        "putien": 0.1373086189620129,
        "yyl": 0.09453368338991781,
        "zaiton": 0.14925938230393582,
        "lee": 0.10178690608024978
    },
    "portion": {
        "1070": 0.011556992570758621,
        "banzhang": 0.02479616804351145,
        "lsy": 0.05402038203921417,
        "lsy_2": 0.10803218919200784,
        "lsy_3": 0.11224055396508828,
        "master": 0.10315123596900823,
        "niu": 0.06899642796970419,
        "prol": 0.1079684883323553,
        "prol2": 0.0730884719478214,
        "prot": 0.01534944111064123,
        "putien": 0.09121888069731024,
        "yyl": 0.06280200654707536,
        "zaiton": 0.09915818752137964,
        "lee": 0.06762057409412395
    }
}