{
    "sum": 2.1021708552402414,
    "coin": {
        "lsy": 0.1260867627421448,
        "lsy_2": 0.2388892560724999,
        "lsy_3": 0.2492208534552271,
        "master": 0.20077524504986471,
        "prol": 0.21865174681823446,
        "prol2": 0.17379757036672158,
        "putien": 0.20613039575413353,
        "zaiton": 0.22110658605573763,
        "niu": 0.1430211511516291,
        "lee": 0.12827869690248814,
        "yyl": 0.10309474325592631,
        "1070": 0.03268805382505995,
        "banzhang": 0.037324812183372365,
        "prot": 0.02310498160720185
    },
    "portion": {
        "lsy": 0.0599793125415276,
        "lsy_2": 0.11363931503331541,
        "lsy_3": 0.11855404275726461,
        "master": 0.09550852850489149,
        "prol": 0.10401235764123767,
        "prol2": 0.08267528299780351,
        "putien": 0.09805596687838031,
        "zaiton": 0.10518012154177117,
        "niu": 0.06803497955226114,
        "lee": 0.06102201283150609,
        "yyl": 0.04904203813830555,
        "1070": 0.015549665596198307,
        "banzhang": 0.017755365645151993,
        "prot": 0.01099101034038518
    }
}