{
    "sum": 2.3465620372208633,
    "coin": {
        "lsy": 0.12645737718677977,
        "lsy_2": 0.2699949586345197,
        "lsy_3": 0.2574515787517966,
        "master": 0.20335569599778647,
        "prol": 0.2216853962665857,
        "prol2": 0.17389479528842489,
        "putien": 0.2984935301448055,
        "zaiton": 0.30767096477177347,
        "niu": 0.1430211511516291,
        "lee": 0.13578617888950265,
        "yyl": 0.10309474325592631,
        "1070": 0.04522587309075892,
        "banzhang": 0.037324812183372365,
        "prot": 0.02310498160720185
    },
    "portion": {
        "lsy": 0.05389048965291743,
        "lsy_2": 0.11505979997626085,
        "lsy_3": 0.10971437135184707,
        "master": 0.08666112072563381,
        "prol": 0.09447242082256536,
        "prol2": 0.07410619984902515,
        "putien": 0.12720461910238884,
        "zaiton": 0.13111563209987057,
        "niu": 0.06094923078233012,
        "lee": 0.057866008541721824,
        "yyl": 0.04393437787735881,
        "1070": 0.019273248426162178,
        "banzhang": 0.01590616893622714,
        "prot": 0.009846311855690846
    }
}