{
    "sum": 0.17720079691131777,
    "coin": {
        "1070": 0.006374718520926985,
        "banzhang": 0.01754659834841012,
        "lsy": 0.00793146838348498,
        "lsy_2": 0.014569804860241623,
        "lsy_3": 0.015163842284495077,
        "master": 0.014072220717438393,
        "niu": 0.01418212859744744,
        "prol": 0.013178746783007726,
        "prol2": 0.0142267720353437,
        "prot": 0.021559527701702892,
        "putien": 0.013045629661521653,
        "yyl": 0.011067675549162895,
        "zaiton": 0.014281663468134293
    },
    "portion": {
        "1070": 0.03597454769978991,
        "banzhang": 0.09902099005339983,
        "lsy": 0.04475977829520923,
        "lsy_2": 0.08222200528552506,
        "lsy_3": 0.08557434587658204,
        "master": 0.07941398099062164,
        "niu": 0.08003422583107825,
        "prol": 0.07437182570687415,
        "prol2": 0.08028616283516861,
        "prot": 0.12166721638668822,
        "putien": 0.07362060379474757,
        "yyl": 0.06245838473684655,
        "zaiton": 0.08059593250746903
    }
}