{
    "sum": 1.1049466225334044,
    "coin": {
        "1070": 0.017396340287388568,
        "banzhang": 0.03732481218337236,
        "lsy": 0.05553951177570829,
        "lsy_2": 0.11389309472974248,
        "lsy_3": 0.12022852030389326,
        "master": 0.11173012758907663,
        "niu": 0.08349775621692448,
        "prol": 0.1123588235988221,
        "prol2": 0.08502751317262705,
        "prot": 0.02310498160720185,
        "putien": 0.09195529957232604,
        "yyl": 0.08739430532688748,
        "zaiton": 0.1000839567990396,
        "lee": 0.06541157937039407
    },
    "portion": {
        "1070": 0.015744054900591043,
        "banzhang": 0.033779742317139816,
        "lsy": 0.050264429650337464,
        "lsy_2": 0.10307565307418214,
        "lsy_3": 0.10880934685173768,
        "master": 0.10111812218847599,
        "niu": 0.07556723059208248,
        "prol": 0.10168710533836245,
        "prol2": 0.07695169290411269,
        "prot": 0.020910495707228926,
        "putien": 0.08322148572343917,
        "yyl": 0.07909368972639709,
        "zaiton": 0.09057809197114759,
        "lee": 0.0591988590547654
    }
}