{
    "sum": 2.287703013891151,
    "coin": {
        "lsy": 0.12645737718677977,
        "lsy_2": 0.2699949586345197,
        "lsy_3": 0.2574515787517966,
        "master": 0.20335569599778647,
        "prol": 0.2216031988102114,
        "prol2": 0.17389479528842489,
        "putien": 0.2674680966582306,
        "zaiton": 0.2799195723850104,
        "niu": 0.1430211511516291,
        "lee": 0.13578617888950265,
        "yyl": 0.10309474325592631,
        "1070": 0.04522587309075892,
        "banzhang": 0.037324812183372365,
        "prot": 0.02310498160720185
    },
    "portion": {
        "lsy": 0.05527700773173725,
        "lsy_2": 0.11802010881442415,
        "lsy_3": 0.11253715066532939,
        "master": 0.08889077592807776,
        "prol": 0.09686711844352856,
        "prol2": 0.07601283655811926,
        "putien": 0.11691556772629089,
        "zaiton": 0.12235835276052533,
        "niu": 0.06251735923902317,
        "lee": 0.0593548105086176,
        "yyl": 0.04506474075958514,
        "1070": 0.019769118987973136,
        "banzhang": 0.016315409804827177,
        "prot": 0.010099642071941244
    }
}