{
    "sum": 0.3697366272739288,
    "coin": {
        "1070": 0.009756878393601892,
        "banzhang": 0.0320788246370035,
        "lsy": 0.019936264999705654,
        "lsy_2": 0.03284014959945385,
        "lsy_3": 0.03392383337316554,
        "master": 0.03332549557528815,
        "niu": 0.033305339977436635,
        "prol": 0.03252517196708533,
        "prol2": 0.03324580463582528,
        "prot": 0.02310498160720185,
        "putien": 0.028238948796099176,
        "yyl": 0.02632119748948399,
        "zaiton": 0.031133736222578035
    },
    "portion": {
        "1070": 0.02638872557890582,
        "banzhang": 0.08676128430532007,
        "lsy": 0.05392017865986364,
        "lsy_2": 0.08882038504430718,
        "lsy_3": 0.09175134641998074,
        "master": 0.0901330653146195,
        "niu": 0.09007855192220793,
        "prol": 0.08796848775003355,
        "prol2": 0.08991753097589186,
        "prot": 0.06249037802274303,
        "putien": 0.07637584895038714,
        "yyl": 0.07118904524972382,
        "zaiton": 0.08420517180601589
    }
}