{
    "sum": 2.2348793348818887,
    "coin": {
        "lsy": 0.12644948485969393,
        "lsy_2": 0.2699949586345197,
        "lsy_3": 0.25715658243741574,
        "master": 0.20335569599778647,
        "prol": 0.2215752526686047,
        "prol2": 0.17389479528842489,
        "putien": 0.23925364537956964,
        "zaiton": 0.2556411794374822,
        "niu": 0.1430211511516291,
        "lee": 0.13578617888950265,
        "yyl": 0.10309474325592631,
        "1070": 0.04522587309075892,
        "banzhang": 0.037324812183372365,
        "prot": 0.02310498160720185
    },
    "portion": {
        "lsy": 0.056580005410617244,
        "lsy_2": 0.12080963585838907,
        "lsy_3": 0.11506508580742066,
        "master": 0.09099180113387804,
        "prol": 0.0991441681930066,
        "prol2": 0.07780947837956319,
        "putien": 0.10705439065336114,
        "zaiton": 0.11438701653706625,
        "niu": 0.06399502152951253,
        "lee": 0.06075772269677317,
        "yyl": 0.046129892404850915,
        "1070": 0.02023638251286129,
        "banzhang": 0.016701041349664162,
        "prot": 0.010338357533035638
    }
}