{
    "sum": 2.1788045455228375,
    "coin": {
        "lsy": 0.12644948485969393,
        "lsy_2": 0.25500446128963716,
        "lsy_3": 0.25588725930914996,
        "master": 0.20335569599778647,
        "prol": 0.2215752526686047,
        "prol2": 0.17383810270322028,
        "putien": 0.2208656144512652,
        "zaiton": 0.23828018735856513,
        "niu": 0.1430211511516291,
        "lee": 0.13578617888950265,
        "yyl": 0.10309474325592631,
        "1070": 0.041216619797282396,
        "banzhang": 0.037324812183372365,
        "prot": 0.02310498160720185
    },
    "portion": {
        "lsy": 0.058036176360808184,
        "lsy_2": 0.11703870446462876,
        "lsy_3": 0.117443879872091,
        "master": 0.0933336110463218,
        "prol": 0.1016957914485323,
        "prol2": 0.07978600148436223,
        "putien": 0.10137009072480392,
        "zaiton": 0.10936280991711725,
        "niu": 0.06564202899499137,
        "lee": 0.062321413441387266,
        "yyl": 0.04731711408798587,
        "1070": 0.018917079956518926,
        "banzhang": 0.01713086759437419,
        "prot": 0.010604430606076902
    }
}