{
    "sum": 2.1589272066190213,
    "coin": {
        "lsy": 0.12628488061016963,
        "lsy_2": 0.2503852716116511,
        "lsy_3": 0.25478600957290404,
        "master": 0.20335569599778647,
        "prol": 0.2215401079568406,
        "prol2": 0.17383810270322028,
        "putien": 0.21628024303467436,
        "zaiton": 0.2321225591857029,
        "niu": 0.1430211511516291,
        "lee": 0.13578617888950265,
        "yyl": 0.10309474325592631,
        "1070": 0.038002468858439525,
        "banzhang": 0.037324812183372365,
        "prot": 0.02310498160720185
    },
    "portion": {
        "lsy": 0.0584942744817865,
        "lsy_2": 0.11597670863751162,
        "lsy_3": 0.1180150997179338,
        "master": 0.0941929377583095,
        "prol": 0.10261583034278517,
        "prol2": 0.08052059475199198,
        "putien": 0.10017949765586544,
        "zaiton": 0.1075175478237719,
        "niu": 0.06624639807824126,
        "lee": 0.06289520946940588,
        "yyl": 0.04775276486388691,
        "1070": 0.01760247809278995,
        "banzhang": 0.0172885922549583,
        "prot": 0.010702066070761742
    }
}