{
    "sum": 2.2686825435174773,
    "coin": {
        "lsy": 0.12645737718677977,
        "lsy_2": 0.2699949586345197,
        "lsy_3": 0.2574515787517966,
        "master": 0.20335569599778647,
        "prol": 0.2216031988102114,
        "prol2": 0.17389479528842489,
        "putien": 0.25704918714252556,
        "zaiton": 0.2713180115270417,
        "niu": 0.1430211511516291,
        "lee": 0.13578617888950265,
        "yyl": 0.10309474325592631,
        "1070": 0.04522587309075892,
        "banzhang": 0.037324812183372365,
        "prot": 0.02310498160720185
    },
    "portion": {
        "lsy": 0.05574044616692559,
        "lsy_2": 0.11900958087150713,
        "lsy_3": 0.11348065399781802,
        "master": 0.08963602976487568,
        "prol": 0.09767924535912674,
        "prol2": 0.07665012268257233,
        "putien": 0.11330328603136507,
        "zaiton": 0.11959276202054117,
        "niu": 0.0630415002576262,
        "lee": 0.05985243694738051,
        "yyl": 0.045442560287030344,
        "1070": 0.019934861851865136,
        "banzhang": 0.016452197020700013,
        "prot": 0.010184316740666038
    }
}