{
    "sum": 1.395380053841404,
    "coin": {
        "1070": 0.017396340287388568,
        "banzhang": 0.03732481218337236,
        "lsy": 0.07414227426770091,
        "lsy_2": 0.15025979558656855,
        "lsy_3": 0.15566092870225953,
        "master": 0.14312022256811868,
        "niu": 0.10128925819096928,
        "prol": 0.15138491047805155,
        "prol2": 0.09885837399104766,
        "prot": 0.02310498160720185,
        "putien": 0.1258786101016038,
        "yyl": 0.08893634602079113,
        "zaiton": 0.13755451459632495,
        "lee": 0.09046868526000519
    },
    "portion": {
        "1070": 0.01246709829304024,
        "banzhang": 0.02674885030828642,
        "lsy": 0.05313410784652635,
        "lsy_2": 0.10768377774421502,
        "lsy_3": 0.11155450321490092,
        "master": 0.1025671982153655,
        "niu": 0.07258901108133627,
        "prol": 0.10849009204431243,
        "prol2": 0.07084691637872853,
        "prot": 0.016558199713114084,
        "putien": 0.0902109857132234,
        "yyl": 0.0637362887451016,
        "zaiton": 0.09857853006974335,
        "lee": 0.06483444063210586
    }
}