{
    "sum": 2.02552197646065,
    "coin": {
        "lsy": 0.122275605757688,
        "lsy_2": 0.22844056165984203,
        "lsy_3": 0.23773310823082228,
        "master": 0.19195325764086713,
        "prol": 0.21074229171033748,
        "prol2": 0.16670305387789114,
        "putien": 0.19606768946840075,
        "zaiton": 0.21143135080153366,
        "niu": 0.14277010601970758,
        "lee": 0.126175280840426,
        "yyl": 0.10309474325592631,
        "1070": 0.0277051334066337,
        "banzhang": 0.037324812183372365,
        "prot": 0.02310498160720185
    },
    "portion": {
        "lsy": 0.060367454502443636,
        "lsy_2": 0.1127810827602146,
        "lsy_3": 0.1173688120857773,
        "master": 0.09476730436481454,
        "prol": 0.10404344863173673,
        "prol2": 0.08230128125747822,
        "putien": 0.09679859895225865,
        "zaiton": 0.10438363703709791,
        "niu": 0.07048558726041607,
        "lee": 0.06229272370616376,
        "yyl": 0.05089786457714553,
        "1070": 0.013678021630278732,
        "banzhang": 0.01842725609355909,
        "prot": 0.011406927140615359
    }
}