{
    "sum": 2.3276442457276763,
    "coin": {
        "lsy": 0.12645737718677977,
        "lsy_2": 0.2699949586345197,
        "lsy_3": 0.2574515787517966,
        "master": 0.20335569599778647,
        "prol": 0.2216031988102114,
        "prol2": 0.17389479528842489,
        "putien": 0.2883483292612689,
        "zaiton": 0.2989805716184972,
        "niu": 0.1430211511516291,
        "lee": 0.13578617888950265,
        "yyl": 0.10309474325592631,
        "1070": 0.04522587309075892,
        "banzhang": 0.037324812183372365,
        "prot": 0.02310498160720185
    },
    "portion": {
        "lsy": 0.05432848143305775,
        "lsy_2": 0.1159949417227687,
        "lsy_3": 0.11060606844209184,
        "master": 0.08736545387940617,
        "prol": 0.09520492627554991,
        "prol2": 0.07470849362294249,
        "putien": 0.1238798969346471,
        "zaiton": 0.1284477093813917,
        "niu": 0.06144459206519222,
        "lee": 0.058336311117446,
        "yyl": 0.044291451945525494,
        "1070": 0.019429890617421328,
        "banzhang": 0.016035445387275558,
        "prot": 0.009926337175283713
    }
}