{
    "sum": 0.04335195992094429,
    "coin": {
        "1070": 0.004200643563201119,
        "banzhang": 0.011446830150271235,
        "niu": 0.01072967468992864,
        "prot": 0.004593154266495647,
        "putien": 0.00882860098505825,
        "syl": 0.003553056265989397
    },
    "portion": {
        "1070": 0.0968962780658896,
        "banzhang": 0.26404412098427454,
        "niu": 0.24750149034772698,
        "prot": 0.10595032554172004,
        "putien": 0.20364940826569083,
        "syl": 0.08195837679469797
    }
}