{
    "sum": 2.3059153029782773,
    "coin": {
        "lsy": 0.12645737718677977,
        "lsy_2": 0.2699949586345197,
        "lsy_3": 0.2574515787517966,
        "master": 0.20335569599778647,
        "prol": 0.2216031988102114,
        "prol2": 0.17389479528842489,
        "putien": 0.2771793111751055,
        "zaiton": 0.2884206469552616,
        "niu": 0.1430211511516291,
        "lee": 0.13578617888950265,
        "yyl": 0.10309474325592631,
        "1070": 0.04522587309075892,
        "banzhang": 0.037324812183372365,
        "prot": 0.02310498160720185
    },
    "portion": {
        "lsy": 0.05484042584888082,
        "lsy_2": 0.11708797729292106,
        "lsy_3": 0.11164832395156792,
        "master": 0.0881887100255313,
        "prol": 0.09610205479966798,
        "prol2": 0.07541248157025786,
        "putien": 0.12020359586369278,
        "zaiton": 0.12507859529044404,
        "niu": 0.06202359252610261,
        "lee": 0.058886021838756936,
        "yyl": 0.044708816114265366,
        "1070": 0.019612981028551232,
        "banzhang": 0.01618654949518932,
        "prot": 0.010019874354170722
    }
}