{
    "sum": 1.371836584667699,
    "coin": {
        "1070": 0.017396340287388568,
        "banzhang": 0.03732481218337236,
        "lsy": 0.07298985379494789,
        "lsy_2": 0.14745986768343775,
        "lsy_3": 0.15274966567101533,
        "master": 0.14031133023035874,
        "niu": 0.10128925819096928,
        "prol": 0.14923162779242657,
        "prol2": 0.09594817378866548,
        "prot": 0.02310498160720185,
        "putien": 0.12354937536122229,
        "yyl": 0.0878759056258629,
        "zaiton": 0.13488792282883125,
        "lee": 0.08771746962199867
    },
    "portion": {
        "1070": 0.012681058722167331,
        "banzhang": 0.02720791426656228,
        "lsy": 0.05320593911163864,
        "lsy_2": 0.10749084062308854,
        "lsy_3": 0.1113468377926486,
        "master": 0.10227991569735434,
        "niu": 0.07383478420318164,
        "prol": 0.10878236479498399,
        "prol2": 0.06994140181201472,
        "prot": 0.016842371653762674,
        "putien": 0.09006129209708294,
        "yyl": 0.06405712357288469,
        "zaiton": 0.0983265239726095,
        "lee": 0.06394163168002007
    }
}