{
    "sum": 0.6353168727969805,
    "coin": {
        "1070": 0.017396340287388568,
        "banzhang": 0.03732481218337236,
        "lsy": 0.03577757814732975,
        "lsy_2": 0.060138894891274684,
        "lsy_3": 0.06285733954645192,
        "master": 0.059797039427381175,
        "niu": 0.05408083460504774,
        "prol": 0.06024049808820685,
        "prol2": 0.0591040994546436,
        "prot": 0.02310498160720185,
        "putien": 0.042861959932670904,
        "yyl": 0.04725372719622118,
        "zaiton": 0.05545158532485336,
        "lee": 0.019927182104936367
    },
    "portion": {
        "1070": 0.027382147448408282,
        "banzhang": 0.05874991485595211,
        "lsy": 0.056314541104219504,
        "lsy_2": 0.09465968474363572,
        "lsy_3": 0.09893856473498444,
        "master": 0.09412159819418128,
        "niu": 0.08512419065301546,
        "prol": 0.09481960997352117,
        "prol2": 0.09303089841520815,
        "prot": 0.03636764990276781,
        "putien": 0.06746548339566563,
        "yyl": 0.074378202782789,
        "zaiton": 0.08728177654203946,
        "lee": 0.03136573725361175
    }
}