{
    "sum": 1.1650077496247635,
    "coin": {
        "1070": 0.017396340287388568,
        "banzhang": 0.03732481218337236,
        "lsy": 0.058804797550941895,
        "lsy_2": 0.12115770461742878,
        "lsy_3": 0.12871771827011075,
        "master": 0.11856645244574913,
        "niu": 0.08737161330061899,
        "prol": 0.12029981009995795,
        "prol2": 0.08502751317262705,
        "prot": 0.02310498160720185,
        "putien": 0.09857896262104299,
        "yyl": 0.0878759056258629,
        "zaiton": 0.1075122588263974,
        "lee": 0.07326887901606273
    },
    "portion": {
        "1070": 0.014932381602604568,
        "banzhang": 0.03203825227376752,
        "lsy": 0.05047588530624134,
        "lsy_2": 0.10399733792024335,
        "lsy_3": 0.110486576858883,
        "master": 0.10177310192480532,
        "niu": 0.07499659408167925,
        "prol": 0.10326095267495451,
        "prol2": 0.07298450435202126,
        "prot": 0.019832470311586956,
        "putien": 0.08461657242434156,
        "yyl": 0.07542946015094473,
        "zaiton": 0.0922845868287365,
        "lee": 0.06289132328919
    }
}