{
    "sum": 1.7941493368685817,
    "coin": {
        "1070": 0.017396340287388568,
        "banzhang": 0.03732481218337236,
        "lsy": 0.10618412834178195,
        "lsy_2": 0.19938184466625833,
        "lsy_3": 0.20862725180534847,
        "master": 0.1673375659231708,
        "niu": 0.12881161983924058,
        "prol": 0.18604079909473176,
        "prol2": 0.13577590821031438,
        "prot": 0.02310498160720185,
        "putien": 0.1707804738974466,
        "yyl": 0.10309474325592632,
        "zaiton": 0.18411358691597385,
        "lee": 0.12617528084042598
    },
    "portion": {
        "1070": 0.009696149551157914,
        "banzhang": 0.02080362621793636,
        "lsy": 0.059183550755652486,
        "lsy_2": 0.11112890135123836,
        "lsy_3": 0.11628198808103456,
        "master": 0.09326847129416407,
        "niu": 0.0717953724320752,
        "prol": 0.10369304007850207,
        "prol2": 0.07567703837144953,
        "prot": 0.012877959003974624,
        "putien": 0.09518743528647303,
        "yyl": 0.05746162882732087,
        "zaiton": 0.10261887521432105,
        "lee": 0.07032596353469996
    }
}