{
    "sum": 2.1676287573411486,
    "coin": {
        "lsy": 0.12644948485969393,
        "lsy_2": 0.2512715753983883,
        "lsy_3": 0.25523309226463475,
        "master": 0.20335569599778647,
        "prol": 0.2215752526686047,
        "prol2": 0.17383810270322028,
        "putien": 0.21887221690309985,
        "zaiton": 0.235210305844333,
        "niu": 0.1430211511516291,
        "lee": 0.13578617888950265,
        "yyl": 0.10309474325592631,
        "1070": 0.03949116361375486,
        "banzhang": 0.037324812183372365,
        "prot": 0.02310498160720185
    },
    "portion": {
        "lsy": 0.058335397346729746,
        "lsy_2": 0.11592002299628208,
        "lsy_3": 0.11774760387369475,
        "master": 0.09381481737086111,
        "prol": 0.10222011122439287,
        "prol2": 0.08019735949455346,
        "putien": 0.10097310997643912,
        "zaiton": 0.10851041952997804,
        "niu": 0.06598046398270771,
        "lee": 0.06264272810998335,
        "yyl": 0.04756107008950376,
        "1070": 0.018218601077333654,
        "banzhang": 0.01721919035119078,
        "prot": 0.010659104576349516
    }
}