{
    "sum": 2.198660958252838,
    "coin": {
        "lsy": 0.12644948485969393,
        "lsy_2": 0.26110706018343827,
        "lsy_3": 0.25643388897900105,
        "master": 0.20335569599778647,
        "prol": 0.2215752526686047,
        "prol2": 0.17384015931972915,
        "putien": 0.22585924575559677,
        "zaiton": 0.24389218312466585,
        "niu": 0.1430211511516291,
        "lee": 0.13578617888950265,
        "yyl": 0.10309474325592631,
        "1070": 0.043816120276689186,
        "banzhang": 0.037324812183372365,
        "prot": 0.02310498160720185
    },
    "portion": {
        "lsy": 0.057512043585008575,
        "lsy_2": 0.11875730962673142,
        "lsy_3": 0.11663184722340082,
        "master": 0.09249070223149945,
        "prol": 0.10077736262014636,
        "prol2": 0.07906637840964391,
        "putien": 0.10272581814300075,
        "zaiton": 0.11092759991448356,
        "niu": 0.06504920670683152,
        "lee": 0.06175858009386081,
        "yyl": 0.04688978665353224,
        "1070": 0.019928547924691214,
        "banzhang": 0.016976156347922083,
        "prot": 0.010508660519247218
    }
}