{
    "sum": 1.667840046003002,
    "coin": {
        "1070": 0.017396340287388568,
        "banzhang": 0.03732481218337236,
        "lsy": 0.09250286680551634,
        "lsy_2": 0.17916612229765685,
        "lsy_3": 0.18525566500323645,
        "master": 0.16543764349041734,
        "niu": 0.11805119030668125,
        "prol": 0.1805559010626095,
        "prol2": 0.12710978114398427,
        "prot": 0.02310498160720185,
        "putien": 0.15457648571438765,
        "yyl": 0.09975859609347941,
        "zaiton": 0.1665231095664917,
        "lee": 0.12107655044057866
    },
    "portion": {
        "1070": 0.010430460840102202,
        "banzhang": 0.022379131783543452,
        "lsy": 0.05546267283076727,
        "lsy_2": 0.10742404388660085,
        "lsy_3": 0.11107519899597314,
        "master": 0.09919275165918372,
        "niu": 0.0707808824890566,
        "prol": 0.10825732449302546,
        "prol2": 0.07621221318471416,
        "prot": 0.013853235903870522,
        "putien": 0.09268064169872403,
        "yyl": 0.05981304761961558,
        "zaiton": 0.09984357310856412,
        "lee": 0.07259482150625896
    }
}