{
    "sum": 2.2896755637219206,
    "coin": {
        "lsy": 0.12645737718677977,
        "lsy_2": 0.2699949586345197,
        "lsy_3": 0.2574515787517966,
        "master": 0.20335569599778647,
        "prol": 0.2216031988102114,
        "prol2": 0.17389479528842489,
        "putien": 0.2684727938402202,
        "zaiton": 0.28088742503379033,
        "niu": 0.1430211511516291,
        "lee": 0.13578617888950265,
        "yyl": 0.10309474325592631,
        "1070": 0.04522587309075892,
        "banzhang": 0.037324812183372365,
        "prot": 0.02310498160720185
    },
    "portion": {
        "lsy": 0.05522938672639733,
        "lsy_2": 0.11791843478280245,
        "lsy_3": 0.11244020018858178,
        "master": 0.08881419674463707,
        "prol": 0.09678366766075376,
        "prol2": 0.07594735168757047,
        "putien": 0.11725363981428508,
        "zaiton": 0.12267564430709184,
        "niu": 0.062463500688780954,
        "lee": 0.059303676486278725,
        "yyl": 0.04502591759696444,
        "1070": 0.019752087940897275,
        "banzhang": 0.01630135411966402,
        "prot": 0.010090941255294776
    }
}