{
    "sum": 2.2398936700248346,
    "coin": {
        "lsy": 0.12644948485969393,
        "lsy_2": 0.2699949586345197,
        "lsy_3": 0.25715658243741574,
        "master": 0.20335569599778647,
        "prol": 0.2215752526686047,
        "prol2": 0.17389479528842489,
        "putien": 0.2418278133193266,
        "zaiton": 0.25808134664067117,
        "niu": 0.1430211511516291,
        "lee": 0.13578617888950265,
        "yyl": 0.10309474325592631,
        "1070": 0.04522587309075892,
        "banzhang": 0.037324812183372365,
        "prot": 0.02310498160720185
    },
    "portion": {
        "lsy": 0.05645334265277509,
        "lsy_2": 0.1205391855192511,
        "lsy_3": 0.11480749549801823,
        "master": 0.09078810245288643,
        "prol": 0.09892221922576709,
        "prol2": 0.07763529028880056,
        "putien": 0.10796397014535308,
        "zaiton": 0.11522035625816547,
        "niu": 0.06385175915517605,
        "lee": 0.06062170749739077,
        "yyl": 0.046026623779325766,
        "1070": 0.020191080360639387,
        "banzhang": 0.016663653584484003,
        "prot": 0.010315213581966897
    }
}