{
    "sum": 0.006389253335757178,
    "coin": {
        "1070": 0.0013118032211095656,
        "niu": 0.0011008858404605766,
        "putien": 0.002644183747648301,
        "syl": 0.0013323805265387351
    },
    "portion": {
        "1070": 0.20531400966183574,
        "niu": 0.1723027375201288,
        "putien": 0.4138486312399356,
        "syl": 0.20853462157809982
    }
}