{
    "sum": 2.2665779998357296,
    "coin": {
        "lsy": 0.12645737718677977,
        "lsy_2": 0.2699949586345197,
        "lsy_3": 0.2574515787517966,
        "master": 0.20335569599778647,
        "prol": 0.2216031988102114,
        "prol2": 0.17389479528842489,
        "putien": 0.2559671449356335,
        "zaiton": 0.27029551005218616,
        "niu": 0.1430211511516291,
        "lee": 0.13578617888950265,
        "yyl": 0.10309474325592631,
        "1070": 0.04522587309075892,
        "banzhang": 0.037324812183372365,
        "prot": 0.02310498160720185
    },
    "portion": {
        "lsy": 0.055792201810811175,
        "lsy_2": 0.11912008263297695,
        "lsy_3": 0.11358602208724139,
        "master": 0.08971925784708255,
        "prol": 0.09776994165930848,
        "prol2": 0.07672129320104047,
        "putien": 0.11293109919631476,
        "zaiton": 0.11925268403371772,
        "niu": 0.06310003501401433,
        "lee": 0.05990801062189069,
        "yyl": 0.045484754225708586,
        "1070": 0.019953371599846406,
        "banzhang": 0.016467473074422093,
        "prot": 0.010193772995624411
    }
}