{
    "sum": 2.3663712941242014,
    "coin": {
        "lsy": 0.12645737718677977,
        "lsy_2": 0.2699949586345197,
        "lsy_3": 0.2574515787517966,
        "master": 0.20335569599778647,
        "prol": 0.2216853962665857,
        "prol2": 0.17389479528842489,
        "putien": 0.3080186853052524,
        "zaiton": 0.31795506651466476,
        "niu": 0.1430211511516291,
        "lee": 0.13578617888950265,
        "yyl": 0.10309474325592631,
        "1070": 0.04522587309075892,
        "banzhang": 0.037324812183372365,
        "prot": 0.02310498160720185
    },
    "portion": {
        "lsy": 0.053439364101812215,
        "lsy_2": 0.11409661675026589,
        "lsy_3": 0.10879593552840147,
        "master": 0.08593566719758947,
        "prol": 0.0936815777038201,
        "prol2": 0.07348584548849663,
        "putien": 0.13016498554984826,
        "zaiton": 0.13436398054023072,
        "niu": 0.06043901542701967,
        "lee": 0.057381603312491744,
        "yyl": 0.043566596464348115,
        "1070": 0.019111909108708615,
        "banzhang": 0.015773015957407627,
        "prot": 0.009763886869559516
    }
}