{
    "sum": 0.2791811199109418,
    "coin": {
        "1070": 0.01780309058735797,
        "banzhang": 0.04858177697986629,
        "lsy": 0.014982443890927098,
        "lsy_2": 0.02437988855622107,
        "master": 0.02297710572989569,
        "niu": 0.0337355047817286,
        "prol": 0.02474557070694395,
        "prot": 0.026085046593023173,
        "putien": 0.03605837105873092,
        "lsy_3": 0.006511418917907401,
        "prol2": 0.008145969510769619,
        "zaiton": 0.009606776203088892,
        "syl": 0.005288044425019316,
        "yyl": 0.00028011196946186977
    },
    "portion": {
        "1070": 0.06376896329177674,
        "banzhang": 0.17401526648852106,
        "lsy": 0.05366567730549425,
        "lsy_2": 0.08732642294721865,
        "master": 0.08230178938040417,
        "niu": 0.12083734312868347,
        "prol": 0.08863626134474185,
        "prot": 0.09343413552228835,
        "putien": 0.12915762738624112,
        "lsy_3": 0.023323278164313295,
        "prol2": 0.02917808164595144,
        "zaiton": 0.034410551136672254,
        "syl": 0.01894126804386411,
        "yyl": 0.0010033342138294485
    }
}