{
    "sum": 2.2467318004311223,
    "coin": {
        "lsy": 0.12644948485969393,
        "lsy_2": 0.2699949586345197,
        "lsy_3": 0.25715658243741574,
        "master": 0.20335569599778647,
        "prol": 0.2215752526686047,
        "prol2": 0.17389479528842489,
        "putien": 0.2454491511584113,
        "zaiton": 0.2612981392078742,
        "niu": 0.1430211511516291,
        "lee": 0.13578617888950265,
        "yyl": 0.10309474325592631,
        "1070": 0.04522587309075892,
        "banzhang": 0.037324812183372365,
        "prot": 0.02310498160720185
    },
    "portion": {
        "lsy": 0.05628152182446953,
        "lsy_2": 0.12017231366143069,
        "lsy_3": 0.11445806855454234,
        "master": 0.09051178069352328,
        "prol": 0.09862114055005895,
        "prol2": 0.07739900029681178,
        "putien": 0.10924719679995289,
        "zaiton": 0.1163014380077471,
        "niu": 0.06365742058050051,
        "lee": 0.060437199875591215,
        "yyl": 0.04588653760815759,
        "1070": 0.02012962699067178,
        "banzhang": 0.01661293625532436,
        "prot": 0.010283818301217915
    }
}