{
    "sum": 2.3383747937151425,
    "coin": {
        "lsy": 0.12645737718677977,
        "lsy_2": 0.2699949586345197,
        "lsy_3": 0.2574515787517966,
        "master": 0.20335569599778647,
        "prol": 0.2216853962665857,
        "prol2": 0.17389479528842489,
        "putien": 0.29385930112113945,
        "zaiton": 0.30411795028971855,
        "niu": 0.1430211511516291,
        "lee": 0.13578617888950265,
        "yyl": 0.10309474325592631,
        "1070": 0.04522587309075892,
        "banzhang": 0.037324812183372365,
        "prot": 0.02310498160720185
    },
    "portion": {
        "lsy": 0.054079173931680956,
        "lsy_2": 0.1154626535319257,
        "lsy_3": 0.11009850920551745,
        "master": 0.08696454329919491,
        "prol": 0.09480319273985088,
        "prol2": 0.07436566445883804,
        "putien": 0.12566817856185675,
        "zaiton": 0.13005526364169565,
        "niu": 0.061162629504914065,
        "lee": 0.05806861212088652,
        "yyl": 0.04408820328247396,
        "1070": 0.01934072895940918,
        "banzhang": 0.015961860469797393,
        "prot": 0.009880786291958495
    }
}