{
    "sum": 1.685515759889413,
    "coin": {
        "1070": 0.017396340287388568,
        "banzhang": 0.03732481218337236,
        "lsy": 0.09371724819112395,
        "lsy_2": 0.18109108124955853,
        "lsy_3": 0.18741182036930037,
        "master": 0.16543764349041734,
        "niu": 0.1197529994213019,
        "prol": 0.1825145051374274,
        "prol2": 0.12904190930085155,
        "prot": 0.02310498160720185,
        "putien": 0.15632818943516733,
        "yyl": 0.10091096319677942,
        "zaiton": 0.1683777871132169,
        "lee": 0.1231054789063058
    },
    "portion": {
        "1070": 0.010321078391180362,
        "banzhang": 0.022144445677459133,
        "lsy": 0.05560152590757903,
        "lsy_2": 0.10743956571574266,
        "lsy_3": 0.11118959835866292,
        "master": 0.0981525343324418,
        "niu": 0.07104828223567539,
        "prol": 0.10828406917381905,
        "prol2": 0.07655930153350687,
        "prot": 0.013707959401529283,
        "putien": 0.092747984418386,
        "yyl": 0.05986948659762173,
        "zaiton": 0.09989689276133745,
        "lee": 0.07303727549505842
    }
}