{
    "sum": 2.2596124342412236,
    "coin": {
        "lsy": 0.12645737718677977,
        "lsy_2": 0.2699949586345197,
        "lsy_3": 0.2574515787517966,
        "master": 0.20335569599778647,
        "prol": 0.2216031988102114,
        "prol2": 0.17389479528842489,
        "putien": 0.2522919865953523,
        "zaiton": 0.26700510279796125,
        "niu": 0.1430211511516291,
        "lee": 0.13578617888950265,
        "yyl": 0.10309474325592631,
        "1070": 0.04522587309075892,
        "banzhang": 0.037324812183372365,
        "prot": 0.02310498160720185
    },
    "portion": {
        "lsy": 0.05596418893368502,
        "lsy_2": 0.11948728664399648,
        "lsy_3": 0.11393616659675032,
        "master": 0.08999582977869086,
        "prol": 0.0980713309292023,
        "prol2": 0.07695779712188504,
        "putien": 0.11165276963970672,
        "zaiton": 0.1181641146737721,
        "niu": 0.06329454953617102,
        "lee": 0.0600926852905638,
        "yyl": 0.04562496722609223,
        "1070": 0.020014880607587795,
        "banzhang": 0.016518236321312336,
        "prot": 0.010225196700583961
    }
}