{
    "sum": 0.46915697268665524,
    "coin": {
        "1070": 0.013573719585537037,
        "banzhang": 0.03732481218337236,
        "lsy": 0.0258741571260502,
        "lsy_2": 0.043209414133815044,
        "lsy_3": 0.04464029541065912,
        "master": 0.04187021614076993,
        "niu": 0.04371914539434217,
        "prol": 0.04279916374949565,
        "prol2": 0.04224283973268435,
        "prot": 0.02310498160720185,
        "putien": 0.03354016056228167,
        "yyl": 0.03276973860520851,
        "zaiton": 0.03897498103232366,
        "lee": 0.005513347422913692
    },
    "portion": {
        "1070": 0.028932149314133234,
        "banzhang": 0.07955719376742842,
        "lsy": 0.055150319898008344,
        "lsy_2": 0.0921001213866092,
        "lsy_3": 0.09515002016281207,
        "master": 0.08924564394939641,
        "niu": 0.0931866047817256,
        "prol": 0.09122567976428805,
        "prol2": 0.09003988471231328,
        "prot": 0.04924787001435746,
        "putien": 0.07149027407652486,
        "yyl": 0.06984813295548109,
        "zaiton": 0.08307450022352034,
        "lee": 0.011751604993401634
    }
}