{
    "sum": 2.269947150170533,
    "coin": {
        "lsy": 0.12645737718677977,
        "lsy_2": 0.2699949586345197,
        "lsy_3": 0.2574515787517966,
        "master": 0.20335569599778647,
        "prol": 0.2216031988102114,
        "prol2": 0.17389479528842489,
        "putien": 0.2577400145176799,
        "zaiton": 0.27189179080494313,
        "niu": 0.1430211511516291,
        "lee": 0.13578617888950265,
        "yyl": 0.10309474325592631,
        "1070": 0.04522587309075892,
        "banzhang": 0.037324812183372365,
        "prot": 0.02310498160720185
    },
    "portion": {
        "lsy": 0.05570939269545525,
        "lsy_2": 0.11894327963284783,
        "lsy_3": 0.11341743297083157,
        "master": 0.08958609277863984,
        "prol": 0.09762482742982062,
        "prol2": 0.07660742025441464,
        "putien": 0.11354450014323762,
        "zaiton": 0.11977890797348162,
        "niu": 0.06300637930750258,
        "lee": 0.059819092651254686,
        "yyl": 0.0454172438544136,
        "1070": 0.019923755972627497,
        "banzhang": 0.016443031363337374,
        "prot": 0.010178642972135301
    }
}