{
    "sum": 2.3317892209566558,
    "coin": {
        "lsy": 0.12645737718677977,
        "lsy_2": 0.2699949586345197,
        "lsy_3": 0.2574515787517966,
        "master": 0.20335569599778647,
        "prol": 0.2216853962665857,
        "prol2": 0.17389479528842489,
        "putien": 0.29043850373964686,
        "zaiton": 0.3009531749127247,
        "niu": 0.1430211511516291,
        "lee": 0.13578617888950265,
        "yyl": 0.10309474325592631,
        "1070": 0.04522587309075892,
        "banzhang": 0.037324812183372365,
        "prot": 0.02310498160720185
    },
    "portion": {
        "lsy": 0.054231907434111264,
        "lsy_2": 0.11578874977548345,
        "lsy_3": 0.11040945572523607,
        "master": 0.08721015354653555,
        "prol": 0.0950709413501944,
        "prol2": 0.07457569223048455,
        "putien": 0.12455607099019421,
        "zaiton": 0.12906534270248218,
        "niu": 0.06133536850854482,
        "lee": 0.05823261282329544,
        "yyl": 0.044212719712989304,
        "1070": 0.019395352154601798,
        "banzhang": 0.01600694087095026,
        "prot": 0.009908692174896771
    }
}