{
    "sum": 2.307812255245801,
    "coin": {
        "lsy": 0.12645737718677977,
        "lsy_2": 0.2699949586345197,
        "lsy_3": 0.2574515787517966,
        "master": 0.20335569599778647,
        "prol": 0.2216031988102114,
        "prol2": 0.17389479528842489,
        "putien": 0.2781680123585301,
        "zaiton": 0.28932889803936107,
        "niu": 0.1430211511516291,
        "lee": 0.13578617888950265,
        "yyl": 0.10309474325592631,
        "1070": 0.04522587309075892,
        "banzhang": 0.037324812183372365,
        "prot": 0.02310498160720185
    },
    "portion": {
        "lsy": 0.054795348668131155,
        "lsy_2": 0.11699173449694807,
        "lsy_3": 0.11155655238704669,
        "master": 0.08811622155812124,
        "prol": 0.09602306180084343,
        "prol2": 0.0753504947783994,
        "putien": 0.12053320703460035,
        "zaiton": 0.12536933946065085,
        "niu": 0.06197261099837438,
        "lee": 0.058837619299772846,
        "yyl": 0.04467206681201451,
        "1070": 0.019596859747996263,
        "banzhang": 0.016173244638306578,
        "prot": 0.010011638318794255
    }
}