{
    "sum": 1.9612532847044426,
    "coin": {
        "lsy": 0.11765225285007476,
        "lsy_2": 0.21967144860419296,
        "lsy_3": 0.23102855061374894,
        "master": 0.1841252087655117,
        "prol": 0.20592380375147143,
        "prol2": 0.1575690477246923,
        "putien": 0.18873610497196533,
        "zaiton": 0.20328525290059757,
        "niu": 0.1400403822223615,
        "lee": 0.126175280840426,
        "yyl": 0.10309474325592631,
        "1070": 0.023521414412899625,
        "banzhang": 0.037324812183372365,
        "prot": 0.02310498160720185
    },
    "portion": {
        "lsy": 0.05998830123963553,
        "lsy_2": 0.11200564981452514,
        "lsy_3": 0.11779638683871703,
        "master": 0.09388140236729242,
        "prol": 0.10499602746745879,
        "prol2": 0.0803409987652042,
        "putien": 0.09623239713294222,
        "zaiton": 0.10365068830527531,
        "niu": 0.07140351698300168,
        "lee": 0.06433400612988159,
        "yyl": 0.05256574663759582,
        "1070": 0.011993052909759312,
        "banzhang": 0.019031102445800186,
        "prot": 0.011780722962910795
    }
}