{
    "sum": 1.6636200095328375,
    "coin": {
        "1070": 0.017396340287388568,
        "banzhang": 0.03732481218337236,
        "lsy": 0.09216190367151006,
        "lsy_2": 0.17863342916945574,
        "lsy_3": 0.18475163254427063,
        "master": 0.16543764349041734,
        "niu": 0.11769441438964857,
        "prol": 0.1799935589662339,
        "prol2": 0.1266146433754708,
        "prot": 0.02310498160720185,
        "putien": 0.15411791500662267,
        "yyl": 0.09975859609347941,
        "zaiton": 0.1660704686523616,
        "lee": 0.12055967009540391
    },
    "portion": {
        "1070": 0.010456919361214973,
        "banzhang": 0.02243590000690937,
        "lsy": 0.05539841017985238,
        "lsy_2": 0.10737634083856562,
        "lsy_3": 0.11105398557700137,
        "master": 0.09944436983351386,
        "niu": 0.07074597186571376,
        "prol": 0.10819391323429563,
        "prol2": 0.0761079108510035,
        "prot": 0.013888376837743122,
        "putien": 0.09264009456696824,
        "yyl": 0.05996477291800109,
        "zaiton": 0.09982476028224498,
        "lee": 0.07246827364697205
    }
}