{
    "sum": 0.42959628274290557,
    "coin": {
        "1070": 0.012502115708750556,
        "banzhang": 0.03732481218337236,
        "lsy": 0.02351492789581435,
        "lsy_2": 0.03884228207705361,
        "lsy_3": 0.040255766288730316,
        "master": 0.03858594154041013,
        "niu": 0.039325683040769825,
        "prol": 0.03860734556772541,
        "prol2": 0.039133098724643114,
        "prot": 0.02310498160720185,
        "putien": 0.03098130209005791,
        "yyl": 0.029201668588193067,
        "zaiton": 0.03678549036554512,
        "lee": 0.0014308670646379718
    },
    "portion": {
        "1070": 0.029102010913424316,
        "banzhang": 0.08688346171214338,
        "lsy": 0.0547372704104309,
        "lsy_2": 0.09041577787650226,
        "lsy_3": 0.09370603961399177,
        "master": 0.08981907686455033,
        "niu": 0.0915410226310187,
        "prol": 0.08986890045049623,
        "prol2": 0.09109273123776666,
        "prot": 0.053783011016017485,
        "putien": 0.07211724899537562,
        "yyl": 0.0679746770659768,
        "zaiton": 0.08562804624536198,
        "lee": 0.003330724966943633
    }
}