{
    "sum": 2.234202988703579,
    "coin": {
        "lsy": 0.12644948485969393,
        "lsy_2": 0.2699949586345197,
        "lsy_3": 0.25715658243741574,
        "master": 0.20335569599778647,
        "prol": 0.2215752526686047,
        "prol2": 0.17389479528842489,
        "putien": 0.2389003507295175,
        "zaiton": 0.2553181279092244,
        "niu": 0.1430211511516291,
        "lee": 0.13578617888950265,
        "yyl": 0.10309474325592631,
        "1070": 0.04522587309075892,
        "banzhang": 0.037324812183372365,
        "prot": 0.02310498160720185
    },
    "portion": {
        "lsy": 0.05659713351877112,
        "lsy_2": 0.12084620779743353,
        "lsy_3": 0.11509991873506252,
        "master": 0.09101934650789537,
        "prol": 0.09917418148168185,
        "prol2": 0.07783303315216192,
        "putien": 0.1069286684949527,
        "zaiton": 0.11427705056351017,
        "niu": 0.06401439433872512,
        "lee": 0.06077611549892971,
        "yyl": 0.0461438570162097,
        "1070": 0.020242508545296387,
        "banzhang": 0.016706097150568446,
        "prot": 0.010341487198801383
    }
}