{
    "sum": 2.277860000266311,
    "coin": {
        "lsy": 0.12645737718677977,
        "lsy_2": 0.2699949586345197,
        "lsy_3": 0.2574515787517966,
        "master": 0.20335569599778647,
        "prol": 0.2216031988102114,
        "prol2": 0.17389479528842489,
        "putien": 0.26177515884648145,
        "zaiton": 0.2757694965719195,
        "niu": 0.1430211511516291,
        "lee": 0.13578617888950265,
        "yyl": 0.10309474325592631,
        "1070": 0.04522587309075892,
        "banzhang": 0.037324812183372365,
        "prot": 0.02310498160720185
    },
    "portion": {
        "lsy": 0.05551586891731506,
        "lsy_2": 0.11853009342231474,
        "lsy_3": 0.11302344249501603,
        "master": 0.0892748878219081,
        "prol": 0.09728569744598138,
        "prol2": 0.07634130072440552,
        "putien": 0.1149215310931649,
        "zaiton": 0.12106516490902801,
        "niu": 0.06278750719311464,
        "lee": 0.05961129256127572,
        "yyl": 0.04525947303340557,
        "1070": 0.01985454465396093,
        "banzhang": 0.016385911416420946,
        "prot": 0.010143284312688482
    }
}