{
    "sum": 0.7019379526090551,
    "coin": {
        "1070": 0.017396340287388568,
        "banzhang": 0.03732481218337236,
        "lsy": 0.03666900050183738,
        "lsy_2": 0.06760188397834935,
        "lsy_3": 0.07054220555110496,
        "master": 0.06724046639972919,
        "niu": 0.05879038025994668,
        "prol": 0.06731084585676354,
        "prol2": 0.06585431345569928,
        "prot": 0.02310498160720185,
        "putien": 0.04897340817342925,
        "yyl": 0.05339047839414239,
        "zaiton": 0.06269711800594958,
        "lee": 0.025041717954140733
    },
    "portion": {
        "1070": 0.02478330203222032,
        "banzhang": 0.053173947988762536,
        "lsy": 0.052239660735740566,
        "lsy_2": 0.09630749231762978,
        "lsy_3": 0.10049635482581393,
        "master": 0.0957926069530804,
        "niu": 0.08375438319217086,
        "prol": 0.0958928714519193,
        "prol2": 0.09381785556817854,
        "prot": 0.03291598854474562,
        "putien": 0.0697688563375131,
        "yyl": 0.07606153534752418,
        "zaiton": 0.08932002860496245,
        "lee": 0.03567511609973843
    }
}