{
    "sum": 0.6582334808618538,
    "coin": {
        "1070": 0.017396340287388568,
        "banzhang": 0.03732481218337236,
        "lsy": 0.03666900050183738,
        "lsy_2": 0.06248254321006205,
        "lsy_3": 0.06524736072503358,
        "master": 0.06215924068839752,
        "niu": 0.05622256544924116,
        "prol": 0.06248208888815787,
        "prol2": 0.06129126276485135,
        "prot": 0.02310498160720185,
        "putien": 0.04470272028619447,
        "yyl": 0.04930768270741363,
        "zaiton": 0.05773689941945125,
        "lee": 0.022105982143250828
    },
    "portion": {
        "1070": 0.026428829272875605,
        "banzhang": 0.0567045178779137,
        "lsy": 0.05570819711848302,
        "lsy_2": 0.09492458987083266,
        "lsy_3": 0.09912494976646032,
        "master": 0.09443342293529297,
        "niu": 0.08541432042567403,
        "prol": 0.09492389965692317,
        "prol2": 0.09311477545110593,
        "prot": 0.03510149860038947,
        "putien": 0.06791316696267599,
        "yyl": 0.07490910769663818,
        "zaiton": 0.08771492350078244,
        "lee": 0.03358380086395256
    }
}