{
    "sum": 2.0287709299346974,
    "coin": {
        "lsy": 0.12249981208274774,
        "lsy_2": 0.22888652842277904,
        "lsy_3": 0.23818804324676168,
        "master": 0.1923266630840575,
        "prol": 0.21112792658944024,
        "prol2": 0.16709194993990387,
        "putien": 0.19645658553041345,
        "zaiton": 0.2118275845250938,
        "niu": 0.14277010601970758,
        "lee": 0.126175280840426,
        "yyl": 0.10309474325592631,
        "1070": 0.02789591260686635,
        "banzhang": 0.037324812183372365,
        "prot": 0.02310498160720185
    },
    "portion": {
        "lsy": 0.06038129306529978,
        "lsy_2": 0.11282029185529906,
        "lsy_3": 0.11740509474592507,
        "master": 0.0947995952851356,
        "prol": 0.10406691237252501,
        "prol2": 0.08236117122660185,
        "putien": 0.09683527234725167,
        "zaiton": 0.10441178025550285,
        "niu": 0.0703727088717222,
        "lee": 0.0621929656910489,
        "yyl": 0.0508163547371239,
        "1070": 0.01375015394555376,
        "banzhang": 0.018397745961676308,
        "prot": 0.011388659639334225
    }
}