{
    "sum": 2.1723873631985984,
    "coin": {
        "lsy": 0.12644948485969393,
        "lsy_2": 0.25274959110737105,
        "lsy_3": 0.25578206898016703,
        "master": 0.20335569599778647,
        "prol": 0.2215752526686047,
        "prol2": 0.17383810270322028,
        "putien": 0.21960793550267962,
        "zaiton": 0.23652106175209245,
        "niu": 0.1430211511516291,
        "lee": 0.13578617888950265,
        "yyl": 0.10309474325592631,
        "1070": 0.04017630253935025,
        "banzhang": 0.037324812183372365,
        "prot": 0.02310498160720185
    },
    "portion": {
        "lsy": 0.05820761389143378,
        "lsy_2": 0.11634646536298454,
        "lsy_3": 0.11774238485882021,
        "master": 0.0936093163874641,
        "prol": 0.10199619847832286,
        "prol2": 0.08002168749833963,
        "putien": 0.1010905970191851,
        "zaiton": 0.10887609905990317,
        "niu": 0.06583593403942767,
        "lee": 0.06250550946382445,
        "yyl": 0.04745688775510588,
        "1070": 0.018494078551531953,
        "banzhang": 0.01718147178338201,
        "prot": 0.010635755850274483
    }
}