{
    "sum": 1.1772242248567637,
    "coin": {
        "1070": 0.017396340287388568,
        "banzhang": 0.03732481218337236,
        "lsy": 0.059835639478745685,
        "lsy_2": 0.12295717083724239,
        "lsy_3": 0.13064109557568065,
        "master": 0.12004036885247461,
        "niu": 0.08737161330061899,
        "prol": 0.12224372695876881,
        "prol2": 0.08502751317262705,
        "prot": 0.02310498160720185,
        "putien": 0.10020802897895265,
        "yyl": 0.0878759056258629,
        "zaiton": 0.10928303739463172,
        "lee": 0.07391399060319541
    },
    "portion": {
        "1070": 0.014777422958234853,
        "banzhang": 0.03170577991453903,
        "lsy": 0.05082773376161713,
        "lsy_2": 0.10444668759021074,
        "lsy_3": 0.11097384238043194,
        "master": 0.10196899309227202,
        "niu": 0.07421832770324595,
        "prol": 0.10384064851676202,
        "prol2": 0.0722271181456299,
        "prot": 0.01962666170075892,
        "putien": 0.08512229604444747,
        "yyl": 0.07464670176707841,
        "zaiton": 0.09283111499674457,
        "lee": 0.062786671428027
    }
}