{
    "sum": 1.488433177106515,
    "coin": {
        "1070": 0.017396340287388568,
        "banzhang": 0.03732481218337236,
        "lsy": 0.07994467856888439,
        "lsy_2": 0.16054502672407905,
        "lsy_3": 0.16665773733066586,
        "master": 0.15364391157469226,
        "niu": 0.1017091890127421,
        "prol": 0.16197683103495528,
        "prol2": 0.10950340265835512,
        "prot": 0.02310498160720185,
        "putien": 0.13521357956236585,
        "yyl": 0.09453368338991781,
        "zaiton": 0.14724075434773412,
        "lee": 0.09963824882416031
    },
    "portion": {
        "1070": 0.011687686457786915,
        "banzhang": 0.02507657902112278,
        "lsy": 0.0537106265827098,
        "lsy_2": 0.10786176308981198,
        "lsy_3": 0.11196857198160905,
        "master": 0.10322526663465875,
        "niu": 0.06833305691993696,
        "prol": 0.10882371713175265,
        "prol2": 0.07356957930165706,
        "prot": 0.015523022439017037,
        "putien": 0.09084289549714178,
        "yyl": 0.06351221193126684,
        "zaiton": 0.09892332192834298,
        "lee": 0.06694170108318542
    }
}