{
    "sum": 1.1469399688743303,
    "coin": {
        "1070": 0.017396340287388568,
        "banzhang": 0.03732481218337236,
        "lsy": 0.05787297555266638,
        "lsy_2": 0.11931124116954181,
        "lsy_3": 0.12590441732825644,
        "master": 0.11633250327402525,
        "niu": 0.08737161330061899,
        "prol": 0.11764489195107698,
        "prol2": 0.08502751317262705,
        "prot": 0.02310498160720185,
        "putien": 0.0960626988133769,
        "yyl": 0.0878759056258629,
        "zaiton": 0.10504397667729959,
        "lee": 0.07066609793101519
    },
    "portion": {
        "1070": 0.01516761187114465,
        "banzhang": 0.03254295185126818,
        "lsy": 0.050458591664100855,
        "lsy_2": 0.10402570701816277,
        "lsy_3": 0.10977419982305259,
        "master": 0.1014285894912184,
        "niu": 0.07617801774435524,
        "prol": 0.1025728417735238,
        "prol2": 0.07413423150304695,
        "prot": 0.02014489182888826,
        "putien": 0.08375564669496878,
        "yyl": 0.076617702766178,
        "zaiton": 0.09158629006572637,
        "lee": 0.06161272590436514
    }
}