{
    "sum": 2.2496630940475386,
    "coin": {
        "lsy": 0.12644948485969393,
        "lsy_2": 0.2699949586345197,
        "lsy_3": 0.2574515787517966,
        "master": 0.20335569599778647,
        "prol": 0.2215752526686047,
        "prol2": 0.17389479528842489,
        "putien": 0.24684394115158495,
        "zaiton": 0.262539646516736,
        "niu": 0.1430211511516291,
        "lee": 0.13578617888950265,
        "yyl": 0.10309474325592631,
        "1070": 0.04522587309075892,
        "banzhang": 0.037324812183372365,
        "prot": 0.02310498160720185
    },
    "portion": {
        "lsy": 0.0562081874367193,
        "lsy_2": 0.12001573006594131,
        "lsy_3": 0.1144400596840463,
        "master": 0.09039384454314618,
        "prol": 0.09849263796649299,
        "prol2": 0.0772981499978993,
        "putien": 0.1097248480471222,
        "zaiton": 0.11670176179330974,
        "niu": 0.06357447545370404,
        "lee": 0.060358450671473426,
        "yyl": 0.045826747804463816,
        "1070": 0.020103398242351765,
        "banzhang": 0.016591289727840304,
        "prot": 0.01027041856548926
    }
}