{
    "sum": 2.2725658822025916,
    "coin": {
        "lsy": 0.12645737718677977,
        "lsy_2": 0.2699949586345197,
        "lsy_3": 0.2574515787517966,
        "master": 0.20335569599778647,
        "prol": 0.2216031988102114,
        "prol2": 0.17389479528842489,
        "putien": 0.2590530778347901,
        "zaiton": 0.2731974595198916,
        "niu": 0.1430211511516291,
        "lee": 0.13578617888950265,
        "yyl": 0.10309474325592631,
        "1070": 0.04522587309075892,
        "banzhang": 0.037324812183372365,
        "prot": 0.02310498160720185
    },
    "portion": {
        "lsy": 0.05564519742953112,
        "lsy_2": 0.11880621844627806,
        "lsy_3": 0.11328673934956383,
        "master": 0.08948286058078644,
        "prol": 0.09751233200572014,
        "prol2": 0.0765191436913963,
        "putien": 0.11399144898880269,
        "zaiton": 0.12021541890574637,
        "niu": 0.06293377554934149,
        "lee": 0.059750161679756206,
        "yyl": 0.045364908477815366,
        "1070": 0.019900797351989456,
        "banzhang": 0.01642408366493508,
        "prot": 0.010166913878337508
    }
}