{
    "sum": 1.2359986638420135,
    "coin": {
        "1070": 0.017396340287388568,
        "banzhang": 0.03732481218337236,
        "lsy": 0.0644386771704987,
        "lsy_2": 0.1317825832444692,
        "lsy_3": 0.138629423904565,
        "master": 0.12749196582347336,
        "niu": 0.09126640069685582,
        "prol": 0.13137110728747303,
        "prol2": 0.08502751317262705,
        "prot": 0.02310498160720185,
        "putien": 0.10839448876861967,
        "yyl": 0.0878759056258629,
        "zaiton": 0.11798047346641083,
        "lee": 0.07391399060319541
    },
    "portion": {
        "1070": 0.014074724185634059,
        "banzhang": 0.030198100754697296,
        "lsy": 0.05213490843929853,
        "lsy_2": 0.10662032824115883,
        "lsy_3": 0.11215984932673419,
        "master": 0.10314895117052449,
        "niu": 0.07384020983741256,
        "prol": 0.1062874185309516,
        "prol2": 0.06879256075271563,
        "prot": 0.018693371023057313,
        "putien": 0.08769790125151361,
        "yyl": 0.07109708788252807,
        "zaiton": 0.09545356068563776,
        "lee": 0.059801027918136296
    }
}