{
    "sum": 0.9092116673427789,
    "coin": {
        "1070": 0.017396340287388568,
        "banzhang": 0.03732481218337236,
        "lsy": 0.04220309872183244,
        "lsy_2": 0.09232852854673029,
        "lsy_3": 0.09636628514072365,
        "master": 0.09056504658131244,
        "niu": 0.07576162168147649,
        "prol": 0.08754427862274974,
        "prol2": 0.08502751317262705,
        "prot": 0.02310498160720185,
        "putien": 0.07078559380489055,
        "yyl": 0.0685542657370237,
        "zaiton": 0.08014576758559376,
        "lee": 0.04210353366985602
    },
    "portion": {
        "1070": 0.019133432744247912,
        "banzhang": 0.04105184031838942,
        "lsy": 0.046417242802408505,
        "lsy_2": 0.10154789238084184,
        "lsy_3": 0.10598883472575689,
        "master": 0.09960831986020788,
        "niu": 0.0833267152223134,
        "prol": 0.09628591643418162,
        "prol2": 0.09351784213364159,
        "prot": 0.025412104174517943,
        "putien": 0.07785381154617751,
        "yyl": 0.07539967666426599,
        "zaiton": 0.08814863520155232,
        "lee": 0.04630773579149717
    }
}