{
    "sum": 1.5438417092962482,
    "coin": {
        "1070": 0.017396340287388568,
        "banzhang": 0.03732481218337236,
        "lsy": 0.0841752410983818,
        "lsy_2": 0.16667056502618366,
        "lsy_3": 0.1732101315883849,
        "master": 0.15963073466771513,
        "niu": 0.10477739202885318,
        "prol": 0.1673469050003685,
        "prol2": 0.11394277850421204,
        "prot": 0.02310498160720185,
        "putien": 0.14162244142669198,
        "yyl": 0.09460120173632743,
        "zaiton": 0.15357461651735604,
        "lee": 0.10646356762381111
    },
    "portion": {
        "1070": 0.011268214987738992,
        "banzhang": 0.0241765797352286,
        "lsy": 0.05452323291404831,
        "lsy_2": 0.10795832501646786,
        "lsy_3": 0.11219422985232197,
        "master": 0.10339838191085142,
        "niu": 0.06786796301585568,
        "prol": 0.10839641395402685,
        "prol2": 0.07380470278662975,
        "prot": 0.014965900628331988,
        "putien": 0.09173378369939869,
        "yyl": 0.0612764904372553,
        "zaiton": 0.09947562343510087,
        "lee": 0.06896015762674397
    }
}