{
    "sum": 2.3113928083430637,
    "coin": {
        "lsy": 0.12645737718677977,
        "lsy_2": 0.2699949586345197,
        "lsy_3": 0.2574515787517966,
        "master": 0.20335569599778647,
        "prol": 0.2216031988102114,
        "prol2": 0.17389479528842489,
        "putien": 0.28003042333412387,
        "zaiton": 0.29104704016103017,
        "niu": 0.1430211511516291,
        "lee": 0.13578617888950265,
        "yyl": 0.10309474325592631,
        "1070": 0.04522587309075892,
        "banzhang": 0.037324812183372365,
        "prot": 0.02310498160720185
    },
    "portion": {
        "lsy": 0.05471046579807935,
        "lsy_2": 0.11681050389183623,
        "lsy_3": 0.11138374136257366,
        "master": 0.0879797216915126,
        "prol": 0.09587431353525282,
        "prol2": 0.07523377015829795,
        "putien": 0.12115224306458988,
        "zaiton": 0.12591846747575072,
        "niu": 0.06187660991043522,
        "lee": 0.05874647459288489,
        "yyl": 0.04460286580619346,
        "1070": 0.019566502468777416,
        "banzhang": 0.016148190843480598,
        "prot": 0.009996129400335377
    }
}