{
    "sum": 2.3668862009083584,
    "coin": {
        "lsy": 0.12645737718677977,
        "lsy_2": 0.2699949586345197,
        "lsy_3": 0.2574515787517966,
        "master": 0.20335569599778647,
        "prol": 0.2216853962665857,
        "prol2": 0.17389479528842489,
        "putien": 0.3080186853052524,
        "zaiton": 0.31846997329882176,
        "niu": 0.1430211511516291,
        "lee": 0.13578617888950265,
        "yyl": 0.10309474325592631,
        "1070": 0.04522587309075892,
        "banzhang": 0.037324812183372365,
        "prot": 0.02310498160720185
    },
    "portion": {
        "lsy": 0.05342773857832634,
        "lsy_2": 0.11407179548002842,
        "lsy_3": 0.1087722674005165,
        "master": 0.0859169722311715,
        "prol": 0.09366119764503582,
        "prol2": 0.07346985893182693,
        "putien": 0.13013666866917456,
        "zaiton": 0.134552296251759,
        "niu": 0.060425867156917286,
        "lee": 0.05736912017037022,
        "yyl": 0.04355711872263265,
        "1070": 0.019107751388048246,
        "banzhang": 0.015769584599820613,
        "prot": 0.009761762774371945
    }
}