{
    "sum": 2.1924741229024676,
    "coin": {
        "lsy": 0.12644948485969393,
        "lsy_2": 0.2592101498930784,
        "lsy_3": 0.25643388897900105,
        "master": 0.20335569599778647,
        "prol": 0.2215752526686047,
        "prol2": 0.17383810270322028,
        "putien": 0.22405732370005108,
        "zaiton": 0.24221558501723706,
        "niu": 0.1430211511516291,
        "lee": 0.13578617888950265,
        "yyl": 0.10309474325592631,
        "1070": 0.04300677199616238,
        "banzhang": 0.037324812183372365,
        "prot": 0.02310498160720185
    },
    "portion": {
        "lsy": 0.0576743340041323,
        "lsy_2": 0.11822723341880435,
        "lsy_3": 0.11696096492100241,
        "master": 0.09275169721436788,
        "prol": 0.10106174132412395,
        "prol2": 0.07928855391601514,
        "putien": 0.10219382813213632,
        "zaiton": 0.11047591508016719,
        "niu": 0.065232765877434,
        "lee": 0.06193285360638352,
        "yyl": 0.047022102646049106,
        "1070": 0.019615634933573874,
        "banzhang": 0.017024060532108164,
        "prot": 0.010538314393701821
    }
}