{
    "sum": 2.284700892778044,
    "coin": {
        "lsy": 0.12645737718677977,
        "lsy_2": 0.2699949586345197,
        "lsy_3": 0.2574515787517966,
        "master": 0.20335569599778647,
        "prol": 0.2216031988102114,
        "prol2": 0.17389479528842489,
        "putien": 0.26537011452246373,
        "zaiton": 0.2790154334076702,
        "niu": 0.1430211511516291,
        "lee": 0.13578617888950265,
        "yyl": 0.10309474325592631,
        "1070": 0.04522587309075892,
        "banzhang": 0.037324812183372365,
        "prot": 0.02310498160720185
    },
    "portion": {
        "lsy": 0.05534964230394992,
        "lsy_2": 0.11817518848439887,
        "lsy_3": 0.11268502567036363,
        "master": 0.08900757934686125,
        "prol": 0.09699440286065486,
        "prol2": 0.07611271822850317,
        "putien": 0.11615092170765136,
        "zaiton": 0.12212339667290367,
        "niu": 0.06259950770961749,
        "lee": 0.05943280335676488,
        "yyl": 0.04512395630509426,
        "1070": 0.01979509581920252,
        "banzhang": 0.016336848425698245,
        "prot": 0.010112913108335916
    }
}