{
    "sum": 2.361773013060708,
    "coin": {
        "lsy": 0.12645737718677977,
        "lsy_2": 0.2699949586345197,
        "lsy_3": 0.2574515787517966,
        "master": 0.20335569599778647,
        "prol": 0.2216853962665857,
        "prol2": 0.17389479528842489,
        "putien": 0.30656562763428036,
        "zaiton": 0.3148098431221434,
        "niu": 0.1430211511516291,
        "lee": 0.13578617888950265,
        "yyl": 0.10309474325592631,
        "1070": 0.04522587309075892,
        "banzhang": 0.037324812183372365,
        "prot": 0.02310498160720185
    },
    "portion": {
        "lsy": 0.053543408484839544,
        "lsy_2": 0.1143187584672345,
        "lsy_3": 0.1090077570232525,
        "master": 0.08610298063074673,
        "prol": 0.09386397212630332,
        "prol2": 0.07362891959844535,
        "putien": 0.12980317157447352,
        "zaiton": 0.13329386074835778,
        "niu": 0.060556687861498926,
        "lee": 0.0574933230833781,
        "yyl": 0.04365141894915721,
        "1070": 0.01914911925941141,
        "banzhang": 0.015803725411783657,
        "prot": 0.009782896781117531
    }
}