{
    "sum": 2.2745758504659235,
    "coin": {
        "lsy": 0.12645737718677977,
        "lsy_2": 0.2699949586345197,
        "lsy_3": 0.2574515787517966,
        "master": 0.20335569599778647,
        "prol": 0.2216031988102114,
        "prol2": 0.17389479528842489,
        "putien": 0.2601088905573584,
        "zaiton": 0.274151615060655,
        "niu": 0.1430211511516291,
        "lee": 0.13578617888950265,
        "yyl": 0.10309474325592631,
        "1070": 0.04522587309075892,
        "banzhang": 0.037324812183372365,
        "prot": 0.02310498160720185
    },
    "portion": {
        "lsy": 0.05559602558906808,
        "lsy_2": 0.11870123327793797,
        "lsy_3": 0.11318663156432451,
        "master": 0.08940378750444007,
        "prol": 0.0974261635481702,
        "prol2": 0.0764515262275401,
        "putien": 0.11435489852056496,
        "zaiton": 0.12052867571090138,
        "niu": 0.06287816303084934,
        "lee": 0.05969736241668452,
        "yyl": 0.04532482099236586,
        "1070": 0.019883211668450126,
        "banzhang": 0.01640957023953576,
        "prot": 0.01015792970916711
    }
}