{
    "sum": 2.365861988902194,
    "coin": {
        "lsy": 0.12645737718677977,
        "lsy_2": 0.2699949586345197,
        "lsy_3": 0.2574515787517966,
        "master": 0.20335569599778647,
        "prol": 0.2216853962665857,
        "prol2": 0.17389479528842489,
        "putien": 0.3080186853052524,
        "zaiton": 0.3174457612926574,
        "niu": 0.1430211511516291,
        "lee": 0.13578617888950265,
        "yyl": 0.10309474325592631,
        "1070": 0.04522587309075892,
        "banzhang": 0.037324812183372365,
        "prot": 0.02310498160720185
    },
    "portion": {
        "lsy": 0.05345086813177063,
        "lsy_2": 0.11412117862369589,
        "lsy_3": 0.10881935631049176,
        "master": 0.08595416679066198,
        "prol": 0.09370174477905706,
        "prol2": 0.0735016649762886,
        "putien": 0.13019300650253865,
        "zaiton": 0.13417763283815148,
        "niu": 0.06045202629000084,
        "lee": 0.0573939559984689,
        "yyl": 0.043575975158113206,
        "1070": 0.019116023378753635,
        "banzhang": 0.01577641145529871,
        "prot": 0.009765988766708667
    }
}