{
    "sum": 2.334873046366821,
    "coin": {
        "lsy": 0.12645737718677977,
        "lsy_2": 0.2699949586345197,
        "lsy_3": 0.2574515787517966,
        "master": 0.20335569599778647,
        "prol": 0.2216853962665857,
        "prol2": 0.17389479528842489,
        "putien": 0.292015491687794,
        "zaiton": 0.3024600123747429,
        "niu": 0.1430211511516291,
        "lee": 0.13578617888950265,
        "yyl": 0.10309474325592631,
        "1070": 0.04522587309075892,
        "banzhang": 0.037324812183372365,
        "prot": 0.02310498160720185
    },
    "portion": {
        "lsy": 0.05416027967068863,
        "lsy_2": 0.11563581970961777,
        "lsy_3": 0.11026363045836864,
        "master": 0.08709496917368509,
        "prol": 0.09494537470100965,
        "prol2": 0.07447719504879029,
        "putien": 0.1250669676204386,
        "zaiton": 0.12954023896305017,
        "niu": 0.061254358721634636,
        "lee": 0.05815570105654897,
        "yyl": 0.04415432497126423,
        "1070": 0.019369735395734958,
        "banzhang": 0.015985799416996842,
        "prot": 0.009895605092171652
    }
}