{
    "sum": 2.2785021043013254,
    "coin": {
        "lsy": 0.12645737718677977,
        "lsy_2": 0.2699949586345197,
        "lsy_3": 0.2574515787517966,
        "master": 0.20335569599778647,
        "prol": 0.2216031988102114,
        "prol2": 0.17389479528842489,
        "putien": 0.262116978809978,
        "zaiton": 0.27606978064343735,
        "niu": 0.1430211511516291,
        "lee": 0.13578617888950265,
        "yyl": 0.10309474325592631,
        "1070": 0.04522587309075892,
        "banzhang": 0.037324812183372365,
        "prot": 0.02310498160720185
    },
    "portion": {
        "lsy": 0.05550022400596218,
        "lsy_2": 0.11849669049013688,
        "lsy_3": 0.11299159139058199,
        "master": 0.0892497292909646,
        "prol": 0.09725828139103838,
        "prol2": 0.07631978700399207,
        "putien": 0.11503916468418313,
        "zaiton": 0.12116283769160299,
        "niu": 0.06276981306343134,
        "lee": 0.05959449351974147,
        "yyl": 0.04524671847408236,
        "1070": 0.019848949450334996,
        "banzhang": 0.016381293707348827,
        "prot": 0.010140425836598781
    }
}