{
    "sum": 1.2623838988934069,
    "coin": {
        "1070": 0.017396340287388568,
        "banzhang": 0.03732481218337236,
        "lsy": 0.06728483558325672,
        "lsy_2": 0.13623636426919464,
        "lsy_3": 0.14081015922461548,
        "master": 0.1310917906611498,
        "niu": 0.09126640069685582,
        "prol": 0.1359956064248075,
        "prol2": 0.08502751317262705,
        "prot": 0.02310498160720185,
        "putien": 0.1119532820634111,
        "yyl": 0.0878759056258629,
        "zaiton": 0.12238655841084131,
        "lee": 0.07462934868282188
    },
    "portion": {
        "1070": 0.013780546712167373,
        "banzhang": 0.029566926682200966,
        "lsy": 0.05329982079321349,
        "lsy_2": 0.10791991595315663,
        "lsy_3": 0.11154305702730229,
        "master": 0.1038446313962524,
        "niu": 0.0722968668856273,
        "prol": 0.10772919913191217,
        "prol2": 0.06735471931094916,
        "prot": 0.01830265866623889,
        "putien": 0.08868402247648138,
        "yyl": 0.06961107924688681,
        "zaiton": 0.09694876377790002,
        "lee": 0.05911779193971123
    }
}