{
    "sum": 2.177649083274981,
    "coin": {
        "lsy": 0.12644948485969393,
        "lsy_2": 0.25463403585262506,
        "lsy_3": 0.25588725930914996,
        "master": 0.20335569599778647,
        "prol": 0.2215752526686047,
        "prol2": 0.17383810270322028,
        "putien": 0.22059534380437965,
        "zaiton": 0.23792154483803848,
        "niu": 0.1430211511516291,
        "lee": 0.13578617888950265,
        "yyl": 0.10309474325592631,
        "1070": 0.04106049615384986,
        "banzhang": 0.037324812183372365,
        "prot": 0.02310498160720185
    },
    "portion": {
        "lsy": 0.058066970399806433,
        "lsy_2": 0.11693070192451727,
        "lsy_3": 0.11750619568342913,
        "master": 0.09338313393081611,
        "prol": 0.10174975131226204,
        "prol2": 0.07982833599699361,
        "putien": 0.10129976656873699,
        "zaiton": 0.10925614538418958,
        "niu": 0.06567685870514026,
        "lee": 0.06235448123041611,
        "yyl": 0.04734222058444855,
        "1070": 0.018855423708625592,
        "banzhang": 0.01713995724565472,
        "prot": 0.010610057324963541
    }
}