{
    "sum": 0.42270989258182706,
    "coin": {
        "1070": 0.012182765936013517,
        "banzhang": 0.03732481218337236,
        "lsy": 0.023106212754574768,
        "lsy_2": 0.03817204181328452,
        "lsy_3": 0.03955529950326182,
        "master": 0.03788678895153727,
        "niu": 0.03862784464849261,
        "prol": 0.037956818252890705,
        "prol2": 0.038448402298322144,
        "prot": 0.02310498160720185,
        "putien": 0.03073029054029341,
        "yyl": 0.028657591197604037,
        "zaiton": 0.03619015930772669,
        "lee": 0.0007658835872513815
    },
    "portion": {
        "1070": 0.028820631240976242,
        "banzhang": 0.08829888497617103,
        "lsy": 0.05466210552453993,
        "lsy_2": 0.09030316650537171,
        "lsy_3": 0.09357552353853373,
        "master": 0.0896283470446655,
        "niu": 0.09138145410451952,
        "prol": 0.08979401456885262,
        "prol2": 0.09095694937132186,
        "prot": 0.054659193013159135,
        "putien": 0.0726982998968843,
        "yyl": 0.06779493856311057,
        "zaiton": 0.08561464953347667,
        "lee": 0.00181184211841724
    }
}