{
    "sum": 2.3021759997298825,
    "coin": {
        "lsy": 0.12645737718677977,
        "lsy_2": 0.2699949586345197,
        "lsy_3": 0.2574515787517966,
        "master": 0.20335569599778647,
        "prol": 0.2216031988102114,
        "prol2": 0.17389479528842489,
        "putien": 0.27559461399659135,
        "zaiton": 0.28626604088538116,
        "niu": 0.1430211511516291,
        "lee": 0.13578617888950265,
        "yyl": 0.10309474325592631,
        "1070": 0.04522587309075892,
        "banzhang": 0.037324812183372365,
        "prot": 0.02310498160720185
    },
    "portion": {
        "lsy": 0.054929500264800424,
        "lsy_2": 0.11727815712882013,
        "lsy_3": 0.11182966844498585,
        "master": 0.08833195030338535,
        "prol": 0.0962581483067378,
        "prol2": 0.07553497009300253,
        "putien": 0.1197104886980523,
        "zaiton": 0.12434585406110095,
        "niu": 0.06212433418140489,
        "lee": 0.05898166730320993,
        "yyl": 0.044781434290003266,
        "1070": 0.0196448373608557,
        "banzhang": 0.016212840455183154,
        "prot": 0.010036149108457734
    }
}