{
    "sum": 1.0980084864981288,
    "coin": {
        "1070": 0.017396340287388568,
        "banzhang": 0.03732481218337236,
        "lsy": 0.05511408044533909,
        "lsy_2": 0.11311578121425435,
        "lsy_3": 0.11947139674984637,
        "master": 0.11112154446563323,
        "niu": 0.0827435169430835,
        "prol": 0.11160314218487816,
        "prol2": 0.08502751317262705,
        "prot": 0.02310498160720185,
        "putien": 0.0912212502599263,
        "yyl": 0.08678283792323818,
        "zaiton": 0.09931818040437503,
        "lee": 0.06466310865696488
    },
    "portion": {
        "1070": 0.01584353900840111,
        "banzhang": 0.03399319098380754,
        "lsy": 0.050194585126672436,
        "lsy_2": 0.10301904093201844,
        "lsy_3": 0.10880735278365262,
        "master": 0.10120281020780854,
        "niu": 0.07535781185715318,
        "prol": 0.10164142040542266,
        "prol2": 0.07743793806531017,
        "prot": 0.021042625709470075,
        "putien": 0.08307882077565505,
        "yyl": 0.07903658213063008,
        "zaiton": 0.09045301709928476,
        "lee": 0.05889126491471346
    }
}