{
    "sum": 0.7345198313201461,
    "coin": {
        "1070": 0.017396340287388568,
        "banzhang": 0.03732481218337236,
        "lsy": 0.03666900050183738,
        "lsy_2": 0.07168605227268803,
        "lsy_3": 0.0748770954635865,
        "master": 0.07164304169323803,
        "niu": 0.06172715301587215,
        "prol": 0.06931098590749171,
        "prol2": 0.06782585095454072,
        "prot": 0.02310498160720185,
        "putien": 0.05263954232556718,
        "yyl": 0.056561939850143794,
        "zaiton": 0.06685832231939973,
        "lee": 0.026894712937818015
    },
    "portion": {
        "1070": 0.02368396269998902,
        "banzhang": 0.05081525452660522,
        "lsy": 0.04992241044864984,
        "lsy_2": 0.0975958023404859,
        "lsy_3": 0.10194019585422294,
        "master": 0.09753724629119219,
        "niu": 0.08403742197801586,
        "prol": 0.09436230711827029,
        "prol2": 0.09234039444876241,
        "prot": 0.031455898972360584,
        "putien": 0.07166524317111846,
        "yyl": 0.07700532706991112,
        "zaiton": 0.09102316842723748,
        "lee": 0.036615366653178556
    }
}