{
    "sum": 2.1912943677520795,
    "coin": {
        "lsy": 0.12644948485969393,
        "lsy_2": 0.2588306189635625,
        "lsy_3": 0.25643388897900105,
        "master": 0.20335569599778647,
        "prol": 0.2215752526686047,
        "prol2": 0.17383810270322028,
        "putien": 0.22369523444928133,
        "zaiton": 0.24191000680560482,
        "niu": 0.1430211511516291,
        "lee": 0.13578617888950265,
        "yyl": 0.10309474325592631,
        "1070": 0.04287421523769177,
        "banzhang": 0.037324812183372365,
        "prot": 0.02310498160720185
    },
    "portion": {
        "lsy": 0.05770538487232596,
        "lsy_2": 0.11811768549794689,
        "lsy_3": 0.1170239346902815,
        "master": 0.09280163313083178,
        "prol": 0.10111615122522574,
        "prol2": 0.0793312415079817,
        "putien": 0.10208360763449466,
        "zaiton": 0.11039594240082226,
        "niu": 0.06526788607518128,
        "lee": 0.06196619718819326,
        "yyl": 0.047047418536326165,
        "1070": 0.019565703206581922,
        "banzhang": 0.017033225993120085,
        "prot": 0.01054398804068661
    }
}