{
    "sum": 1.2206039063602192,
    "coin": {
        "1070": 0.017396340287388568,
        "banzhang": 0.03732481218337236,
        "lsy": 0.06284477393877767,
        "lsy_2": 0.12914079707547096,
        "lsy_3": 0.1372891305118938,
        "master": 0.12530836839753673,
        "niu": 0.09126640069685582,
        "prol": 0.1287194340263553,
        "prol2": 0.08502751317262705,
        "prot": 0.02310498160720185,
        "putien": 0.10600759425521745,
        "yyl": 0.0878759056258629,
        "zaiton": 0.11538386397846355,
        "lee": 0.07391399060319541
    },
    "portion": {
        "1070": 0.014252240384240288,
        "banzhang": 0.03057897159666899,
        "lsy": 0.05148662363876722,
        "lsy_2": 0.10580074043885578,
        "lsy_3": 0.11247639778679983,
        "master": 0.10266095966479423,
        "niu": 0.07477151287267934,
        "prol": 0.10545553177049082,
        "prol2": 0.0696602007658446,
        "prot": 0.018929139491368475,
        "putien": 0.08684848025050722,
        "yyl": 0.0719937935377452,
        "zaiton": 0.09453014477278919,
        "lee": 0.060555263028449
    }
}