{
    "sum": 1.6721336657596568,
    "coin": {
        "1070": 0.017396340287388568,
        "banzhang": 0.03732481218337236,
        "lsy": 0.09281797621000568,
        "lsy_2": 0.17969469291163898,
        "lsy_3": 0.18581168062986764,
        "master": 0.16543764349041734,
        "niu": 0.11848522809931657,
        "prol": 0.18107532333904192,
        "prol2": 0.1275763463590185,
        "prot": 0.02310498160720185,
        "putien": 0.15503085314602227,
        "yyl": 0.09975859609347941,
        "zaiton": 0.16698967478152593,
        "lee": 0.12162951662135996
    },
    "portion": {
        "1070": 0.010403678033409693,
        "banzhang": 0.02232166778749446,
        "lsy": 0.05550870609846738,
        "lsy_2": 0.10746431137130594,
        "lsy_3": 0.11112250439946299,
        "master": 0.09893804955793314,
        "niu": 0.07085870617017227,
        "prol": 0.10828998126580909,
        "prol2": 0.07629554321607421,
        "prot": 0.013817664269503939,
        "putien": 0.0927143901953503,
        "yyl": 0.059659462718944,
        "zaiton": 0.09986622373616398,
        "lee": 0.0727391111799087
    }
}