{
    "sum": 1.4503006796830273,
    "coin": {
        "1070": 0.017396340287388568,
        "banzhang": 0.03732481218337236,
        "lsy": 0.07759590989321746,
        "lsy_2": 0.15608367605450915,
        "lsy_3": 0.16203781789814325,
        "master": 0.14917368635876377,
        "niu": 0.10128925819096928,
        "prol": 0.15748514558909016,
        "prol2": 0.10498033308935142,
        "prot": 0.02310498160720185,
        "putien": 0.1312278177721248,
        "yyl": 0.09269349984376611,
        "zaiton": 0.14321586074479992,
        "lee": 0.09669154017032924
    },
    "portion": {
        "1070": 0.011994988715850738,
        "banzhang": 0.025735913046341492,
        "lsy": 0.053503325882862135,
        "lsy_2": 0.1076215975356381,
        "lsy_3": 0.11172705092681724,
        "master": 0.10285707539719739,
        "niu": 0.06984017839190884,
        "prol": 0.10858792786576475,
        "prol2": 0.0723852195341283,
        "prot": 0.015931166502832775,
        "putien": 0.0904831802194325,
        "yyl": 0.06391329821621877,
        "zaiton": 0.09874908200146515,
        "lee": 0.06666999576354181
    }
}