{
    "sum": 2.3175177936123723,
    "coin": {
        "lsy": 0.12645737718677977,
        "lsy_2": 0.2699949586345197,
        "lsy_3": 0.2574515787517966,
        "master": 0.20335569599778647,
        "prol": 0.2216031988102114,
        "prol2": 0.17389479528842489,
        "putien": 0.2832205334779259,
        "zaiton": 0.2939819152865365,
        "niu": 0.1430211511516291,
        "lee": 0.13578617888950265,
        "yyl": 0.10309474325592631,
        "1070": 0.04522587309075892,
        "banzhang": 0.037324812183372365,
        "prot": 0.02310498160720185
    },
    "portion": {
        "lsy": 0.05456587109506828,
        "lsy_2": 0.11650178452941753,
        "lsy_3": 0.11108936443180462,
        "master": 0.0877471994209852,
        "prol": 0.0956209265883534,
        "prol2": 0.07503493425928384,
        "putien": 0.12220856912449551,
        "zaiton": 0.1268520639180507,
        "niu": 0.061713075751059714,
        "lee": 0.05859121309176633,
        "yyl": 0.04448498455549288,
        "1070": 0.019514790011715178,
        "banzhang": 0.01610551266801419,
        "prot": 0.009969710554492677
    }
}