{
    "sum": 1.7638777091525517,
    "coin": {
        "1070": 0.017396340287388568,
        "banzhang": 0.03732481218337236,
        "lsy": 0.10232961676419794,
        "lsy_2": 0.1934843928223339,
        "lsy_3": 0.20154382492623488,
        "master": 0.1673375659231708,
        "niu": 0.1283035263008321,
        "prol": 0.18604079909473176,
        "prol2": 0.13271621278489726,
        "prot": 0.02310498160720185,
        "putien": 0.16642454425907166,
        "yyl": 0.10309474325592632,
        "zaiton": 0.17860106810276624,
        "lee": 0.12617528084042598
    },
    "portion": {
        "1070": 0.00986255464147034,
        "banzhang": 0.021160657561291436,
        "lsy": 0.05801400869982183,
        "lsy_2": 0.10969263448274583,
        "lsy_3": 0.11426179030464977,
        "master": 0.09486914260261699,
        "niu": 0.07273946806804144,
        "prol": 0.10547261759099748,
        "prol2": 0.07524116445048804,
        "prot": 0.01309897023320429,
        "putien": 0.09435152074064687,
        "yyl": 0.05844778394838823,
        "zaiton": 0.10125479061049784,
        "lee": 0.07153289606513957
    }
}