{
    "sum": 1.425855551293869,
    "coin": {
        "1070": 0.017396340287388568,
        "banzhang": 0.03732481218337236,
        "lsy": 0.07596126647253966,
        "lsy_2": 0.15337386636818442,
        "lsy_3": 0.1591590225996278,
        "master": 0.14643825234833696,
        "niu": 0.10128925819096928,
        "prol": 0.15464948084681535,
        "prol2": 0.10212453559509249,
        "prot": 0.02310498160720185,
        "putien": 0.12883613299862653,
        "yyl": 0.09168416647199686,
        "zaiton": 0.1406813289864805,
        "lee": 0.0938321063372365
    },
    "portion": {
        "1070": 0.012200632996520962,
        "banzhang": 0.026177134247226216,
        "lsy": 0.05327416680014316,
        "lsy_2": 0.1075662020805739,
        "lsy_3": 0.111623524876136,
        "master": 0.10270202491090628,
        "niu": 0.07103753118543882,
        "prol": 0.10846083301108674,
        "prol2": 0.07162333905592419,
        "prot": 0.01620429333548943,
        "putien": 0.09035707220252172,
        "yyl": 0.06430116037266158,
        "zaiton": 0.09866450276735364,
        "lee": 0.06580758215801741
    }
}