{
    "sum": 2.175598553613801,
    "coin": {
        "lsy": 0.12644948485969393,
        "lsy_2": 0.2539891535679515,
        "lsy_3": 0.25588725930914996,
        "master": 0.20335569599778647,
        "prol": 0.2215752526686047,
        "prol2": 0.17383810270322028,
        "putien": 0.22009936802894156,
        "zaiton": 0.23731891431161267,
        "niu": 0.1430211511516291,
        "lee": 0.13578617888950265,
        "yyl": 0.10309474325592631,
        "1070": 0.040753455079207544,
        "banzhang": 0.037324812183372365,
        "prot": 0.02310498160720185
    },
    "portion": {
        "lsy": 0.058121699267382615,
        "lsy_2": 0.11674449458796529,
        "lsy_3": 0.11761694678648583,
        "master": 0.09347114873743612,
        "prol": 0.10184565176353642,
        "prol2": 0.07990357523195843,
        "putien": 0.10116727080156547,
        "zaiton": 0.10908212543045295,
        "niu": 0.06573875999046898,
        "lee": 0.062413251132178584,
        "yyl": 0.047386841237175716,
        "1070": 0.01873206571658801,
        "banzhang": 0.017156111876142587,
        "prot": 0.010620057440662974
    }
}