{
    "sum": 1.680896396688092,
    "coin": {
        "1070": 0.017396340287388568,
        "banzhang": 0.03732481218337236,
        "lsy": 0.0934196727218527,
        "lsy_2": 0.18064174229095892,
        "lsy_3": 0.18686824917876485,
        "master": 0.16543764349041734,
        "niu": 0.11930564429916408,
        "prol": 0.1820026753302808,
        "prol2": 0.1285618208770939,
        "prot": 0.02310498160720185,
        "putien": 0.15584810101140967,
        "yyl": 0.10047055150225795,
        "zaiton": 0.16791356938115373,
        "lee": 0.12260059252677555
    },
    "portion": {
        "1070": 0.010349442310463017,
        "banzhang": 0.022205302038194784,
        "lsy": 0.055577293702288595,
        "lsy_2": 0.10746750522333286,
        "lsy_3": 0.11117178283382341,
        "master": 0.09842227267330862,
        "niu": 0.0709773930946813,
        "prol": 0.10827715241039529,
        "prol2": 0.07648408380814078,
        "prot": 0.013745630993514005,
        "putien": 0.0927172556967108,
        "yyl": 0.05977200718629496,
        "zaiton": 0.09989525214760267,
        "lee": 0.07293762588124898
    }
}