{"workers": {"1070": 0.0014311264947760255, "banzhang": 0.0031219088514734396}, "sum": 0.004553035346249465}