{"workers": {"1070": 0.0009997879337189596, "syl": 0.0007809502314886294}, "sum": 0.001780738165207589}