{"workers": {"1070": 0.00042506785160469096, "banzhang": 0.000982969406835848, "syl": 0.0005800405058355679}, "sum": 0.001988077764276107}