{"workers": {"1070": 0.00105120380269848, "banzhang": 0.0027322037162647718, "putien": 0.0003380523242158108, "syl": 0.0006066418420859071}, "sum": 0.004728101685264969}