{"workers": {"1070": 0.0009711129380887177, "banzhang": 0.0014038915300630375}, "sum": 0.002375004468151755}