{"workers": {"1070": 0.0006231135030791929, "syl": 0.0006943264748596721}, "sum": 0.001317439977938865}