{"workers": {"1070": 0.0006084476995863152, "banzhang": 0.002359790402449628, "prot": 6.577812968500706e-05, "syl": 0.0005221139043747435}, "sum": 0.003556130136095694}