{"workers": {"1070": 0.0005662310017846021, "banzhang": 0.0027376994066867165}, "sum": 0.0033039304084713185}