{"workers": {"1070": 0.0013836285392482153, "banzhang": 0.0, "niu": 2.5387679619233306e-05, "putien": 0.0033829083092628384, "syl": 0.001770790653441523}, "sum": 0.00656271518157181}