{"workers": {"1070": 0.0008400291350763331, "banzhang": 0.00244372112022206, "prot": 0.0, "syl": 0.0005679742447391116}, "sum": 0.0038517245000375044}