{"workers": {"1070": 0.0012365573293869696, "banzhang": 0.0003860152509726519, "putien": 0.003166633584250229, "syl": 0.0007458599764556324}, "sum": 0.005535066141065483}