{"workers": {"1070": 0.0009957802926999014, "banzhang": 0.002894139766960305, "pan": 0.0, "syl": 0.000598449239947724}, "sum": 0.00448836929960793}